GEOID,pct_white,pct_black,pct_not_white,majority_not_white,median_ageE,median_incomeE,maj_anc_type,maj_anc_group
36047029500,0.1797937177684013,0.6847163619315518,0.8202062822315986,TRUE,33.3,36684,WestIndianexceptHispanicgroups,West Indies
36047030700,0.07377344877344877,0.7968975468975469,0.9262265512265512,TRUE,29.1,21039,WestIndianexceptHispanicgroups,West Indies
36047030900,0.04985888993414864,0.8095014111006585,0.9501411100658513,TRUE,33.5,31149,WestIndianexceptHispanicgroups,West Indies
36047031702,0.3282251323488437,0.5090554471997771,0.6717748676511563,TRUE,30.6,43216,WestIndianexceptHispanicgroups,West Indies
36047032700,0.25517241379310346,0.6563894523326572,0.7448275862068966,TRUE,43.4,35558,WestIndianexceptHispanicgroups,West Indies
36047033600,0.8606831882116543,0.035275731189997765,0.13931681178834562,FALSE,42.6,35665,Russian,Europe
36047034000,0.4606334841628959,0.3891402714932127,0.539366515837104,TRUE,61.3,12266,Russian,Europe
36047034300,0.09455587392550144,0.738872970391595,0.9054441260744985,TRUE,34.8,16366,WestIndianexceptHispanicgroups,West Indies
36047038800,0.7383663366336634,0.08267326732673268,0.26163366336633664,FALSE,32.1,35181,Russian,Europe
36047039500,0.34249263984298334,0.3348871442590775,0.6575073601570167,TRUE,31.1,26561,American,United States
36047039900,0.2218733647305076,0.4662480376766091,0.7781266352694924,TRUE,30.7,25716,American,United States
36047040200,0.4165208260413021,0.006650332516625832,0.583479173958698,TRUE,38.9,21203,Italian,Europe
36047040900,0.34210526315789475,0.2546689303904924,0.6578947368421053,TRUE,29.8,24059,American,United States
36047041600,0.85546875,0.01953125,0.14453125,FALSE,32.5,22500,Arab,Middle East
36047040000,0.43278195488721805,0.009924812030075189,0.567218045112782,TRUE,40.3,23558,Italian,Europe
36047042300,0.5135007105637138,0.08005684509711038,0.4864992894362861,FALSE,28.2,26966,Italian,Europe
36047042400,0.5553419390277397,0,0.44465806097226035,FALSE,39.2,22973,Italian,Europe
36047044200,0.8861016949152543,0,0.11389830508474576,FALSE,31.3,39167,American,United States
36047045200,0.9556057185854026,0.008276899924755455,0.04439428141459744,FALSE,28.9,37906,American,United States
36047046202,0.9049485546300833,0,0.0950514453699167,FALSE,26.5,23816,American,United States
36047047800,0.7783164389598942,0,0.22168356104010578,FALSE,25.5,20187,Polish,Europe
36047048000,0.6283801184651043,0.03219160442956477,0.3716198815348957,FALSE,28.7,17341,American,United States
36047048100,0.7599478147423353,0.0547945205479452,0.2400521852576647,FALSE,32.5,42008,Italian,Europe
36047050600,0.2687068813019636,0.42278436228551214,0.7312931186980365,TRUE,33.2,28811,WestIndianexceptHispanicgroups,West Indies
36047051700,0.7928034796362199,0.024120205614867538,0.20719652036378014,FALSE,32.8,80208,German,Europe
36047051800,0.35445420326223337,0.479297365119197,0.6455457967377666,TRUE,41.3,43952,WestIndianexceptHispanicgroups,West Indies
36047052000,0.37072376076332325,0.20991389341400976,0.6292762392366767,TRUE,34.1,30895,WestIndianexceptHispanicgroups,West Indies
36047053200,0.6251824817518248,0.08065693430656934,0.37481751824817516,FALSE,37.4,31125,American,United States
36047054600,0.8169133192389006,0.04630021141649049,0.18308668076109938,FALSE,38.8,25315,Russian,Europe
36047014200,0.7132486388384754,0.022141560798548093,0.2867513611615245,FALSE,40.1,33529,Greek,Europe
36047043700,0.3834339948231234,0.3066436583261432,0.6165660051768767,TRUE,30.1,28831,WestIndianexceptHispanicgroups,West Indies
36047043900,0.30868861305990286,0.3273070696168376,0.6913113869400972,TRUE,35,21517,WestIndianexceptHispanicgroups,West Indies
36047044100,0.4416961130742049,0.11503729878288182,0.558303886925795,TRUE,32,25252,American,United States
36047044400,0.859214501510574,0.0256797583081571,0.14078549848942598,FALSE,35.9,27269,American,United States
36047045400,0.8060790273556231,0.01641337386018237,0.1939209726443769,FALSE,37.4,26719,American,United States
36047046201,0.8470195914964569,0.005835764902042517,0.15298040850354314,FALSE,43.3,24212,American,United States
36047046400,0.9291907514450867,0.030346820809248554,0.0708092485549133,FALSE,18.4,30055,Hungarian,Europe
36047050000,0.6814701378254211,0.05717202654415518,0.31852986217457885,FALSE,38.5,58704,Irish,Europe
36047077200,0.42230662983425415,0.4485497237569061,0.5776933701657458,TRUE,39.9,36758,WestIndianexceptHispanicgroups,West Indies
36047075600,0.8336673346693386,0.028557114228456915,0.16633266533066132,FALSE,37.4,47692,Polish,Europe
36047072200,0.02289316522893165,0.9190444591904446,0.9771068347710683,TRUE,39.5,31226,WestIndianexceptHispanicgroups,West Indies
36047073400,0.04849084611578427,0.9045027214250371,0.9515091538842158,TRUE,39.3,32333,WestIndianexceptHispanicgroups,West Indies
36047074400,0.8775887573964497,0.08025147928994082,0.1224112426035503,FALSE,26.3,44143,EasternEuropean,Europe
36047078600,0.08981670061099796,0.7215885947046843,0.910183299389002,TRUE,38.2,29314,WestIndianexceptHispanicgroups,West Indies
36047082400,0.03087248322147651,0.8982102908277405,0.9691275167785235,TRUE,35.1,30507,WestIndianexceptHispanicgroups,West Indies
36047083800,0.01358695652173913,0.9252717391304348,0.9864130434782609,TRUE,50.1,32173,WestIndianexceptHispanicgroups,West Indies
36047065000,0.3217005076142132,0.4815989847715736,0.6782994923857868,TRUE,44.7,26286,WestIndianexceptHispanicgroups,West Indies
36047058800,0.6842568161829375,0.026971562591615362,0.31574318381706246,FALSE,44.1,34962,Russian,Europe
36047059300,0.8368277119416591,0.032816773017319965,0.16317228805834094,FALSE,33.8,48848,Polish,Europe
36047064000,0.8299888517279822,0,0.17001114827201783,FALSE,36.1,51941,Italian,Europe
36047068800,0.323618700667881,0.5282331511839709,0.676381299332119,TRUE,47.8,41344,WestIndianexceptHispanicgroups,West Indies
36047075200,0.9875835721107927,0.0066857688634192934,0.012416427889207259,FALSE,43.1,50966,American,United States
36047076400,0.36435124508519,0.5035386631716907,0.63564875491481,TRUE,35,28509,WestIndianexceptHispanicgroups,West Indies
36047077400,0.16104972375690607,0.6911602209944752,0.8389502762430939,TRUE,31,34344,WestIndianexceptHispanicgroups,West Indies
36047078200,0.01610337972166998,0.9409542743538767,0.98389662027833,TRUE,37.4,36094,WestIndianexceptHispanicgroups,West Indies
36047079000,0.028913829180140765,0.8752140003804452,0.9710861708198593,TRUE,36.7,28093,WestIndianexceptHispanicgroups,West Indies
36047079200,0.14379868184541642,0.6998202516476932,0.8562013181545836,TRUE,35.3,27865,WestIndianexceptHispanicgroups,West Indies
36047079400,0.1030557219892151,0.8166566806470941,0.8969442780107849,TRUE,40.4,24458,WestIndianexceptHispanicgroups,West Indies
36047083600,0.004541326067211626,0.963669391462307,0.9954586739327884,TRUE,43.9,35169,WestIndianexceptHispanicgroups,West Indies
36047085800,0.010358221838584376,0.9641778161415624,0.9896417781614156,TRUE,41.6,28773,WestIndianexceptHispanicgroups,West Indies
36047086200,0.05339629495096258,0.8637849618597894,0.9466037050490375,TRUE,33.6,28864,WestIndianexceptHispanicgroups,West Indies
36047088000,0.03906810035842294,0.9419354838709677,0.9609318996415771,TRUE,35.7,34049,WestIndianexceptHispanicgroups,West Indies
36047093800,0.007949790794979079,0.9719665271966528,0.992050209205021,TRUE,38.1,33717,WestIndianexceptHispanicgroups,West Indies
36047089800,0.05885997521685254,0.8952912019826518,0.9411400247831475,TRUE,40.5,25385,WestIndianexceptHispanicgroups,West Indies
36047091800,0.05542935029532031,0.7764652430713312,0.9445706497046797,TRUE,36.1,19549,WestIndianexceptHispanicgroups,West Indies
36047092000,0.028389988793425476,0.8543145311916325,0.9716100112065745,TRUE,39.7,16014,WestIndianexceptHispanicgroups,West Indies
36047098200,0.05754908598510494,0.8492439629880388,0.942450914014895,TRUE,29.8,17002,WestIndianexceptHispanicgroups,West Indies
36047094401,0.023132145705929273,0.9292741292209519,0.9768678542940707,TRUE,44.7,30719,WestIndianexceptHispanicgroups,West Indies
36047096600,0.04365671641791045,0.7985074626865671,0.9563432835820895,TRUE,32.4,31861,WestIndianexceptHispanicgroups,West Indies
36047100800,0.09027454630060493,0.7975802698929735,0.9097254536993951,TRUE,35.1,33917,WestIndianexceptHispanicgroups,West Indies
36047116400,0.14849785407725322,0.7050071530758226,0.8515021459227468,TRUE,32.1,30000,WestIndianexceptHispanicgroups,West Indies
36047116800,0.34592445328031807,0.36033797216699803,0.6540755467196819,TRUE,33.3,32233,WestIndianexceptHispanicgroups,West Indies
36047118202,0.47366751269035534,0.26364213197969544,0.5263324873096447,TRUE,31.5,31763,WestIndianexceptHispanicgroups,West Indies
36047119000,0.2826603325415677,0.497624703087886,0.7173396674584323,TRUE,26.8,26842,Guyanese,South America
36047119600,0.2315594822272447,0.5309225395520855,0.7684405177727552,TRUE,35.6,30865,Guyanese,South America
36047120200,0.08168442415017757,0.626078132927448,0.9183155758498224,TRUE,34.4,22489,Guyanese,South America
36047039700,0.30845771144278605,0.530582382206614,0.6915422885572139,TRUE,33.7,25920,SubsaharanAfrican,Sub-Saharan Africa
36047039800,0.4176105224698575,0,0.5823894775301425,TRUE,39.4,20467,Italian,Europe
36047040500,0.2119760479041916,0.3311377245508982,0.7880239520958083,TRUE,30.1,32500,SubsaharanAfrican,Sub-Saharan Africa
36047040700,NaN,NaN,NaN,NA,NA,NA,Afghan,Middle East
36047041000,0.6894083969465649,0.01097328244274809,0.31059160305343514,FALSE,36.8,25475,Italian,Europe
36047042600,0.3946753853339561,0.018916394208313873,0.6053246146660439,TRUE,42.1,20071,Italian,Europe
36047016900,0.8003198081151309,0.007395562662402559,0.19968019188486907,FALSE,35,46667,Irish,Europe
36047036400,0.6541859486748002,0.01809002944888515,0.3458140513251998,FALSE,40.8,22753,Russian,Europe
36047037300,0.19542965960485598,0.6867412520828374,0.804570340395144,TRUE,27.8,27351,WestIndianexceptHispanicgroups,West Indies
36047008000,0.50533902829685,0.02642819006940737,0.49466097170315004,FALSE,36.2,23148,American,United States
36047008800,0.5743550834597876,0.045144157814871015,0.42564491654021247,FALSE,39.5,34187,Polish,Europe
36047009200,0.2607621736062103,0.03987297106563162,0.7392378263937897,TRUE,33.9,17593,American,United States
36047009800,0.21206503137478608,0.024671990872789505,0.787934968625214,TRUE,33.3,19864,Italian,Europe
36047010100,0.38230219373921615,0.03253635691397584,0.6176978062607839,TRUE,33.7,31892,Italian,Europe
36047012801,0.30320315928038616,0.01228609039052216,0.6967968407196139,TRUE,43.2,16824,American,United States
36047013100,0.6538097491717937,0.07524846190250828,0.3461902508282063,FALSE,34.4,66829,German,Europe
36047013500,0.7461734693877551,0.02295918367346939,0.2538265306122449,FALSE,36,80543,Irish,Europe
36047014000,0.718544719555331,0.033855482566953005,0.281455280444669,FALSE,39.6,35625,Italian,Europe
36047014100,0.65150016485328055,0.05242334322453017,0.3484998351467194,FALSE,33.9,54511,Italian,Europe
36047017700,NaN,NaN,NaN,NA,NA,NA,Afghan,Middle East
36047018100,0.5460645161290323,0.27819354838709676,0.4539354838709677,FALSE,38.3,67582,English,Europe
36047018600,0.5024455313472654,0,0.49755446865273456,FALSE,40,22986,Italian,Europe
36047019300,0.38452579034941764,0.4557404326123128,0.6154742096505824,TRUE,30.4,27413,WestIndianexceptHispanicgroups,West Indies
36047035400,0.9776485553334545,0.009631110303470834,0.022351444666545522,FALSE,58,28534,Russian,Europe
36047087401,0.05649717514124294,0.8972289480764057,0.943502824858757,TRUE,39.4,19684,WestIndianexceptHispanicgroups,West Indies
36047088400,0.018896285162121537,0.9555507837663731,0.9811037148378785,TRUE,36,24942,WestIndianexceptHispanicgroups,West Indies
36047089600,0.030236220472440945,0.9058267716535433,0.9697637795275591,TRUE,44,23193,WestIndianexceptHispanicgroups,West Indies
36047090800,0.13215160685977806,0.6766104626026805,0.8678483931402219,TRUE,31,9021,WestIndianexceptHispanicgroups,West Indies
36047093400,0.02575107296137339,0.9450643776824035,0.9742489270386266,TRUE,44.5,36689,WestIndianexceptHispanicgroups,West Indies
36047095400,0.012529550827423169,0.9515366430260047,0.9874704491725769,TRUE,39.4,39273,WestIndianexceptHispanicgroups,West Indies
36047096800,0.07338864071474155,0.774728781110402,0.9266113592852585,TRUE,32,35625,WestIndianexceptHispanicgroups,West Indies
36047097000,0.06860632183908046,0.8710488505747126,0.9313936781609196,TRUE,35.5,34883,WestIndianexceptHispanicgroups,West Indies
36047099400,0.09675675675675675,0.8145945945945946,0.9032432432432432,TRUE,42.1,39044,WestIndianexceptHispanicgroups,West Indies
36047100400,0.04650283553875236,0.9255198487712666,0.9534971644612477,TRUE,37.1,40469,WestIndianexceptHispanicgroups,West Indies
36047020100,0.5422794117647058,0.3164390756302521,0.4577205882352941,FALSE,34.5,59969,Irish,Europe
36047118000,NaN,NaN,NaN,NA,NA,NA,Afghan,Middle East
36047121000,0.27688564476885646,0.6155717761557178,0.7231143552311435,TRUE,33.8,12046,SubsaharanAfrican,Sub-Saharan Africa
36047019700,0.5455048409405255,0.3463347164591978,0.4544951590594744,FALSE,40.9,67997,Italian,Europe
36047021500,0.4083694083694084,0.42784992784992787,0.5916305916305916,TRUE,37.6,54008,WestIndianexceptHispanicgroups,West Indies
36047027200,0.4794007490636704,0,0.5205992509363296,TRUE,36.5,21433,Ukrainian,Europe
36047035500,0.2041310011164868,0.7482322292519539,0.7958689988835133,TRUE,33.7,23432,WestIndianexceptHispanicgroups,West Indies
36047036502,0.07996894409937888,0.6832298136645962,0.9200310559006211,TRUE,29.4,21742,WestIndianexceptHispanicgroups,West Indies
36047039300,0.4496042216358839,0.2899736147757256,0.5503957783641161,TRUE,30.2,28987,Italian,Europe
36047117400,0.5104143337066069,0.24972004479283313,0.48958566629339306,FALSE,30.9,27379,Guyanese,South America
36047117602,0.4256666666666667,0.23633333333333334,0.5743333333333334,TRUE,32.8,26519,Guyanese,South America
36047122000,0.054413102820746136,0.8948134667879891,0.9455868971792538,TRUE,33.1,33696,WestIndianexceptHispanicgroups,West Indies
36047031300,0.17796791443850268,0.7486631016042781,0.8220320855614973,TRUE,43.3,31563,WestIndianexceptHispanicgroups,West Indies
36047101400,0.0627485638532921,0.8197083517454706,0.9372514361467079,TRUE,40.3,36233,WestIndianexceptHispanicgroups,West Indies
36047111800,0.16936450839328537,0.7275179856115108,0.8306354916067147,TRUE,33.4,30146,WestIndianexceptHispanicgroups,West Indies
36047115800,0.09443269908386187,0.6878083157152924,0.9055673009161381,TRUE,32.7,23118,WestIndianexceptHispanicgroups,West Indies
36047040300,0.24437211825332247,0.618931380526173,0.7556278817466775,TRUE,30.9,30191,WestIndianexceptHispanicgroups,West Indies
36047042800,0.6081464294921372,0.018561484918793503,0.39185357050786285,FALSE,43.8,26444,Russian,Europe
36047047000,0.9383308714918759,7.385524372230429e-4,0.061669128508124074,FALSE,20.7,27083,Hungarian,Europe
36047019800,0.46733668341708545,0.003908431044109436,0.5326633165829145,TRUE,41.7,33000,Italian,Europe
36047029700,0.11388063114566659,0.8115710038874914,0.8861193688543334,TRUE,35.5,40833,WestIndianexceptHispanicgroups,West Indies
36047033500,0.6908384590482357,0.2618970540628035,0.30916154095176435,FALSE,25.1,24091,WestIndianexceptHispanicgroups,West Indies
36047039100,0.4554277498202732,0.2764198418404026,0.5445722501797268,TRUE,29.4,35436,Irish,Europe
36047086800,0.03729323308270677,0.8333834586466166,0.9627067669172933,TRUE,38.4,27402,WestIndianexceptHispanicgroups,West Indies
36047091600,0.07367309215738051,0.8331132822814893,0.9263269078426195,TRUE,32.8,15898,WestIndianexceptHispanicgroups,West Indies
36047101200,0.07248322147651007,0.8447427293064877,0.9275167785234899,TRUE,40.5,35244,WestIndianexceptHispanicgroups,West Indies
36047007200,0.36084656084656086,0.02962962962962963,0.6391534391534391,TRUE,32.3,22225,American,United States
36047010000,0.2699902881191324,0.0066364519261897055,0.7300097118808676,TRUE,32.8,18290,American,United States
36047013800,0.7126175802789491,0.032435939020434644,0.28738241972105094,FALSE,40.6,31885,Arab,Middle East
36047028300,0.3192076228686058,0.5105315947843531,0.6807923771313942,TRUE,31.4,15557,WestIndianexceptHispanicgroups,West Indies
36047036900,0.11427120365667852,0.7166074149314373,0.8857287963433215,TRUE,28.2,26982,WestIndianexceptHispanicgroups,West Indies
36047100600,0.0688,0.8616,0.9312,TRUE,36.1,37700,WestIndianexceptHispanicgroups,West Indies
36047116000,0.09395973154362416,0.7991051454138702,0.9060402684563759,TRUE,36.9,16907,WestIndianexceptHispanicgroups,West Indies
36047119200,0.243048403707518,0.4843803638860282,0.756951596292482,TRUE,37.5,25978,WestIndianexceptHispanicgroups,West Indies
36047019600,0.49633699633699635,0.009157509157509158,0.50366300366300365,TRUE,39.4,20755,Italian,Europe
36047023400,0.9670161642638707,0.002402795980777632,0.03298383573612931,FALSE,20.1,17953,American,United States
36047026500,0.27511901779002756,0.5517414181909296,0.7248809822099724,TRUE,34.5,33750,WestIndianexceptHispanicgroups,West Indies
36047040600,0.3309748427672956,0.006289308176100629,0.6690251572327044,TRUE,36.9,21358,Italian,Europe
36047047600,0.871578947368421,0.03763157894736842,0.12842105263157894,FALSE,27,16828,American,United States
36047054200,0.8276785714285714,0.018526785714285714,0.17232142857142857,FALSE,30.5,25817,American,United States
36047021900,0.2710201793721973,0.593609865470852,0.7289798206278026,TRUE,35.1,35351,WestIndianexceptHispanicgroups,West Indies
36047040100,0.2694856421584096,0.45913537393499526,0.7305143578415904,TRUE,31.8,24677,WestIndianexceptHispanicgroups,West Indies
36047025300,0.43511676027194796,0.47827372154892106,0.564883239728052,TRUE,30.8,29775,Irish,Europe
36047116200,0.04088734232274902,0.8064375815571988,0.959112657677251,TRUE,38.5,20804,WestIndianexceptHispanicgroups,West Indies
36047116600,0.22830578512396693,0.571969696969697,0.7716942148760331,TRUE,30.3,30064,WestIndianexceptHispanicgroups,West Indies
36047033100,0.6119586614173228,0.3858267716535433,0.38804133858267714,FALSE,30.5,21971,WestIndianexceptHispanicgroups,West Indies
36047035700,0.05819672131147541,0.8213114754098361,0.9418032786885245,TRUE,29.2,21401,WestIndianexceptHispanicgroups,West Indies
36047117000,0.30913978494623656,0.36075268817204303,0.6908602150537635,TRUE,26.9,22060,Guyanese,South America
36047117201,0.2554470323065364,0.17430503380916604,0.7445529676934636,TRUE,32,26789,American,United States
36047090000,0.08011243851018975,0.7786366830639494,0.9198875614898102,TRUE,38.5,16070,WestIndianexceptHispanicgroups,West Indies
36047099600,0.06756393001345895,0.8912516823687753,0.932436069986541,TRUE,37.9,32209,WestIndianexceptHispanicgroups,West Indies
36047000501,0.7639737497171306,0.047069472731387195,0.23602625028286942,FALSE,32.5,62056,Irish,Europe
36047000502,0.842023346303502,0.04941634241245136,0.15797665369649805,FALSE,39.3,88042,Irish,Europe
36047001500,0.3694362017804154,0.25531651829871416,0.6305637982195845,TRUE,31.2,58253,Irish,Europe
36047004400,0.8391079251294306,0.007566706491437674,0.1608920748705695,FALSE,44.8,53477,Italian,Europe
36047005300,0.6748329621380846,0.13051224944320713,0.32516703786191536,FALSE,37.7,52440,Italian,Europe
36047016600,0.8856682769726248,0,0.1143317230273752,FALSE,45.5,44231,Italian,Europe
36047011900,0.7429193899782135,0.04429920116194626,0.2570806100217865,FALSE,35.4,46295,Italian,Europe
36047012600,0.32492997198879553,0.04796918767507003,0.6750700280112045,TRUE,33.7,21026,Arab,Middle East
36047015200,0.6498740554156172,0.04869857262804366,0.3501259445843829,FALSE,44,38813,Italian,Europe
36047021100,0.31378763866877973,0.3861595351294242,0.6862123613312203,TRUE,32.6,32167,Italian,Europe
36047027100,0.11135135135135135,0.7873873873873873,0.8886486486486487,TRUE,34,33058,WestIndianexceptHispanicgroups,West Indies
36047030500,0.4521259842519685,0.40503937007874014,0.5478740157480315,TRUE,33.9,42029,Irish,Europe
36047034800,0.3877261440227031,0.0415040794608017,0.6122738559772969,TRUE,30.5,23638,Russian,Europe
36047035601,0.9097199341021417,0.0672158154859967,0.09028006589785832,FALSE,53.9,21702,Russian,Europe
36047035602,0.9641693811074918,3.832151753209427e-4,0.035830618892508145,FALSE,55.6,24453,Russian,Europe
36047037401,0.7317130722038697,0.056630486078338836,0.2682869277961302,FALSE,38.5,28782,Italian,Europe
36047037402,0.5755198116908592,0.04393879952922715,0.42448018830914086,FALSE,40.9,22714,Russian,Europe
36047015900,0.8091832894241626,0.03631915694392172,0.1908167105758374,FALSE,35.7,73633,Italian,Europe
36047016700,0.8781413849213524,0.017899114084252394,0.12185861507864762,FALSE,37,74523,German,Europe
36047003100,0.45928123969666995,0.2835476425980877,0.54071876030333,TRUE,37,36034,Irish,Europe
36047004300,0.6859267734553776,0.10697940503432495,0.31407322654462244,FALSE,33.6,72264,Irish,Europe
36047005100,0.7334288785381584,0.04550340379792189,0.26657112146184164,FALSE,38.5,69293,German,Europe
36047006900,0.8332867132867133,0.04587412587412588,0.16671328671328672,FALSE,35.3,80898,Italian,Europe
36047044800,0.7709923664122137,0,0.22900763358778625,FALSE,35.2,27105,American,United States
36047045000,0.9664804469273743,0,0.0335195530726257,FALSE,22.9,25096,American,United States
36047045800,0.9628647214854111,0.023872679045092837,0.03713527851458886,FALSE,38.4,35156,American,United States
36047044000,0.8763102725366876,0.02480782669461915,0.12368972746331237,FALSE,31.1,27808,American,United States
36047042100,0.39209654519640325,0.15144344533838144,0.6079034548035968,TRUE,30.4,21425,Irish,Europe
36047042500,0.49420103092783507,0.13434278350515463,0.5057989690721649,TRUE,28.4,40423,Irish,Europe
36047043200,0.40527411519777934,0.007633587786259542,0.5947258848022207,TRUE,39.3,24274,American,United States
36047044700,0.4634146341463415,0.19091673675357443,0.5365853658536586,TRUE,31.1,22013,Irish,Europe
36047045600,0.6864478114478114,0.008838383838383838,0.3135521885521885,FALSE,31.4,22468,American,United States
36047092200,0.02147117296222664,0.9646123260437376,0.9785288270377733,TRUE,50.1,25824,WestIndianexceptHispanicgroups,West Indies
36047094402,0.07943625880845612,0.8600256245996156,0.9205637411915438,TRUE,30.3,17634,WestIndianexceptHispanicgroups,West Indies
36047096400,0.05031091011871114,0.8694177501413228,0.9496890898812889,TRUE,44.7,36589,WestIndianexceptHispanicgroups,West Indies
36047101600,0.03218645948945616,0.9211986681465039,0.9678135405105438,TRUE,37.9,41224,WestIndianexceptHispanicgroups,West Indies
36047101800,0.04093816631130064,0.7918976545842218,0.95906183368869935,TRUE,39.9,46563,WestIndianexceptHispanicgroups,West Indies
36047102000,0.12301075268817205,0.850752688172043,0.8769892473118279,TRUE,35.7,47283,WestIndianexceptHispanicgroups,West Indies
36047107800,0.04814636494944632,0.8396726047183438,0.9518536350505536,TRUE,47.9,31573,WestIndianexceptHispanicgroups,West Indies
36047110600,0.06511394941147007,0.7255196594039569,0.9348860505885299,TRUE,31.1,15496,SubsaharanAfrican,Sub-Saharan Africa
36047038200,0.10649644473173885,0.4242081447963801,0.8935035552682612,TRUE,34,12994,American,United States
36047038900,0.44054776219104874,0.09385437541750168,0.5594522378089513,TRUE,32.3,30109,Polish,Europe
36047043400,0.5895544408380053,0.031572735320153436,0.4104455591619947,FALSE,40.5,21504,Russian,Europe
36047043500,0.2620114006514658,0.23127035830618892,0.7379885993485342,TRUE,31.8,25625,German,Europe
36047031100,0.07505003335557038,0.8105403602401601,0.9249499666444296,TRUE,30.6,24032,WestIndianexceptHispanicgroups,West Indies
36047031400,0.7500973141300117,0.004281821720513819,0.24990268586998832,FALSE,46.3,33581,Italian,Europe
36047034100,0.14130064691862446,0.7766428328226082,0.8586993530813756,TRUE,40.6,30277,WestIndianexceptHispanicgroups,West Indies
36047118201,0.5026232948583421,0.24623994403637636,0.49737670514165794,FALSE,33.3,31490,WestIndianexceptHispanicgroups,West Indies
36047035300,0.2241209978393243,0.6501669613042624,0.7758790021606757,TRUE,34.5,26852,WestIndianexceptHispanicgroups,West Indies
36047064600,0.8711362646930779,0.02089682194166304,0.12886373530692208,FALSE,30.9,41118,Italian,Europe
36047065400,0.7940780619111709,0.023553162853297442,0.20592193808882908,FALSE,49.8,37500,Italian,Europe
36047095600,0.09825952853051333,0.8618638466622605,0.9017404714694867,TRUE,33.3,32388,WestIndianexceptHispanicgroups,West Indies
36047096000,NaN,NaN,NaN,NA,NA,NA,Afghan,Middle East
36047098600,0.02971968929415738,0.9159067882472138,0.9702803107058426,TRUE,38,31370,WestIndianexceptHispanicgroups,West Indies
36047102600,0.03103207810320781,0.9236401673640168,0.9689679218967922,TRUE,38.1,40250,WestIndianexceptHispanicgroups,West Indies
36047103400,0.060796139927623644,0.7500603136308805,0.9392038600723763,TRUE,29,17127,WestIndianexceptHispanicgroups,West Indies
36047107000,0.07113821138211382,0.7815040650406504,0.9288617886178862,TRUE,34.5,34659,WestIndianexceptHispanicgroups,West Indies
36047114201,0.30941176470588233,0.23352941176470587,0.6905882352941176,TRUE,37,22292,WestIndianexceptHispanicgroups,West Indies
36047004100,0.7300933552992861,0.10928061504667765,0.2699066447007139,FALSE,37.2,72670,American,United States
36047005201,0.7899159663865546,0.006602641056422569,0.21008403361344538,FALSE,60.2,32468,Italian,Europe
36047005601,0.8428107229894395,0.0662063363119415,0.1571892770105605,FALSE,47,44402,Italian,Europe
36047005602,0.7528019925280199,0.019302615193026153,0.24719800747198006,FALSE,43.4,45846,Italian,Europe
36047005800,0.7005174644243208,0.017141009055627425,0.29948253557567917,FALSE,37.4,30625,Irish,Europe
36047005900,0.656025538707103,0.09816440542697526,0.34397446129289705,FALSE,34.5,36432,Italian,Europe
36047006400,0.7860875244937949,0.018615284128020902,0.2139124755062051,FALSE,46,37669,Irish,Europe
36047009400,0.18636969350847135,0.018275271273557967,0.8136303064915287,TRUE,34.4,19306,American,United States
36047010400,0.09119731443491234,0.011376352107422603,0.9088026855650877,TRUE,35,17710,Turkish,Europe
36047013000,0.5252585521081942,0.04295942720763723,0.4747414478918059,FALSE,34,28802,Arab,Middle East
36047013200,0.3181818181818182,0.03272727272727273,0.6818181818181818,TRUE,33.3,25536,American,United States
36047020600,0.6855606123293339,0.004551096400496483,0.3144393876706661,FALSE,47,46042,Italian,Europe
36047021000,0.3274741150975199,0.011317120154105466,0.6725258849024801,TRUE,37.8,21258,Italian,Europe
36047022200,0.9487699721024601,0,0.05123002789753994,FALSE,22.1,21277,American,United States
36047022700,0.34783798576902025,0.5292829775588396,0.6521620142309797,TRUE,34.3,45974,WestIndianexceptHispanicgroups,West Indies
36047023000,0.8494365859506113,0.028050827139774633,0.15056341404938864,FALSE,18.8,19950,Polish,Europe
36047024800,0.42560931247726447,0.01345943979628956,0.5743906875227356,TRUE,32.1,25084,Italian,Europe
36047025200,0.42288152814468605,0.02418207681365576,0.577118471855314,TRUE,37.8,23059,American,United States
36047025700,0.37312734082397003,0.3389513108614232,0.62687265917603,TRUE,30.2,28427,SubsaharanAfrican,Sub-Saharan Africa
36047026200,0.3756862745098039,0.01647058823529412,0.624313725490196,TRUE,41.4,20990,Italian,Europe
36047026700,0.29010989010989013,0.5907203907203907,0.7098901098901099,TRUE,38.8,33611,WestIndianexceptHispanicgroups,West Indies
36047051100,0.5361332707648991,0.1306898169873299,0.4638667292351009,FALSE,35.9,23958,Polish,Europe
36047051500,0.7107907383136741,0.07164700742682394,0.2892092616863259,FALSE,31.8,83556,Italian,Europe
36047052700,0.47641144624903325,0.0822892498066512,0.5235885537509667,TRUE,30.9,25588,American,United States
36047052900,0.94436979306638,0.017737167428110722,0.055630206933619995,FALSE,22.7,21362,Hungarian,Europe
36047054700,0.8218221895664952,0.047391623806024984,0.17817781043350478,FALSE,26.6,27079,Hungarian,Europe
36047055600,0.8259923871669386,0.008156606851549755,0.17400761283306146,FALSE,32.6,27927,American,United States
36047056400,0.7860262008733624,0.0166732830488289,0.21397379912663755,FALSE,43.6,45845,Russian,Europe
36047057000,0.6325128792215227,0.028620492272467088,0.3674871207784774,FALSE,50.3,34221,Russian,Europe
36047057900,0.6615935541629364,0.10922112802148612,0.3384064458370636,FALSE,36.4,38819,Polish,Europe
36047058400,0.6831625183016106,0.06383601756954611,0.31683748169838943,FALSE,41.1,29258,Russian,Europe
36047058600,0.24233023095484316,0.007583591864874182,0.7576697690451568,TRUE,37.7,22098,American,United States
36047000200,0.45132743362831856,0.038616251005631534,0.5486725663716814,TRUE,32.2,19482,Arab,Middle East
36047000700,0.8082294264339153,0.014713216957605985,0.1917705735660848,FALSE,36.1,89817,Irish,Europe
36047064200,0.8036028119507909,0.03910369068541301,0.19639718804920914,FALSE,43.3,38021,Russian,Europe
36047068000,0.12167466201482774,0.737025730484082,0.8783253379851723,TRUE,37.2,36917,WestIndianexceptHispanicgroups,West Indies
36047072400,0.051059206952743075,0.9250407387289517,0.948940793047257,TRUE,42,35679,WestIndianexceptHispanicgroups,West Indies
36047072800,0.06822356336919444,0.8874311204408292,0.9317764366308056,TRUE,44.2,29375,WestIndianexceptHispanicgroups,West Indies
36047075000,0.7971228329029878,0.11471781630394688,0.20287716709701217,FALSE,34.1,31648,American,United States
36047076000,0.8906048906048906,0.04086229086229086,0.1093951093951094,FALSE,29.5,35093,American,United States
36047081600,0.0586863583365721,0.7788573649436455,0.9413136416634279,TRUE,37.1,30156,WestIndianexceptHispanicgroups,West Indies
36047082800,0.06279591328183404,0.8567156740593073,0.9372040867181659,TRUE,32.6,31304,WestIndianexceptHispanicgroups,West Indies
36047083200,0,0.9664911440880805,1,TRUE,39.1,25845,WestIndianexceptHispanicgroups,West Indies
36047085000,0.009836065573770493,0.9849180327868853,0.9901639344262295,TRUE,37.3,32802,WestIndianexceptHispanicgroups,West Indies
36047037100,0.07089715536105033,0.812472647702407,0.9291028446389497,TRUE,32.7,35443,WestIndianexceptHispanicgroups,West Indies
36047037900,0.12248581743166581,0.8078906652913873,0.8775141825683342,TRUE,31.3,29572,WestIndianexceptHispanicgroups,West Indies
36047041200,0.5918560606060606,0,0.4081439393939394,FALSE,37.2,31721,Italian,Europe
36047041300,0.2552332912988651,0.5069356872635561,0.7447667087011349,TRUE,33.4,34067,WestIndianexceptHispanicgroups,West Indies
36047041402,0.9149177538287011,0,0.08508224617129892,FALSE,40.9,27754,Arab,Middle East
36047041700,0.2982908739116414,0.3869719445340213,0.7017091260883586,TRUE,36,16240,Irish,Europe
36047042200,0.692414947016174,0.02509760178471835,0.307585052983826,FALSE,32.6,24839,Arab,Middle East
36047042700,0.5264612954186414,0.07819905213270142,0.4735387045813586,FALSE,28.6,31020,Italian,Europe
36047043600,0.6368106028217186,0.011543394613082514,0.3631893971782813,FALSE,37.2,22148,American,United States
36047044300,0.40925408855205425,0.07120063821300358,0.5907459114479457,TRUE,32.9,27460,Italian,Europe
36047044600,0.4785812989405804,0.012897282358360202,0.5214187010594197,TRUE,36.6,25068,Italian,Europe
36047060800,0.7578855140186916,0.04293224299065421,0.2421144859813084,FALSE,40.7,27437,Russian,Europe
36047005400,0.7818696883852692,0.019515265974189486,0.21813031161473087,FALSE,44.1,50795,Italian,Europe
36047006200,0.7196296296296296,0.03333333333333333,0.2803703703703704,FALSE,37.9,42037,Arab,Middle East
36047024300,0.3683073229291717,0.499639855942377,0.6316926770708283,TRUE,36.4,41875,WestIndianexceptHispanicgroups,West Indies
36047006500,0.8806915439917836,0.015405682985279013,0.11930845600821637,FALSE,37.2,75977,Italian,Europe
36047001100,0.7387785136129507,0.052980132450331126,0.2612214863870493,FALSE,32,92692,Irish,Europe
36047003500,0.46035940803382663,0.33985200845665964,0.5396405919661733,TRUE,38.6,55167,English,Europe
36047025902,0.18746486790331646,0.5337268128161888,0.8125351320966835,TRUE,26.1,11190,Guyanese,South America
36047027000,0.572289156626506,0.014365152919369786,0.42771084337349397,FALSE,43.1,20768,Italian,Europe
36047027300,0.1037081700331625,0.8444377449502563,0.8962918299668375,TRUE,38.3,27130,WestIndianexceptHispanicgroups,West Indies
36047063200,0.8428927680798005,0.013092269326683292,0.1571072319201995,FALSE,51.4,36786,Italian,Europe
36047064400,0.7239324726911619,0.026812313803376366,0.27606752730883816,FALSE,30.4,37764,Irish,Europe
36047065800,0.7030056036678554,0.015282730514518594,0.2969943963321447,FALSE,46.1,40507,Italian,Europe
36047066000,0.7628865979381443,0.005378753922008068,0.23711340206185566,FALSE,43,44389,Italian,Europe
36047067000,0.26662049861495846,0.5768698060941828,0.7333795013850416,TRUE,39.5,45227,WestIndianexceptHispanicgroups,West Indies
36047069000,0.18546132339235788,0.6696178937558248,0.8145386766076421,TRUE,36.8,40772,WestIndianexceptHispanicgroups,West Indies
36047069200,0.08875942426319397,0.752570253598355,0.9112405757368061,TRUE,36,42290,WestIndianexceptHispanicgroups,West Indies
36047112000,0.30182529335071706,0.6492829204693612,0.6981747066492829,TRUE,36.8,26145,WestIndianexceptHispanicgroups,West Indies
36047027400,0.5631305411189239,0.011005808621216754,0.43686945888107614,FALSE,38.2,25240,Italian,Europe
36047027500,0.18923180896598332,0.6776300968686642,0.8107681910340166,TRUE,33.9,38639,WestIndianexceptHispanicgroups,West Indies
36047028700,0.28238428238428237,0.5421245421245421,0.7176157176157176,TRUE,38.3,22593,Guyanese,South America
36047102400,0.03814477676636324,0.8964022540095362,0.9618552232336367,TRUE,35.5,41538,WestIndianexceptHispanicgroups,West Indies
36047098800,0.0689867570064675,0.8503233754234678,0.9310132429935325,TRUE,39.1,37465,WestIndianexceptHispanicgroups,West Indies
36047099200,0.039240506329113925,0.9261603375527426,0.9607594936708861,TRUE,36.2,36190,WestIndianexceptHispanicgroups,West Indies
36047101000,0.03693813974187806,0.8037383177570093,0.9630618602581219,TRUE,35.7,40417,WestIndianexceptHispanicgroups,West Indies
36047112400,0.022316043425814235,0.8655006031363088,0.9776839565741857,TRUE,35.1,32813,WestIndianexceptHispanicgroups,West Indies
36047112800,0.12637088733798604,0.8387337986041874,0.8736291126620139,TRUE,32.2,28300,WestIndianexceptHispanicgroups,West Indies
36047023500,0.6450417052826691,0.16102873030583875,0.35495829471733087,FALSE,27,35427,American,United States
36047024000,0.9482683033757124,0.012494519947391494,0.051731696624287594,FALSE,27.8,19142,American,United States
36047024100,0.6490579977835242,0.14961211673439231,0.3509420022164758,FALSE,30.5,31026,Irish,Europe
36047025000,0.19658119658119658,0,0.8034188034188035,TRUE,45.3,18650,Italian,Europe
36047025400,0.402400195934362,0,0.5975998040656381,TRUE,36.9,20510,Italian,Europe
36047025800,0.41818992420864914,4.4583147570218456e-4,0.5818100757913509,TRUE,35.3,21509,American,United States
36047025901,0.375673249551167,0.43312387791741475,0.624326750448833,TRUE,29.1,26268,WestIndianexceptHispanicgroups,West Indies
36047026000,0.3925645872715816,0.0059861373660995585,0.6074354127284184,TRUE,46.6,24500,Italian,Europe
36047053800,0.8439655172413794,0.014224137931034483,0.1560344827586207,FALSE,37.4,25258,Russian,Europe
36047052500,0.7348594610257896,0.09620399884091568,0.26514053897421036,FALSE,31.9,20258,American,United States
36047052600,0.4547015886646629,0.2219836839845427,0.5452984113353371,TRUE,35.4,35986,WestIndianexceptHispanicgroups,West Indies
36047053500,0.929683698296837,0.045742092457420926,0.07031630170316301,FALSE,17,14931,Hungarian,Europe
36047054900,0.7619404851212803,0.014253563390847712,0.23805951487871968,FALSE,30.3,62372,Irish,Europe
36047055200,0.7715412621359223,0.0057645631067961165,0.22845873786407767,FALSE,40.4,35559,Russian,Europe
36047059100,0.858758482030661,0.07036943955767781,0.14124151796933904,FALSE,35.6,49409,Polish,Europe
36047001800,0.38284839203675347,0.43542623787646756,0.6171516079632465,TRUE,36,5838,WestIndianexceptHispanicgroups,West Indies
36047002300,0.07284007352941177,0.5022977941176471,0.9271599264705882,TRUE,32.4,12665,WestIndianexceptHispanicgroups,West Indies
36047002901,0.08052062651665563,0.5358482241341275,0.9194793734833444,TRUE,31.3,14804,SubsaharanAfrican,Sub-Saharan Africa
36047003400,0.5840968586387435,0.07100785340314136,0.41590314136125656,FALSE,46.1,39750,Arab,Middle East
36047003800,0.7346796657381616,0,0.26532033426183843,FALSE,50.1,38938,Italian,Europe
36047004500,0.8147208121827412,0.03581500282007896,0.18527918781725888,FALSE,35.1,96914,German,Europe
36047005202,0.9025663331883428,0.0430622009569378,0.09743366681165724,FALSE,45.5,53914,Italian,Europe
36047006300,0.8782518210197711,0.013527575442247659,0.12174817898022892,FALSE,36.8,71094,Italian,Europe
36047006800,0.5829278183292782,0.009529602595296026,0.4170721816707218,FALSE,33.6,26002,Arab,Middle East
36047007100,0.3016359918200409,0.37525562372188137,0.6983640081799591,TRUE,36.5,18463,WestIndianexceptHispanicgroups,West Indies
36047007700,0.7072699149265275,0.025328692962103636,0.29273008507347253,FALSE,34.3,76424,Italian,Europe
36047049200,0.5836076366030283,0.10236998025016458,0.41639236339697167,FALSE,35.3,28182,American,United States
36047050202,0.8728813559322034,0.01059322033898305,0.1271186440677966,FALSE,42.9,57063,Irish,Europe
36047050300,0.7541489772288692,0.02045542261675029,0.24585102277113083,FALSE,33.1,42656,Italian,Europe
36047051900,0.7995016292888634,0.04792026068621813,0.20049837071113666,FALSE,32.5,69365,German,Europe
36047053000,0.6512933138116154,0.018789653489507077,0.3487066861883846,FALSE,30.3,22655,American,United States
36047057200,0.2576008844665561,0.5129906025428413,0.7423991155334438,TRUE,34.9,15131,WestIndianexceptHispanicgroups,West Indies
36047055500,0.6796568271048422,0.06063690562745383,0.3203431728951578,FALSE,34.3,77476,Irish,Europe
36047055700,0.8210036213140196,0.027418520434557683,0.17899637868598034,FALSE,33,61302,German,Europe
36047056900,0.8886075949367088,0.015822784810126583,0.11139240506329114,FALSE,34.1,64508,Polish,Europe
36047057300,0.7684647302904565,0.08589211618257261,0.23153526970954358,FALSE,35.5,45000,Polish,Europe
36047057500,0.8109130199891951,0.005672609400324149,0.18908698001080498,FALSE,36.8,54868,Polish,Europe
36047113000,0.04559193954659949,0.8763224181360202,0.9544080604534005,TRUE,35.9,28184,WestIndianexceptHispanicgroups,West Indies
36047113200,0.04006085192697769,0.9193711967545639,0.9599391480730223,TRUE,34,31389,WestIndianexceptHispanicgroups,West Indies
36047117202,0.39712918660287083,0.3833732057416268,0.6028708133971292,TRUE,38.2,29038,WestIndianexceptHispanicgroups,West Indies
36047118400,0.4228696866892836,0.24007184194771503,0.5771303133107164,TRUE,34,24466,SubsaharanAfrican,Sub-Saharan Africa
36047118600,0.37293729372937295,0.36633663366336633,0.6270627062706271,TRUE,30.9,29076,Guyanese,South America
36047118800,0.31669691470054445,0.3922413793103448,0.6833030852994555,TRUE,35.3,25786,Guyanese,South America
36047119400,0.24473802060008956,0.6656963725929244,0.7552619793999105,TRUE,25.1,28763,WestIndianexceptHispanicgroups,West Indies
36047120800,0.10078165711307972,0.8304325169359041,0.8992183428869203,TRUE,37.2,28852,SubsaharanAfrican,Sub-Saharan Africa
36047121400,0.14652247667514842,0.6446140797285835,0.8534775233248516,TRUE,27.2,16957,WestIndianexceptHispanicgroups,West Indies
36047017200,0.44149908592321757,6.093845216331506e-4,0.5585009140767825,TRUE,36.7,31622,Italian,Europe
36047017500,NaN,NaN,NaN,NA,NA,NA,Afghan,Middle East
36047018200,0.39013086150490733,0.01772082878953108,0.6098691384950927,TRUE,35.3,20505,Italian,Europe
36047018800,0.6139896373056994,0.0025906735751295338,0.3860103626943005,FALSE,38.5,35625,Italian,Europe
36047021600,0.8714615223317257,0,0.12853847766827428,FALSE,20.4,19778,Hungarian,Europe
36047022600,0.5264705882352941,0.018627450980392157,0.47352941176470587,FALSE,30.6,21218,EasternEuropean,Europe
36047023200,0.8910469848316686,0.0057343692193858676,0.10895301516833149,FALSE,22.1,17699,American,United States
36047023800,0.9904070521130413,0,0.009592947886958776,FALSE,28.8,17913,Hungarian,Europe
36047054800,0.9330400782013685,0.004887585532746823,0.06695992179863147,FALSE,37.1,32542,Russian,Europe
36047037500,0.2617199627444893,0.49332505433095314,0.7382800372555107,TRUE,32.7,30469,WestIndianexceptHispanicgroups,West Indies
36047084600,0.06132792701469843,0.8895083628991384,0.9386720729853015,TRUE,41.8,33516,WestIndianexceptHispanicgroups,West Indies
36047090200,0.14522292993630573,0.6869426751592357,0.8547770700636943,TRUE,39,20324,WestIndianexceptHispanicgroups,West Indies
36047090600,0.10523114355231143,0.6870437956204379,0.8947688564476886,TRUE,34,10131,American,United States
36047016000,0.6186633039092055,0.04060529634300126,0.38133669609079446,FALSE,33.4,36285,Italian,Europe
36047018000,0.522673031026253,0.014916467780429593,0.477326968973747,FALSE,39.4,31779,Italian,Europe
36047020300,0.4454794520547945,0.31945205479452055,0.5545205479452054,TRUE,32.9,51650,Irish,Europe
36047020500,0.5102810143934201,0.24982864976010966,0.48971898560657984,FALSE,35,57605,German,Europe
36047021400,0.5235346358792184,0,0.47646536412078155,FALSE,27,21933,Italian,Europe
36047021700,0.24709742554265524,0.4782937910146391,0.7529025744573448,TRUE,34.3,38117,WestIndianexceptHispanicgroups,West Indies
36047024200,0.9105153203342619,0,0.08948467966573816,FALSE,25.9,24917,American,United States
36047024400,0.8148341603551841,0.0018281535648994515,0.18516583964481587,FALSE,24.2,21759,American,United States
36047026100,0.24597364568081992,0.5155825141183853,0.7540263543191801,TRUE,32.4,37183,WestIndianexceptHispanicgroups,West Indies
36047027700,0.12270327349524815,0.7583949313621964,0.8772967265047519,TRUE,34.1,29000,WestIndianexceptHispanicgroups,West Indies
36047028200,0.43602693602693604,5.611672278338945e-4,0.563973063973064,TRUE,40.9,28203,Italian,Europe
36047028800,0.4141895681435782,0.005047672462142457,0.5858104318564218,TRUE,36.4,23248,Russian,Europe
36047029000,0.6607576493443419,0,0.3392423506556581,FALSE,40.4,26183,Russian,Europe
36047030200,0.3543836805555556,0.012152777777777778,0.6456163194444444,TRUE,42.7,25686,Italian,Europe
36047030800,0.7671026156941649,0.011066398390342052,0.232897384305835,FALSE,49.7,25185,Italian,Europe
36047020000,0.5002060156571899,0.004532344458178822,0.49979398434281,FALSE,41.6,27366,Italian,Europe
36047017600,0.5357003511509949,0.008583690987124463,0.4642996488490051,FALSE,37,26866,Italian,Europe
36047021800,0.8663380690055088,0.01130762539866628,0.13366193099449117,FALSE,19.6,17619,American,United States
36047018501,0.18195652173913043,0.6432608695652174,0.8180434782608695,TRUE,31.3,12154,WestIndianexceptHispanicgroups,West Indies
36047020200,0.6712041884816754,0,0.3287958115183246,FALSE,40.1,29129,Italian,Europe
36047020800,0.29695665539502,0.03781125115278205,0.70304334460498,TRUE,38.9,20256,Italian,Europe
36047022900,0.3972923717781828,0.46888831033585004,0.6027076282218172,TRUE,32.4,50000,WestIndianexceptHispanicgroups,West Indies
36047023300,0.3373952779893374,0.4853389185072353,0.6626047220106626,TRUE,31.4,29321,SubsaharanAfrican,Sub-Saharan Africa
36047024500,0.2792236435818262,0.5886634318482576,0.7207763564181738,TRUE,33.8,40444,WestIndianexceptHispanicgroups,West Indies
36047058200,0.5610728524827836,0.02138455962305183,0.4389271475172164,FALSE,37.1,32663,Italian,Europe
36047059800,0.698390285230161,0.054786783394521324,0.30160971476983905,FALSE,38.2,32857,Russian,Europe
36047025100,0.2164685908319185,0.5877192982456141,0.7835314091680815,TRUE,31.9,21339,WestIndianexceptHispanicgroups,West Indies
36047025500,0.19437340153452684,0.47075873827791986,0.8056265984654731,TRUE,27.4,13070,American,United States
36047026400,0.3316582914572864,0.01423785594639866,0.6683417085427136,TRUE,35.6,22199,Italian,Europe
36047026900,0.1743031079782121,0.7340595962832426,0.8256968920217879,TRUE,36.5,36047,WestIndianexceptHispanicgroups,West Indies
36047028100,0.200903420090342,0.5276403527640353,0.799096579909658,TRUE,28.4,22142,American,United States
36047028400,0.5820433436532507,0.016887137630171686,0.4179566563467492,FALSE,37.9,25123,Russian,Europe
36047029300,0.16832579185520363,0.644947209653092,0.8316742081447964,TRUE,35.7,24885,SubsaharanAfrican,Sub-Saharan Africa
36047030300,0.033785192909280504,0.7616266944734098,0.9662148070907195,TRUE,33.3,28042,WestIndianexceptHispanicgroups,West Indies
36047031500,0.3793607687486944,0.5032379360768748,0.6206392312513056,TRUE,35.3,39179,WestIndianexceptHispanicgroups,West Indies
36047007000,0.5964244960060859,0.056675542031190566,0.403575503993914,FALSE,41.6,41125,Arab,Middle East
36047010600,0.1016719385449616,0.03095345684591053,0.8983280614550384,TRUE,38.5,16574,Italian,Europe
36047010800,0.1067193675889328,0.015810276679841896,0.8932806324110671,TRUE,40,16782,Irish,Europe
36047012100,0.6787128712871288,0.04455445544554455,0.3212871287128713,FALSE,34.3,49653,Italian,Europe
36047012902,0.703347280334728,0.10627615062761506,0.29665271966527196,FALSE,33,59414,American,United States
36047013700,0.683371298405467,0.10734624145785877,0.31662870159453305,FALSE,37.8,61125,Italian,Europe
36047014300,0.6310175843182473,0.06082444508503892,0.36898241568175266,FALSE,34.3,55111,German,Europe
36047015100,0.7805977229601518,0.030123339658444024,0.2194022770398482,FALSE,36.1,63750,Irish,Europe
36047015400,NaN,NaN,NaN,NA,NA,NA,Afghan,Middle East
36047015700,0.7619165225981724,0.0743393430476661,0.23808347740182761,FALSE,37.4,76528,Irish,Europe
36047016500,0.8145927036481759,0.027652840246543395,0.1854072963518241,FALSE,38.4,95050,German,Europe
36047017800,0.40342146189735617,0.026749611197511663,0.5965785381026438,TRUE,35.6,25144,Italian,Europe
36047017900,0.24363131079203335,0.5347383047707271,0.7563686892079666,TRUE,39.5,30996,WestIndianexceptHispanicgroups,West Indies
36047019100,0.6151362984218077,0.1872309899569584,0.3848637015781923,FALSE,29.6,46200,Irish,Europe
36047036200,0.5364741641337386,0.019756838905775075,0.4635258358662614,FALSE,39.6,22459,Russian,Europe
36047036600,0.4971246006389776,0.02215122470713525,0.5028753993610223,TRUE,39.7,20234,Russian,Europe
36047035900,0.031053604436229204,0.8963031423290203,0.9689463955637708,TRUE,33.4,23306,WestIndianexceptHispanicgroups,West Indies
36047036001,0.9524111675126904,0.00983502538071066,0.04758883248730964,FALSE,56.9,15101,Russian,Europe
36047036100,0.07738515901060071,0.7713780918727915,0.9226148409893993,TRUE,39.5,22354,WestIndianexceptHispanicgroups,West Indies
36047036300,0.04749787955894826,0.8256997455470738,0.9525021204410518,TRUE,36.6,26158,WestIndianexceptHispanicgroups,West Indies
36047050500,0.4448519779931884,0.1941315168980875,0.5551480220068117,TRUE,36.5,29293,Italian,Europe
36047046800,0.9635135135135136,0.0036036036036036037,0.03648648648648649,FALSE,17.6,29150,Hungarian,Europe
36047048400,0.7252670285414113,0.06828926632813868,0.2747329714585887,FALSE,28.4,23216,American,United States
36047049500,0.7324792765636775,0.05576488319517709,0.26752072343632255,FALSE,31.6,46065,Italian,Europe
36047053700,0.9760107816711591,0.011859838274932614,0.02398921832884097,FALSE,16.8,13808,Hungarian,Europe
36047054300,0.5392156862745098,0.125,0.46078431372549017,FALSE,39.3,77250,Italian,Europe
36047055800,0.816930775646372,0.015012510425354461,0.18306922435362802,FALSE,39.9,30978,Russian,Europe
36047062800,0.8768526591107236,0,0.12314734088927637,FALSE,43.5,41939,Irish,Europe
36047056500,0.863356053229471,0.004543979227523531,0.13664394677052905,FALSE,35.7,61354,Polish,Europe
36047056800,0.6169250645994832,0,0.3830749354005168,FALSE,45.8,36148,Italian,Europe
36047061002,0.9860669762894158,0,0.013933023710584209,FALSE,47.8,51205,Russian,Europe
36047059200,0.5935209269330811,0.07755970678647435,0.4064790730669189,FALSE,43.6,31991,Ukrainian,Europe
36047063600,0.8497267759562842,0,0.15027322404371585,FALSE,42,45687,Italian,Europe
36047064800,0.6645367412140575,0.2565038795070744,0.3354632587859425,FALSE,35.9,35833,WestIndianexceptHispanicgroups,West Indies
36047065200,0.928635147190009,0.026761819803746655,0.07136485280999108,FALSE,52,50913,Italian,Europe
36047066200,0.8262176788935659,0.012627781118460614,0.17378232110643416,FALSE,47.9,36125,Italian,Europe
36047067600,0.07401224262659989,0.8441847523650529,0.9259877573734001,TRUE,37.8,30662,WestIndianexceptHispanicgroups,West Indies
36047069800,0.6932471264367817,0.05603448275862069,0.3067528735632184,FALSE,45.3,37974,Italian,Europe
36047072000,0.0639887902849136,0.85007006071929,0.9360112097150864,TRUE,36.3,38291,WestIndianexceptHispanicgroups,West Indies
36047073600,0.10034502587694077,0.6486486486486487,0.8996549741230593,TRUE,37.7,32708,WestIndianexceptHispanicgroups,West Indies
36047074200,0.43256921702887763,0.47037808871688,0.5674307829711224,TRUE,33.7,35406,WestIndianexceptHispanicgroups,West Indies
36047074600,0.7076222980659841,0.2055365946150929,0.2923777019340159,FALSE,31.7,38516,WestIndianexceptHispanicgroups,West Indies
36047076600,0.18352223190932868,0.6774193548387096,0.8164777680906713,TRUE,38.7,25317,WestIndianexceptHispanicgroups,West Indies
36047077000,0.16378466557911908,0.6707993474714519,0.8362153344208809,TRUE,29.1,35400,WestIndianexceptHispanicgroups,West Indies
36047078000,0.031221719457013575,0.9447963800904977,0.9687782805429864,TRUE,40.6,30662,WestIndianexceptHispanicgroups,West Indies
36047078400,0.044566067240031274,0.8639562157935887,0.9554339327599687,TRUE,42,38277,WestIndianexceptHispanicgroups,West Indies
36047114202,0.34948556256223035,0.39528708927978756,0.6505144374377697,TRUE,33.7,32723,WestIndianexceptHispanicgroups,West Indies
36047117601,0.3528319405756732,0.3642835035592696,0.6471680594243269,TRUE,30.1,29567,Guyanese,South America
36047045300,0.4556809024979855,0.26913779210314265,0.5443190975020145,TRUE,32.8,20540,Italian,Europe
36047049900,0.856048166392994,0.007662835249042145,0.14395183360700603,FALSE,34.1,58214,Polish,Europe
36047048800,0.5410923940786115,0.058958652373660034,0.45890760592138846,FALSE,35.8,26743,American,United States
36047049100,0.33575978161965425,0.20321504397937518,0.6642402183803457,TRUE,40.1,19196,Hungarian,Europe
36047049600,0.4362072972344876,0.029281896351382758,0.5637927027655124,TRUE,35.6,32813,American,United States
36047050400,0.588001764446405,0.12880458756065286,0.41199823555359505,FALSE,39.7,53672,Irish,Europe
36047053300,0.9838900384274313,0.0038427431274017146,0.016109961572568728,FALSE,19.2,19060,Hungarian,Europe
36047055300,0.7907213003725025,0.009820521503555706,0.20927869962749746,FALSE,32.8,56741,Irish,Europe
36047056300,0.760402287517255,0.031157562610924866,0.23959771248274503,FALSE,35,45163,Polish,Europe
36047059401,0.5541102319967816,0.004827678691162666,0.44588976800321845,FALSE,45.9,30260,Russian,Europe
36047060000,0.8579104477611941,0.007611940298507463,0.14208955223880598,FALSE,41.1,36754,Ukrainian,Europe
36047060600,0.7166006481814908,0.008282319049333813,0.28339935181850917,FALSE,45.6,26275,Russian,Europe
36047067400,0.20182555780933062,0.6850912778904665,0.7981744421906694,TRUE,42.9,35914,WestIndianexceptHispanicgroups,West Indies
36047068600,0.5298423423423423,0.32488738738738737,0.47015765765765766,FALSE,43.4,30909,WestIndianexceptHispanicgroups,West Indies
36047032100,0.26334647079899676,0.6288068792547474,0.7366535292010032,TRUE,33.2,31536,WestIndianexceptHispanicgroups,West Indies
36047032800,0.15426147319706904,0.44350173544157345,0.8457385268029309,TRUE,42.9,22887,WestIndianexceptHispanicgroups,West Indies
36047035100,0.22421420256111757,0.5972060535506403,0.7757857974388824,TRUE,36.5,23498,WestIndianexceptHispanicgroups,West Indies
36047073200,0.029723991507430998,0.8505307855626327,0.970276008492569,TRUE,42.8,37073,WestIndianexceptHispanicgroups,West Indies
36047074000,0.10533553355335533,0.6391639163916392,0.8946644664466447,TRUE,32.8,25359,WestIndianexceptHispanicgroups,West Indies
36047074800,0.7112493519958528,0.2089165370658372,0.28875064800414724,FALSE,33,48065,Polish,Europe
36047075400,0.9959072305593452,0.0020463847203274215,0.004092769440654843,FALSE,38.8,50875,EasternEuropean,Europe
36047076200,0.5861105138679854,0.14082992904751665,0.4138894861320146,FALSE,31,23703,American,United States
36047081800,0.09933059814294969,0.8475491254588642,0.9006694018570504,TRUE,34.2,32316,WestIndianexceptHispanicgroups,West Indies
36047082200,0.08563794255177021,0.821376085504342,0.9143620574482298,TRUE,37.1,26229,WestIndianexceptHispanicgroups,West Indies
36047083000,0.0407503234152652,0.8908473479948253,0.9592496765847348,TRUE,37.2,31130,WestIndianexceptHispanicgroups,West Indies
36047083400,0,0.9047619047619048,1,TRUE,40.5,26618,WestIndianexceptHispanicgroups,West Indies
36047052800,0.6405733186328556,0.03858875413450937,0.35942668136714445,FALSE,39.5,38359,American,United States
36047055000,0.7897897897897898,0.03333333333333333,0.21021021021021022,FALSE,39.9,32308,Russian,Europe
36047058900,0.8473372781065088,0.04437869822485207,0.15266272189349112,FALSE,35.1,47860,Polish,Europe
36047062600,0.49872216137276376,0.08725812340270171,0.5012778386272362,TRUE,45.2,25108,Italian,Europe
36047026300,0.2608459869848156,0.6220173535791758,0.7391540130151844,TRUE,31.7,22566,WestIndianexceptHispanicgroups,West Indies
36047027900,0.1540348964013086,0.7780806979280261,0.8459651035986914,TRUE,34.1,31804,WestIndianexceptHispanicgroups,West Indies
36047028600,0.5284503631961259,0.027037933817594836,0.4715496368038741,FALSE,37.6,23199,Arab,Middle East
36047061200,0.9854227405247813,0,0.014577259475218658,FALSE,47.5,51779,Russian,Europe
36047044500,0.34904086738949125,0.08757297748123437,0.6509591326105088,TRUE,32.1,30585,German,Europe
36047047200,0.9817758821248546,0.01202016285381931,0.018224117875145406,FALSE,20.6,25000,European,Europe
36047054400,0.7383103081827843,0,0.26168969181721574,FALSE,38.6,21182,American,United States
36047068200,0.27859897172236503,0.625,0.721401028277635,TRUE,36.3,35885,WestIndianexceptHispanicgroups,West Indies
36047080600,0.3815121560245792,0.5386053967405824,0.6184878439754208,TRUE,30.4,34570,WestIndianexceptHispanicgroups,West Indies
36047085400,0.045545545545545546,0.8428428428428428,0.9544544544544544,TRUE,39.6,32433,WestIndianexceptHispanicgroups,West Indies
36047091000,0.07058823529411765,0.7644705882352941,0.9294117647058824,TRUE,43.4,11005,WestIndianexceptHispanicgroups,West Indies
36047017000,0.49385131358300727,0.016489659027389605,0.5061486864169927,TRUE,40.1,27791,Italian,Europe
36047057100,0.9132455460883037,0.015491866769945779,0.08675445391169635,FALSE,34.8,46362,Polish,Europe
36047070000,0.9232673267326733,0.0525990099009901,0.07673267326732673,FALSE,41.8,32950,Italian,Europe
36047075800,0.9687691365584813,0.005511328842620943,0.031230863441518677,FALSE,50,34375,Russian,Europe
36047086400,0.004816112084063047,0.9855516637478109,0.9951838879159369,TRUE,42.4,33088,WestIndianexceptHispanicgroups,West Indies
36047086600,0.008119519324455992,0.876583306268269,0.991880480675544,TRUE,40.1,33600,WestIndianexceptHispanicgroups,West Indies
36047087600,0.15191462649089768,0.7859384808537351,0.8480853735091023,TRUE,38.6,30109,WestIndianexceptHispanicgroups,West Indies
36047001300,0.6589986468200271,0.09562471808750564,0.34100135317997293,FALSE,42.8,73793,American,United States
36047002000,0.5308022922636103,0.0508595988538682,0.4691977077363897,FALSE,28.9,25400,Serbian,Europe
36047003600,0.7427814569536424,0.017218543046357615,0.2572185430463576,FALSE,43.4,46379,Italian,Europe
36047003900,0.6637055837563451,0.08206429780033841,0.3362944162436548,FALSE,35.4,67955,Irish,Europe
36047007500,0.8071065989847716,0.012385786802030457,0.19289340101522842,FALSE,35,77191,Irish,Europe
36047007600,0.42635056354450057,0.023707734162456275,0.5736494364554994,TRUE,30.7,22188,Irish,Europe
36047008400,0.46841969579788606,0.030162412993039442,0.531580304202114,TRUE,34.9,21599,English,Europe
36047099800,0.07463952502120441,0.875600791631326,0.9253604749787956,TRUE,38.4,39227,WestIndianexceptHispanicgroups,West Indies
36047102200,0.06089309878213803,0.7640956247180875,0.939106901217862,TRUE,40.5,34485,WestIndianexceptHispanicgroups,West Indies
36047084000,0.036857027136492505,0.9218307006885379,0.9631429728635075,TRUE,41.8,29969,WestIndianexceptHispanicgroups,West Indies
36047014700,0.713303679741205,0.04448038819247877,0.286696320258795,FALSE,33.4,47212,German,Europe
36047021300,0.21500350549193736,0.7218976396354289,0.7849964945080626,TRUE,34.9,34709,WestIndianexceptHispanicgroups,West Indies
36047024600,0.5934738273283481,6.798096532970768e-4,0.4065261726716519,FALSE,34.4,26895,Italian,Europe
36047030100,0.0619015047879617,0.8854309165526676,0.9380984952120383,TRUE,37.5,35317,WestIndianexceptHispanicgroups,West Indies
36047033000,0.2925764192139738,0.5221188532371369,0.7074235807860262,TRUE,34.2,13827,American,United States
36047021200,0.23977900552486187,0,0.7602209944751381,TRUE,37.3,18581,Italian,Europe
36047038100,0.10445526020217147,0.7944590041183077,0.8955447397978286,TRUE,33.3,27332,WestIndianexceptHispanicgroups,West Indies
36047040400,0.4588038477624425,0.006273525721455458,0.5411961522375575,TRUE,43.9,30208,Italian,Europe
36047027600,0.4098317560462671,0.002365930599369085,0.5901682439537329,TRUE,34.8,22524,Ukrainian,Europe
36047038600,0.46569468267581476,5.717552887364208e-4,0.5343053173241853,TRUE,41.5,27266,Italian,Europe
36047043000,0.4710767468499427,0,0.5289232531500573,TRUE,39.1,16833,American,United States
36047048600,0.3939854191980559,0.03219927095990279,0.6060145808019441,TRUE,33.3,24160,American,United States
36047102800,0.039621525724423415,0.9207569485511532,0.9603784742755765,TRUE,37.3,40948,WestIndianexceptHispanicgroups,West Indies
36047111000,0.12732732732732732,0.7261261261261261,0.8726726726726727,TRUE,33.6,15794,SubsaharanAfrican,Sub-Saharan Africa
36047112200,0.10910151691948658,0.7657526254375729,0.8908984830805134,TRUE,38.3,20575,WestIndianexceptHispanicgroups,West Indies
36047112600,0.08924889543446245,0.7885125184094256,0.9107511045655375,TRUE,36.8,21339,WestIndianexceptHispanicgroups,West Indies
36047114600,0.24690150032615785,0.2857142857142857,0.7530984996738421,TRUE,35.5,18465,Guyanese,South America
36047115200,0.09025974025974026,0.6204545454545455,0.9097402597402597,TRUE,32.3,19892,WestIndianexceptHispanicgroups,West Indies
36047026600,0.2602113681805199,0,0.7397886318194802,TRUE,37.7,23622,American,United States
36047026800,0.5067673086933888,5.205622071837585e-4,0.4932326913066111,FALSE,42.5,22392,American,United States
36047028000,0.4759002770083102,0.018282548476454295,0.5240997229916897,TRUE,36.4,34938,Polish,Europe
36047029400,0.5479134466769706,0.07032457496136012,0.4520865533230294,FALSE,49.2,17261,Italian,Europe
36047033300,0.7309611629420698,0.26057713169885005,0.26903883705793014,FALSE,25.7,26434,WestIndianexceptHispanicgroups,West Indies
36047036002,0.8180142824234048,0.0073715733701912,0.18198571757659526,FALSE,59.7,12024,Russian,Europe
36047038300,0.10496515679442509,0.7652439024390244,0.8950348432055749,TRUE,32,34817,WestIndianexceptHispanicgroups,West Indies
36047038500,0.15997888067581836,0.6462513199577613,0.8400211193241817,TRUE,34.1,35403,WestIndianexceptHispanicgroups,West Indies
36047082000,0.0439052570768342,0.813210090506451,0.9560947429231658,TRUE,31.5,25182,WestIndianexceptHispanicgroups,West Indies
36047039000,0.9345422379478107,0.0026536930561698365,0.0654577620521893,FALSE,30.8,31350,Arab,Middle East
36047041100,0.31009536336731336,0.35317329825715227,0.6899046366326866,TRUE,34.2,21603,WestIndianexceptHispanicgroups,West Indies
36047042000,0.9390243902439024,0.03780487804878049,0.06097560975609756,FALSE,32.1,29844,American,United States
36047070203,NaN,NaN,NaN,NA,NA,NA,Afghan,Middle East
36047070600,0.8798324742268041,0.08021907216494846,0.12016752577319588,FALSE,40.5,38649,Italian,Europe
36047080000,0.22114154082416176,0.7061684156641925,0.7788584591758383,TRUE,40.1,34915,WestIndianexceptHispanicgroups,West Indies
36047084800,0.001154068090017311,0.9561454125793422,0.9988459319099827,TRUE,44,26310,WestIndianexceptHispanicgroups,West Indies
36047086000,0.003443328550932568,0.9041606886657102,0.9965566714490675,TRUE,35.6,32041,WestIndianexceptHispanicgroups,West Indies
36047087200,0.060755336617405585,0.8922824302134647,0.9392446633825944,TRUE,35.8,35625,WestIndianexceptHispanicgroups,West Indies
36047089200,0.04700854700854701,0.8829717291255753,0.9529914529914529,TRUE,45.7,14107,WestIndianexceptHispanicgroups,West Indies
36047092800,0.020700636942675158,0.9035031847133758,0.9792993630573248,TRUE,44.4,30813,WestIndianexceptHispanicgroups,West Indies
36047093600,0,0.9884259259259259,1,TRUE,42.3,32870,WestIndianexceptHispanicgroups,West Indies
36047095800,0.04986376021798365,0.88365122615803815,0.9501362397820163,TRUE,42.4,29792,WestIndianexceptHispanicgroups,West Indies
36047097400,0.1521058127392969,0.7852419074138531,0.8478941872607031,TRUE,46.5,22245,WestIndianexceptHispanicgroups,West Indies
36047099000,0.10114942528735632,0.7666666666666667,0.8988505747126436,TRUE,37.3,41556,WestIndianexceptHispanicgroups,West Indies
36047109800,0.08837408837408837,0.7425997425997426,0.9116259116259117,TRUE,29.3,30115,WestIndianexceptHispanicgroups,West Indies
36047115000,0.15469416785206258,0.49324324324324326,0.8453058321479374,TRUE,30.8,21675,WestIndianexceptHispanicgroups,West Indies
36047120000,0.11135135135135135,0.6392792792792793,0.8886486486486487,TRUE,32.8,25750,WestIndianexceptHispanicgroups,West Indies
36047016100,0.6772797527047913,0.12735703245749613,0.32272024729520865,FALSE,35.5,63246,German,Europe
36047016400,0.40411599625818523,0.4246959775491113,0.5958840037418148,TRUE,23.6,51827,Irish,Europe
36047016800,0.6395617070357554,0,0.3604382929642445,FALSE,45.5,41272,Italian,Europe
36047039400,0.8708471760797342,0.02117940199335548,0.12915282392026578,FALSE,29.8,19058,Arab,Middle East
36047031701,0.3096148191708321,0.5901205527785945,0.6903851808291679,TRUE,32.7,41353,WestIndianexceptHispanicgroups,West Indies
36047028502,0.049824337272436924,0.6010859150431173,0.950175662727563,TRUE,35,16170,WestIndianexceptHispanicgroups,West Indies
36047029800,0.45643377394119233,0.027785271108713244,0.5435662260588077,TRUE,39.7,31353,Italian,Europe
36047030000,0.29599618684461393,0.02502383222116301,0.7040038131553861,TRUE,40.3,20979,Italian,Europe
36047032300,0.22988190057676464,0.6940400988739357,0.7701180994232354,TRUE,35.4,35411,WestIndianexceptHispanicgroups,West Indies
36047032500,0.07643979057591622,0.8522064323111443,0.9235602094240838,TRUE,34.3,30196,SubsaharanAfrican,Sub-Saharan Africa
36047032900,0.42609254498714655,0.5003213367609255,0.5739074550128535,TRUE,33.2,26457,WestIndianexceptHispanicgroups,West Indies
36047033900,0.19274039482063257,0.7149225217575886,0.8072596051793675,TRUE,36.1,25456,WestIndianexceptHispanicgroups,West Indies
36047034500,0.11831442463533225,0.7494327390599675,0.8816855753646677,TRUE,33.8,26578,WestIndianexceptHispanicgroups,West Indies
36047067800,0.12010443864229765,0.8653487504662439,0.8798955613577023,TRUE,44.1,32404,WestIndianexceptHispanicgroups,West Indies
36047070202,1,0,0,FALSE,43.5,NA,Belgian,Europe
36047072600,0.029764549089293647,0.8414038205242115,0.9702354509107064,TRUE,42.9,39359,WestIndianexceptHispanicgroups,West Indies
36047073800,0.3426124197002141,0.5008327385201047,0.6573875802997858,TRUE,29.6,28459,WestIndianexceptHispanicgroups,West Indies
36047077600,0.05210851463873221,0.8278270212194467,0.9478914853612678,TRUE,40.8,38207,WestIndianexceptHispanicgroups,West Indies
36047080200,0.13603622144474173,0.7606503395760444,0.8639637785552583,TRUE,35.7,32830,WestIndianexceptHispanicgroups,West Indies
36047081000,0.19341392246769487,0.701125468945394,0.8065860775323052,TRUE,34.9,35153,WestIndianexceptHispanicgroups,West Indies
36047081400,0.017191977077363897,0.9079512893982808,0.9828080229226361,TRUE,41.2,26292,WestIndianexceptHispanicgroups,West Indies
36047085200,NaN,NaN,NaN,NA,NA,NA,Afghan,Middle East
36047000100,0.6528057232282585,0.15157612340710933,0.3471942767717416,FALSE,45.4,71894,Irish,Europe
36047000301,0.8403421240199572,0.02851033499643621,0.15965787598004277,FALSE,41.4,100783,Irish,Europe
36047004900,0.6596762325239146,0.14422369389256806,0.34032376747608534,FALSE,38.7,73723,English,Europe
36047005000,0.8150862068965518,0.01206896551724138,0.18491379310344827,FALSE,40.9,67817,Italian,Europe
36047006000,0.724950884086444,0,0.275049115913556,FALSE,34.6,31412,Italian,Europe
36047006700,0.8715973292244479,0.019517205957883924,0.12840267077555212,FALSE,37.2,74909,Italian,Europe
36047011400,0.5353124251855399,0.07182188173330141,0.46468757481446016,FALSE,33.7,16438,Hungarian,Europe
36047011800,0.05490594814438231,0,0.9450940518556177,TRUE,32.7,20380,American,United States
36047012700,0.3516666666666667,0.42375,0.6483333333333333,TRUE,31.8,21911,WestIndianexceptHispanicgroups,West Indies
36047013300,0.7561252268602541,0.04469147005444646,0.24387477313974593,FALSE,36.3,90152,Italian,Europe
36047015500,0.7850049652432969,0.10302879841112214,0.2149950347567031,FALSE,39.1,69732,German,Europe
36047017100,0.8711364717070851,0.006894912030432715,0.1288635282929149,FALSE,39.4,55216,Irish,Europe
36047017400,0.5631868131868132,0,0.4368131868131868,FALSE,41.1,31793,Italian,Europe
36047018300,0.7078280044101434,0.13708195516354282,0.2921719955898567,FALSE,34.9,70275,Irish,Europe
36047022000,0.9207943391919653,0.028532298561972154,0.07920566080803469,FALSE,21.7,14312,Hungarian,Europe
36047034700,0.022727272727272728,0.901336898395722,0.9772727272727273,TRUE,35.1,22700,WestIndianexceptHispanicgroups,West Indies
36047009000,0.2298050139275766,0.034122562674094706,0.7701949860724234,TRUE,34.2,21705,Polish,Europe
36047008200,0.3386605783866058,0.050735667174023336,0.6613394216133942,TRUE,32.4,21703,Irish,Europe
36047008500,0.14559894109861019,0.5466578424884183,0.8544010589013898,TRUE,31.3,10376,American,United States
36047008600,NaN,NaN,NaN,NA,NA,NA,Afghan,Middle East
36047011600,0.17486818980667837,0.004393673110720563,0.8251318101933216,TRUE,36.7,18778,Turkish,Europe
36047011700,0.6372699386503068,0.0763036809815951,0.36273006134969327,FALSE,33.6,46875,American,United States
36047012200,0.21629603891591384,0.0026059763724808893,0.7837039610840861,TRUE,31.9,16198,Arab,Middle East
36047012901,0.6970844377129876,0.07875804619462325,0.3029155622870125,FALSE,35.5,64846,Irish,Europe
36047013900,0.7058479532163743,0.12660818713450292,0.2941520467836257,FALSE,34.4,63269,Irish,Europe
36047014500,0.7008835758835759,0.009355509355509356,0.29911642411642414,FALSE,32.8,41923,Irish,Europe
36047014800,0.8795454545454545,0,0.12045454545454545,FALSE,43.7,31250,Italian,Europe
36047016200,0.8434664246823956,0.029038112522686024,0.15653357531760437,FALSE,43.8,44515,Italian,Europe
36047029200,0.5095084320057409,0.03372802296376032,0.4904915679942591,FALSE,35.3,27143,Arab,Middle East
36047029600,0.4923702950152594,0.005595116988809766,0.5076297049847406,TRUE,38.3,21902,Russian,Europe
36047030400,0.462493911349245,0.01631758402338042,0.537506088650755,TRUE,44.2,23484,Russian,Europe
36047030600,0.4535840188014101,0.004112808460634548,0.5464159811985899,TRUE,44.4,25949,Italian,Europe
36047031900,0.41368286445012786,0.5332480818414322,0.5863171355498721,TRUE,33.1,31807,WestIndianexceptHispanicgroups,West Indies
36047034900,0.09880582365450678,0.7883199738262718,0.9011941763454933,TRUE,31.1,24513,WestIndianexceptHispanicgroups,West Indies
36047032600,0.27707473025176504,0.34221393366191555,0.722925269748235,TRUE,29.4,12480,American,United States
36047033700,0.41785714285714287,0.45714285714285713,0.5821428571428572,TRUE,32.5,35772,WestIndianexceptHispanicgroups,West Indies
36047034200,0.3733652312599681,0.3952153110047847,0.6266347687400319,TRUE,45.4,12052,American,United States
36047041900,0.39568345323741005,0.24266740453790814,0.60431654676259,TRUE,28.2,21265,American,United States
36047042900,0.4410439354111904,0.05595193390912505,0.5589560645888096,TRUE,29.2,26719,Irish,Europe
36047043300,0.307673143996014,0.21699053313403088,0.692326856003986,TRUE,31,22228,German,Europe
36047049300,0.4575023423905769,0.24133315486547985,0.5424976576094231,TRUE,31.4,17023,American,United States
36047049400,0.5671482075976458,0.07651150347779562,0.4328517924023542,FALSE,37.3,30836,Russian,Europe
36047049800,0.46462043111527646,0.023195876288659795,0.5353795688847235,TRUE,38.1,33656,Irish,Europe
36047050700,0.7900244157656087,0.07185211021974189,0.20997558423439136,FALSE,14.8,17000,Hungarian,Europe
36047050900,0.8955015923566879,0.05513535031847134,0.1044984076433121,FALSE,13,24969,Hungarian,Europe
36047051200,0.20956906439456005,0.584138948058332,0.79043093560544,TRUE,31.6,32478,WestIndianexceptHispanicgroups,West Indies
36047051300,0.7142064372918979,0.05197928227894932,0.28579356270810213,FALSE,32.4,42268,American,United States
36047052300,0.5745580322828593,0.06514219830899308,0.42544196771714066,FALSE,30.8,34639,American,United States
36047053100,0.9546695794647734,0.005789186237028946,0.04533042053522665,FALSE,14.1,17494,Hungarian,Europe
36047053400,0.6434345641249727,0.07646930303692374,0.3565654358750273,FALSE,29.7,17933,American,United States
36047053900,0.8762435336251492,0.026661360923199363,0.12375646637485077,FALSE,30,15721,Hungarian,Europe
36047054500,0.7411185367569468,0.13835150662445772,0.2588814632430531,FALSE,21.7,13857,American,United States
36047056600,0.46870653685674546,0.12169680111265646,0.5312934631432545,TRUE,41.1,37263,American,United States
36047057600,0.4729064039408867,0.02528735632183908,0.5270935960591133,TRUE,42.6,36456,Russian,Europe
36047058000,0.4693630418987648,0.05594574957616857,0.5306369581012351,TRUE,34.2,24975,American,United States
36047059402,0.7140704464117537,0.014126954228668298,0.2859295535882464,FALSE,45.1,40789,Russian,Europe
36047059600,0.8098744045041143,0.08834993503681247,0.19012559549588567,FALSE,53.8,35099,Russian,Europe
36047062200,0.8406052076002815,0.10485573539760731,0.15939479239971852,FALSE,50.9,33042,Russian,Europe
36047063800,0.7136317395727365,0.055442522889114956,0.2863682604272635,FALSE,42.3,38365,Italian,Europe
36047035000,0.9695061319191249,0.0069605568445475635,0.030493868080875043,FALSE,59.5,19568,Russian,Europe
36047066600,NaN,NaN,NaN,NA,NA,NA,Afghan,Middle East
36047037700,0.1035252119589469,0.7583668005354752,0.8964747880410531,TRUE,37.8,31377,WestIndianexceptHispanicgroups,West Indies
36047039600,0.8263002944062807,0,0.17369970559371933,FALSE,31.6,35219,American,United States
36047040800,0.326662908680947,0.005636978579481398,0.673337091319053,TRUE,34.8,29364,Italian,Europe
36047019200,0.42392717815344605,0.0091027308192457735,0.576072821846554,TRUE,29.9,20841,American,United States
36047019400,0.3281049112882489,0.0012856775520699408,0.6718950887117511,TRUE,38.7,19886,Italian,Europe
36047020400,0.6991946944576031,0,0.300805305542397,FALSE,43.9,31154,Italian,Europe
36047020700,0.5983189559831895,0.24419376244193763,0.40168104401681043,FALSE,37.2,60625,Irish,Europe
36047022800,0.7046379170056957,0.014646053702196907,0.29536208299430433,FALSE,23.4,15801,American,United States
36047113400,0.08977943460702081,0.7449518484001243,0.9102205653929791,TRUE,28.5,12435,WestIndianexceptHispanicgroups,West Indies
36047115600,0.08631029986962191,0.7546284224250326,0.9136897001303781,TRUE,32.2,15869,WestIndianexceptHispanicgroups,West Indies
36047117800,0.2987551867219917,0.29304979253112035,0.70124481327800825,TRUE,32.3,25134,Guyanese,South America
36047087800,0.010697305863708399,0.9532488114104596,0.9893026941362916,TRUE,50,22221,WestIndianexceptHispanicgroups,West Indies
36047088200,0.07195600942655145,0.8862529457973292,0.9280439905734486,TRUE,34.7,27320,WestIndianexceptHispanicgroups,West Indies
36047089000,0.0887775192410954,0.8689815643458028,0.9112224807589046,TRUE,45.5,22554,WestIndianexceptHispanicgroups,West Indies
36047089400,0.05418559377027904,0.7858533419857235,0.9458144062297209,TRUE,33.4,24028,WestIndianexceptHispanicgroups,West Indies
36047093000,0.006270627062706271,0.9574257425742574,0.9937293729372937,TRUE,42.1,35272,WestIndianexceptHispanicgroups,West Indies
36047096200,0.05472103004291846,0.8503218884120172,0.9452789699570815,TRUE,30,31816,WestIndianexceptHispanicgroups,West Indies
36047098400,0.08053691275167785,0.912751677852349,0.9194630872483222,TRUE,42,31526,WestIndianexceptHispanicgroups,West Indies
36047041401,0.7357320099255583,0.00620347394540943,0.2642679900744417,FALSE,29.7,25605,Arab,Middle East
36047041500,0.28077290076335876,0.40911259541984735,0.7192270992366412,TRUE,28.1,27395,WestIndianexceptHispanicgroups,West Indies
36047041800,0.8119755911517925,0.02936689549961861,0.18802440884820748,FALSE,28,21574,Arab,Middle East
36047043100,0.5364667747163695,0.0619935170178282,0.46353322528363045,FALSE,27.7,30378,Irish,Europe
36047043800,0.7798232695139912,0.022827687776141383,0.22017673048600883,FALSE,32.2,23548,American,United States
36047047400,0.9912455232789494,0,0.008754476721050538,FALSE,27.7,27568,Polish,Europe
36047047700,0.7915448019143845,0.040680670034565276,0.20845519808561552,FALSE,32.4,61322,Italian,Europe
36047048200,0.4736544975536319,0.06379375235227701,0.5263455024463681,TRUE,36.3,23411,American,United States
36047048900,0.17769537934968624,0.4614945807187678,0.8223046206503137,TRUE,36.8,14306,Guyanese,South America
36047049000,0.5892425088404988,0.08691606179043365,0.4107574911595012,FALSE,32.5,31209,Russian,Europe
36047049700,0.7102706453851492,0.009368494101318528,0.2897293546148508,FALSE,33.1,58659,Italian,Europe
36047050100,0.7385003150598614,0.0330812854442344,0.26149968494013864,FALSE,32.9,52308,Italian,Europe
36047051400,0.2226139511458071,0.4174011583983883,0.7773860488541929,TRUE,35,36058,WestIndianexceptHispanicgroups,West Indies
36047078800,0.026579111944965605,0.8692933083176986,0.9734208880550344,TRUE,33.2,25948,WestIndianexceptHispanicgroups,West Indies
36047035200,0.6687612208258528,0.18581687612208259,0.33123877917414724,FALSE,75.4,11296,Ukrainian,Europe
36047036501,0.00921942224953903,0.9099569760295021,0.990780577750461,TRUE,33.8,31533,WestIndianexceptHispanicgroups,West Indies
36047039200,0.8532716457369465,0.011566424322538004,0.14672835426305353,FALSE,30.3,24571,Italian,Europe
36047036700,0.11027756939234809,0.6219054763690923,0.8897224306076519,TRUE,35.9,27557,WestIndianexceptHispanicgroups,West Indies
36047037000,0.6455344747801943,0,0.3544655252198056,FALSE,45.1,32576,Ukrainian,Europe
36047038700,0.22600851916812828,0.6903031821598596,0.7739914808318717,TRUE,34.9,32500,WestIndianexceptHispanicgroups,West Indies
36047009600,0.41058218076551944,0.0369893856545513,0.5894178192344806,TRUE,35.1,20337,Italian,Europe
36047010200,0.16608323609490472,0.004472967716841696,0.8339167639050953,TRUE,32.7,20587,Irish,Europe
36047011000,0.4920245398773006,0.013905930470347648,0.5079754601226993,TRUE,28.6,22639,Polish,Europe
36047013400,0.7147887323943662,0.022132796780684104,0.2852112676056338,FALSE,41.3,42311,Irish,Europe
36047013600,0.7564300411522634,0.009516460905349794,0.24356995884773663,FALSE,37.3,39015,Irish,Europe
36047014900,0.8286345108695652,0.016304347826086956,0.17136548913043478,FALSE,35.4,60861,Italian,Europe
36047015000,0.7638800255264837,0.0019144862795149968,0.23611997447351626,FALSE,50.2,36047,Italian,Europe
36047015300,0.8095593726661687,0.04891710231516057,0.19044062733383121,FALSE,40.3,58953,Irish,Europe
36047016300,0.7182216656230432,0.12867877269881026,0.2817783343769568,FALSE,36.6,62583,Irish,Europe
36047018400,0.4442036836403034,0,0.5557963163596966,TRUE,38.9,30777,Italian,Europe
36047018700,0.4454713493530499,0.203943314849045,0.5545286506469501,TRUE,34.4,34167,WestIndianexceptHispanicgroups,West Indies
36047019000,0.427831715210356,0.014023732470334413,0.572168284789644,TRUE,36.6,25147,Italian,Europe
36047019500,0.5534724055980987,0.34539213097438604,0.44652759440190126,FALSE,36.5,45896,German,Europe
36047019900,0.5639269406392694,0.2842465753424658,0.4360730593607306,FALSE,33.3,53787,Irish,Europe
36047000900,0.7425897035881436,0.07198573657232003,0.2574102964118565,FALSE,33.9,95080,Irish,Europe
36047002200,0.471737323358271,0.051745635910224436,0.528262676641729,TRUE,39.2,21071,Irish,Europe
36047003700,0.6900654372397382,0.0874479476502082,0.30993456276026177,FALSE,31,90694,Irish,Europe
36047004600,0.8683001531393568,0,0.13169984686064318,FALSE,44.4,63824,Italian,Europe
36047004700,0.652128218602207,0.1676300578034682,0.34787178139779296,FALSE,36,73397,Irish,Europe
36047006600,0.7950617283950617,0.00823045267489712,0.20493827160493827,FALSE,35.2,33558,Arab,Middle East
36047007400,0.2628787878787879,0.016666666666666666,0.7371212121212121,TRUE,34.9,20481,Arab,Middle East
36047007800,0.4307251908396947,0.06221374045801527,0.5692748091603054,TRUE,32.2,22163,Italian,Europe
36047011200,0.6197542683899793,0.027604914632200415,0.38024573161002073,FALSE,29.5,15893,American,United States
36047012000,0.0930442637759711,0,0.9069557362240289,TRUE,37.7,20267,American,United States
36047002100,0.7750340268325879,0.04122107719230021,0.22496597316741201,FALSE,34.3,105595,Irish,Europe
36047003000,0.6501529051987768,0.05076452599388379,0.3498470948012232,FALSE,35.4,45921,Arab,Middle East
36047003300,0.5435897435897435,0.25020242914979757,0.4564102564102564,FALSE,33.4,74250,Irish,Europe
36047087000,0.049297971918876755,0.9335413416536662,0.9507020280811233,TRUE,37.2,26693,WestIndianexceptHispanicgroups,West Indies
36047080400,0.1346329576606762,0.7660676210782821,0.8653670423393238,TRUE,38.7,27402,WestIndianexceptHispanicgroups,West Indies
36047082600,0.08322349839954811,0.8299755225004707,0.9167765016004519,TRUE,37.7,29227,WestIndianexceptHispanicgroups,West Indies
36047085600,0.03834631515877771,0.8541042540443379,0.9616536848412223,TRUE,41,25878,WestIndianexceptHispanicgroups,West Indies
36047088600,0.03919738684087728,0.8593093793747083,0.9608026131591227,TRUE,36.8,24239,WestIndianexceptHispanicgroups,West Indies
36047088800,0.012268462833774356,0.8616790955015636,0.9877315371662256,TRUE,41.3,29205,WestIndianexceptHispanicgroups,West Indies
36047091200,0.10900304277787722,0.7282978342580991,0.8909969572221228,TRUE,30.7,11137,American,United States
36047095000,0.09581881533101046,0.8825783972125436,0.9041811846689896,TRUE,41.1,36371,WestIndianexceptHispanicgroups,West Indies
36047056000,0.8649801023308699,0.019329164297896533,0.1350198976691302,FALSE,44.6,32038,Russian,Europe
36047055100,0.6154868096412982,0.10836970962231923,0.38451319035870185,FALSE,34.6,40373,American,United States
36047055400,0.7801530153015301,0,0.21984698469846986,FALSE,34.3,29881,Russian,Europe
36047056200,0.8890834792761237,0,0.11091652072387624,FALSE,42.1,45938,Arab,Middle East
36047057400,0.4633642930856553,0.013415892672858616,0.5366357069143447,TRUE,45.8,26140,American,United States
36047057800,0.5815393689177234,0.01798879386611619,0.4184606310822766,FALSE,36,26406,Russian,Europe
36047059000,0.471955533097524,0.08893380495199596,0.528044466902476,TRUE,35.2,21735,Russian,Europe
36047061600,0.9119453924914676,0.048464163822525594,0.08805460750853242,FALSE,65.9,30917,Russian,Europe
36047065600,0.7953776775648252,0.009582863585118376,0.20462232243517475,FALSE,38.6,40083,Italian,Europe
36047067200,0.11394658753709198,0.7679525222551928,0.886053412462908,TRUE,38.6,37439,WestIndianexceptHispanicgroups,West Indies
36047070201,0.8608595422361272,0.03737856084307591,0.13914045776387288,FALSE,45.9,37500,Italian,Europe
36047073000,0.08079930495221546,0.8631624674196351,0.9192006950477846,TRUE,39,37261,WestIndianexceptHispanicgroups,West Indies
36047029900,0.06570080862533692,0.7314690026954178,0.9342991913746631,TRUE,33.8,21738,WestIndianexceptHispanicgroups,West Indies
36047022100,0.35705337008268606,0.49736908043096967,0.642946629917314,TRUE,33.7,33712,WestIndianexceptHispanicgroups,West Indies
36047022400,0.7601864640883977,0.001899171270718232,0.2398135359116022,FALSE,19.7,19825,American,United States
36047023100,0.45245356251732743,0.4116994732464652,0.5475464374826726,TRUE,34.4,42656,Irish,Europe
36047023600,0.9298333333333333,0.0023333333333333335,0.07016666666666667,FALSE,21.2,14723,American,United States
36047024700,0.19562670831706364,0.6352987114408434,0.8043732916829364,TRUE,30,23803,WestIndianexceptHispanicgroups,West Indies
36047024900,0.30051091500232235,0.5908035299581978,0.6994890849976777,TRUE,34.5,37477,WestIndianexceptHispanicgroups,West Indies
36047025600,0.24601063829787234,0.018949468085106384,0.7539893617021277,TRUE,38.5,21350,American,United States
36047027800,0.40882800608828007,0.00821917808219178,0.5911719939117199,TRUE,42.4,26051,Italian,Europe
36047028501,0.47835497835497837,0.02813852813852814,0.5216450216450217,TRUE,34.3,29886,Norwegian,Europe
36047028900,0.1958656330749354,0.5963824289405685,0.8041343669250646,TRUE,30.2,22804,WestIndianexceptHispanicgroups,West Indies
36047029100,0.25418517253160233,0.6576699692517937,0.7458148274683977,TRUE,33.6,35387,WestIndianexceptHispanicgroups,West Indies
36047044900,0.32684584491813407,0.4457831325301205,0.6731541550818659,TRUE,32,17075,Italian,Europe
36047046000,0.4851457399103139,0.006726457399103139,0.514854260089686,TRUE,36.2,30441,American,United States
36047048500,0.6197398622800306,0.10596786534047437,0.3802601377199694,FALSE,28.7,37009,German,Europe
36047050801,0.23776908023483365,0.6448140900195695,0.7622309197651663,TRUE,33.4,27684,WestIndianexceptHispanicgroups,West Indies
36047050803,0.24674779689467058,0.5535039865715484,0.7532522031053294,TRUE,33.7,24701,WestIndianexceptHispanicgroups,West Indies
36047050804,0.23170731707317074,0.47000659195781147,0.7682926829268293,TRUE,35.6,26829,WestIndianexceptHispanicgroups,West Indies
36047051001,0.19817658349328215,0.7514395393474088,0.8018234165067178,TRUE,34,24583,WestIndianexceptHispanicgroups,West Indies
36047051002,0.15907118055555555,0.6095920138888888,0.8409288194444444,TRUE,33.2,26364,WestIndianexceptHispanicgroups,West Indies
36047051601,0.07921553547394732,0.7736973658911748,0.9207844645260527,TRUE,32.7,31609,WestIndianexceptHispanicgroups,West Indies
36047051602,0.0822327435833541,0.7301270869673561,0.9177672564166459,TRUE,34.5,25603,WestIndianexceptHispanicgroups,West Indies
36047056100,0.8241013553329405,0.06275780789628757,0.1758986446670595,FALSE,33.5,58167,Polish,Europe
36047061003,0.43973214285714285,0.03180803571428571,0.5602678571428571,TRUE,28.6,17790,American,United States
36047061004,0.9073928739601318,1.569612305760477e-4,0.09260712603986815,FALSE,48.9,24574,Ukrainian,Europe
36047062000,0.9719317556411667,0,0.02806824435883324,FALSE,45,51071,Russian,Europe
36047069601,0.40523758099352053,0.484341252699784,0.5947624190064795,TRUE,39.8,37656,WestIndianexceptHispanicgroups,West Indies
36047069602,0.6619649805447471,0.14364461738002593,0.33803501945525294,FALSE,41.3,36250,Italian,Europe
36047076800,0.8331762488218661,0.017593465284322967,0.16682375117813383,FALSE,32.5,27260,American,United States
36047079601,0.2281150159744409,0.7052183173588924,0.771884984025559,TRUE,35.7,35238,WestIndianexceptHispanicgroups,West Indies
36047079602,0.14021505376344087,0.6879569892473119,0.8597849462365591,TRUE,34.7,29364,WestIndianexceptHispanicgroups,West Indies
36047079801,0.3645833333333333,0.5104166666666666,0.6354166666666666,TRUE,36.9,37416,WestIndianexceptHispanicgroups,West Indies
36047079802,0.26500087981699805,0.5467182825972198,0.734999120183002,TRUE,32.3,37410,WestIndianexceptHispanicgroups,West Indies
36047080800,0.11011638316920322,0.6991942703670546,0.8898836168307968,TRUE,61.3,10214,WestIndianexceptHispanicgroups,West Indies
36047092400,0.02530674846625767,0.8255368098159509,0.9746932515337423,TRUE,30.7,21166,WestIndianexceptHispanicgroups,West Indies
36047093200,0.03859649122807018,0.95,0.9614035087719298,TRUE,54.6,30275,WestIndianexceptHispanicgroups,West Indies
36047094600,0.023255813953488372,0.9367225527312061,0.9767441860465116,TRUE,41.7,38750,WestIndianexceptHispanicgroups,West Indies
36047111600,0.1211378126532614,0.7729279058361942,0.8788621873467386,TRUE,25.9,23922,WestIndianexceptHispanicgroups,West Indies
36047105801,0.36251733703190014,0.6019417475728155,0.6374826629680999,TRUE,48.4,16096,WestIndianexceptHispanicgroups,West Indies
36047105804,0.2705898720089037,0.6061491374513077,0.7294101279910963,TRUE,46.6,19083,American,United States
36047110400,0.03443708609271523,0.8609271523178808,0.9655629139072848,TRUE,35.7,21287,WestIndianexceptHispanicgroups,West Indies
36047114400,0.21762740183792814,0.5622389306599833,0.7823725981620718,TRUE,32.1,21036,WestIndianexceptHispanicgroups,West Indies
36047119800,0.19953596287703015,0.4617169373549884,0.8004640371229699,TRUE,33.9,22292,American,United States
36047123700,0.8864822134387351,0.03241106719367589,0.11351778656126482,FALSE,13.5,21475,Hungarian,Europe
36047150200,0.8356456776947705,0.029171113482746355,0.16435432230522945,FALSE,36,48402,Italian,Europe
36047152200,0.4546427615734546,0.19480867005619482,0.5453572384265454,TRUE,36.7,46675,English,Europe
36047990100,NaN,NaN,NaN,NA,NA,NA,Afghan,Middle East
