{
  "timelineObjects" : [ {
    "placeVisit" : {
      "location" : {
        "latitudeE7" : 423515926,
        "longitudeE7" : -711337383,
        "placeId" : "ChIJkfRkRc9544kRi3s1QFHTbug",
        "address" : "44 Quint Ave\nBoston, MA 02134\nUSA",
        "name" : "44 Quint Ave",
        "semanticType" : "TYPE_HOME",
        "locationConfidence" : 100.0
      },
      "duration" : {
        "startTimestampMs" : "1601511427000",
        "endTimestampMs" : "1601557068000"
      },
      "placeConfidence" : "USER_CONFIRMED",
      "visitConfidence" : 100,
      "editConfirmationStatus" : "CONFIRMED"
    }
  }, {
    "activitySegment" : {
      "startLocation" : {
        "latitudeE7" : 423515926,
        "longitudeE7" : -711337383,
        "placeId" : "ChIJkfRkRc9544kRi3s1QFHTbug",
        "address" : "44 Quint Ave\nBoston, MA 02134\nUSA",
        "name" : "44 Quint Ave",
        "locationConfidence" : 100.0
      },
      "endLocation" : {
        "latitudeE7" : 423345561,
        "longitudeE7" : -711456175,
        "placeId" : "ChIJL6P4T1N444kRUxwGfnTlDvI",
        "address" : "247 Fisher Ave\nBrookline, MA 02445\nUSA",
        "name" : "247 Fisher Ave",
        "locationConfidence" : 100.0
      },
      "duration" : {
        "startTimestampMs" : "1601557068000",
        "endTimestampMs" : "1601558713000"
      },
      "activityType" : "WALKING",
      "confidence" : "HIGH",
      "activities" : [ {
        "activityType" : "WALKING",
        "probability" : 97.84443378448486
      }, {
        "activityType" : "STILL",
        "probability" : 1.3056926429271698
      }, {
        "activityType" : "RUNNING",
        "probability" : 0.4170801490545273
      }, {
        "activityType" : "IN_PASSENGER_VEHICLE",
        "probability" : 0.2096253214403987
      }, {
        "activityType" : "CYCLING",
        "probability" : 0.1404655398800969
      }, {
        "activityType" : "IN_TRAIN",
        "probability" : 0.03013226087205112
      }, {
        "activityType" : "IN_SUBWAY",
        "probability" : 0.024854138609953225
      }, {
        "activityType" : "IN_TRAM",
        "probability" : 0.018309302686247975
      }, {
        "activityType" : "IN_BUS",
        "probability" : 0.00523644412169233
      }, {
        "activityType" : "IN_FERRY",
        "probability" : 0.0022660207832814194
      }, {
        "activityType" : "MOTORCYCLING",
        "probability" : 7.449246368196327E-4
      }, {
        "activityType" : "FLYING",
        "probability" : 4.903125045530032E-4
      }, {
        "activityType" : "SAILING",
        "probability" : 3.3075523333536694E-4
      }, {
        "activityType" : "SKIING",
        "probability" : 3.256565150877577E-4
      }, {
        "activityType" : "IN_VEHICLE",
        "probability" : 1.2516507297277712E-5
      } ],
      "waypointPath" : {
        "waypoints" : [ {
          "latE7" : 423507003,
          "lngE7" : -711335449
        }, {
          "latE7" : 423486213,
          "lngE7" : -711375503
        }, {
          "latE7" : 423343200,
          "lngE7" : -711439437
        } ]
      }
    }
  }, {
    "placeVisit" : {
      "location" : {
        "latitudeE7" : 423345561,
        "longitudeE7" : -711456175,
        "placeId" : "ChIJL6P4T1N444kRUxwGfnTlDvI",
        "address" : "247 Fisher Ave\nBrookline, MA 02445\nUSA",
        "name" : "247 Fisher Ave",
        "locationConfidence" : 100.0
      },
      "duration" : {
        "startTimestampMs" : "1601558713000",
        "endTimestampMs" : "1601592541633"
      },
      "placeConfidence" : "USER_CONFIRMED",
      "visitConfidence" : 100,
      "editConfirmationStatus" : "CONFIRMED"
    }
  }, {
    "activitySegment" : {
      "startLocation" : {
        "latitudeE7" : 423343579,
        "longitudeE7" : -711454736,
        "sourceInfo" : {
          "deviceTag" : 2134587984
        }
      },
      "endLocation" : {
        "latitudeE7" : 423520319,
        "longitudeE7" : -711340066,
        "sourceInfo" : {
          "deviceTag" : 2134587984
        }
      },
      "duration" : {
        "startTimestampMs" : "1601592541633",
        "endTimestampMs" : "1601593335253"
      },
      "distance" : 2461,
      "activityType" : "IN_PASSENGER_VEHICLE",
      "confidence" : "MEDIUM",
      "activities" : [ {
        "activityType" : "IN_PASSENGER_VEHICLE",
        "probability" : 65.30734300613403
      }, {
        "activityType" : "CYCLING",
        "probability" : 28.001481294631958
      }, {
        "activityType" : "STILL",
        "probability" : 3.857477381825447
      }, {
        "activityType" : "WALKING",
        "probability" : 2.063889801502228
      }, {
        "activityType" : "IN_TRAIN",
        "probability" : 0.20904261618852615
      }, {
        "activityType" : "MOTORCYCLING",
        "probability" : 0.18717229831963778
      }, {
        "activityType" : "IN_TRAM",
        "probability" : 0.16518717166036367
      }, {
        "activityType" : "RUNNING",
        "probability" : 0.14528927858918905
      }, {
        "activityType" : "IN_BUS",
        "probability" : 0.034751000930555165
      }, {
        "activityType" : "IN_FERRY",
        "probability" : 0.014787635882385075
      }, {
        "activityType" : "SKIING",
        "probability" : 0.008478712697979063
      }, {
        "activityType" : "IN_SUBWAY",
        "probability" : 0.003831681897281669
      }, {
        "activityType" : "FLYING",
        "probability" : 6.068974016670836E-4
      }, {
        "activityType" : "SAILING",
        "probability" : 5.834966486872872E-4
      }, {
        "activityType" : "IN_VEHICLE",
        "probability" : 8.060658842623525E-5
      } ],
      "waypointPath" : {
        "waypoints" : [ {
          "latE7" : 423342628,
          "lngE7" : -711456604
        }, {
          "latE7" : 423437347,
          "lngE7" : -711387481
        }, {
          "latE7" : 423520088,
          "lngE7" : -711341247
        } ]
      },
      "parkingEvent" : {
        "timestampMs" : "1601593455705",
        "location" : {
          "latitudeE7" : 423515628,
          "longitudeE7" : -711338113,
          "accuracyMetres" : 72
        }
      }
    }
  }, {
    "activitySegment" : {
      "startLocation" : {
        "latitudeE7" : 423520319,
        "longitudeE7" : -711340066,
        "sourceInfo" : {
          "deviceTag" : 2134587984
        }
      },
      "endLocation" : {
        "latitudeE7" : 423527256,
        "longitudeE7" : -711339671,
        "sourceInfo" : {
          "deviceTag" : 2134587984
        }
      },
      "duration" : {
        "startTimestampMs" : "1601593335253",
        "endTimestampMs" : "1601593696703"
      },
      "distance" : 185,
      "activityType" : "WALKING",
      "confidence" : "LOW",
      "activities" : [ {
        "activityType" : "WALKING",
        "probability" : 46.093568205833435
      }, {
        "activityType" : "STILL",
        "probability" : 19.353793561458588
      }, {
        "activityType" : "CYCLING",
        "probability" : 17.772579193115234
      }, {
        "activityType" : "IN_PASSENGER_VEHICLE",
        "probability" : 15.59053510427475
      }, {
        "activityType" : "RUNNING",
        "probability" : 0.825743842869997
      }, {
        "activityType" : "IN_TRAM",
        "probability" : 0.22913217544555664
      }, {
        "activityType" : "IN_TRAIN",
        "probability" : 0.04463369259610772
      }, {
        "activityType" : "SKIING",
        "probability" : 0.04043807275593281
      }, {
        "activityType" : "MOTORCYCLING",
        "probability" : 0.021582753106486052
      }, {
        "activityType" : "IN_BUS",
        "probability" : 0.011187928612343967
      }, {
        "activityType" : "IN_FERRY",
        "probability" : 0.00907587818801403
      }, {
        "activityType" : "SAILING",
        "probability" : 0.005435259663499892
      }, {
        "activityType" : "IN_SUBWAY",
        "probability" : 0.0010984270375047345
      }, {
        "activityType" : "FLYING",
        "probability" : 9.440563189855311E-4
      }, {
        "activityType" : "IN_VEHICLE",
        "probability" : 2.552641490183305E-4
      } ],
      "waypointPath" : {
        "waypoints" : [ {
          "latE7" : 423520164,
          "lngE7" : -711340789
        }, {
          "latE7" : 423524360,
          "lngE7" : -711340789
        }, {
          "latE7" : 423527297,
          "lngE7" : -711340408
        } ]
      }
    }
  }, {
    "placeVisit" : {
      "location" : {
        "latitudeE7" : 423533031,
        "longitudeE7" : -711326374,
        "placeId" : "ChIJQ8pAf8V544kRWWqVXYZ5IxU",
        "address" : "161 Brighton Ave\nBoston, MA 02134\nUSA",
        "name" : "Tavern In The Square Allston",
        "sourceInfo" : {
          "deviceTag" : 2134587984
        },
        "locationConfidence" : 30.365797
      },
      "duration" : {
        "startTimestampMs" : "1601593696703",
        "endTimestampMs" : "1601598923500"
      },
      "placeConfidence" : "MEDIUM_CONFIDENCE",
      "centerLatE7" : 423530450,
      "centerLngE7" : -711329360,
      "visitConfidence" : 93,
      "otherCandidateLocations" : [ {
        "latitudeE7" : 423532542,
        "longitudeE7" : -711327051,
        "placeId" : "ChIJG3NyXQ5544kRYZWb_fjsLh8",
        "locationConfidence" : 21.545675
      }, {
        "latitudeE7" : 423533378,
        "longitudeE7" : -711329126,
        "placeId" : "ChIJ7ar_f89544kRFSwk86FJZ3w",
        "locationConfidence" : 12.532753
      }, {
        "latitudeE7" : 423529601,
        "longitudeE7" : -711330635,
        "placeId" : "ChIJTVBrfs9544kRK7r8mcqLxOE",
        "locationConfidence" : 7.5052867
      }, {
        "latitudeE7" : 423515091,
        "longitudeE7" : -711336975,
        "placeId" : "ChIJkfRkRc9544kRi3s1QFHTbug",
        "semanticType" : "TYPE_HOME",
        "locationConfidence" : 7.4485755
      }, {
        "latitudeE7" : 423527234,
        "longitudeE7" : -711323076,
        "placeId" : "ChIJebo3m8V544kR1ryP00WJm2I",
        "locationConfidence" : 6.0342
      }, {
        "latitudeE7" : 423539300,
        "longitudeE7" : -711337180,
        "placeId" : "ChIJT_gAJ8Z544kRZM1p4BYsiM4",
        "locationConfidence" : 2.4921286
      }, {
        "latitudeE7" : 423529549,
        "longitudeE7" : -711327972,
        "placeId" : "ChIJRe_4gMV544kR-i-iyvi7X6s",
        "locationConfidence" : 2.224467
      }, {
        "latitudeE7" : 423529304,
        "longitudeE7" : -711329437,
        "placeId" : "ChIJMViHgMV544kR-PIbvzfukos",
        "locationConfidence" : 2.2233694
      }, {
        "latitudeE7" : 423533556,
        "longitudeE7" : -711334542,
        "placeId" : "ChIJHdtlgs9544kRN7wrClasQTk",
        "locationConfidence" : 2.193408
      } ],
      "editConfirmationStatus" : "NOT_CONFIRMED"
    }
  }, {
    "activitySegment" : {
      "startLocation" : {
        "latitudeE7" : 423531246,
        "longitudeE7" : -711328525,
        "sourceInfo" : {
          "deviceTag" : 2134587984
        }
      },
      "endLocation" : {
        "latitudeE7" : 423515925,
        "longitudeE7" : -711336526,
        "sourceInfo" : {
          "deviceTag" : 2134587984
        }
      },
      "duration" : {
        "startTimestampMs" : "1601598923500",
        "endTimestampMs" : "1601600157721"
      },
      "distance" : 182,
      "activityType" : "WALKING",
      "confidence" : "MEDIUM",
      "activities" : [ {
        "activityType" : "WALKING",
        "probability" : 64.85204696655273
      }, {
        "activityType" : "IN_PASSENGER_VEHICLE",
        "probability" : 17.810441553592682
      }, {
        "activityType" : "CYCLING",
        "probability" : 15.772804617881775
      }, {
        "activityType" : "STILL",
        "probability" : 0.8668823167681694
      }, {
        "activityType" : "RUNNING",
        "probability" : 0.42130262590944767
      }, {
        "activityType" : "SKIING",
        "probability" : 0.13680446427315474
      }, {
        "activityType" : "IN_TRAM",
        "probability" : 0.08085600566118956
      }, {
        "activityType" : "IN_BUS",
        "probability" : 0.023069883172865957
      }, {
        "activityType" : "MOTORCYCLING",
        "probability" : 0.01811872934922576
      }, {
        "activityType" : "IN_FERRY",
        "probability" : 0.006414559175027534
      }, {
        "activityType" : "IN_TRAIN",
        "probability" : 0.005965033415122889
      }, {
        "activityType" : "SAILING",
        "probability" : 0.003424313399591483
      }, {
        "activityType" : "FLYING",
        "probability" : 0.0016508409316884354
      }, {
        "activityType" : "IN_SUBWAY",
        "probability" : 1.248235321327229E-4
      }, {
        "activityType" : "IN_VEHICLE",
        "probability" : 9.829594773691497E-5
      } ]
    }
  }, {
    "placeVisit" : {
      "location" : {
        "latitudeE7" : 423515926,
        "longitudeE7" : -711337383,
        "placeId" : "ChIJkfRkRc9544kRi3s1QFHTbug",
        "address" : "44 Quint Ave\nBoston, MA 02134\nUSA",
        "name" : "44 Quint Ave",
        "semanticType" : "TYPE_HOME",
        "sourceInfo" : {
          "deviceTag" : 2134587984
        },
        "locationConfidence" : 99.30861
      },
      "duration" : {
        "startTimestampMs" : "1601600157721",
        "endTimestampMs" : "1601677639265"
      },
      "placeConfidence" : "HIGH_CONFIDENCE",
      "centerLatE7" : 423516161,
      "centerLngE7" : -711336418,
      "visitConfidence" : 87,
      "otherCandidateLocations" : [ {
        "latitudeE7" : 423517218,
        "longitudeE7" : -711339091,
        "placeId" : "ChIJA01URM9544kRL2IyI1vP57w",
        "semanticType" : "TYPE_SEARCHED_ADDRESS",
        "locationConfidence" : 0.18695302
      }, {
        "latitudeE7" : 423529601,
        "longitudeE7" : -711330635,
        "placeId" : "ChIJTVBrfs9544kRK7r8mcqLxOE",
        "locationConfidence" : 0.121065766
      }, {
        "latitudeE7" : 423533378,
        "longitudeE7" : -711329126,
        "placeId" : "ChIJ7ar_f89544kRFSwk86FJZ3w",
        "locationConfidence" : 0.11323165
      }, {
        "latitudeE7" : 423527234,
        "longitudeE7" : -711323076,
        "placeId" : "ChIJebo3m8V544kR1ryP00WJm2I",
        "locationConfidence" : 0.077622645
      } ],
      "editConfirmationStatus" : "NOT_CONFIRMED"
    }
  }, {
    "activitySegment" : {
      "startLocation" : {
        "latitudeE7" : 423520392,
        "longitudeE7" : -711343038,
        "sourceInfo" : {
          "deviceTag" : 2134587984
        }
      },
      "endLocation" : {
        "latitudeE7" : 423367013,
        "longitudeE7" : -711487370,
        "sourceInfo" : {
          "deviceTag" : 2134587984
        }
      },
      "duration" : {
        "startTimestampMs" : "1601677639265",
        "endTimestampMs" : "1601678245000"
      },
      "distance" : 2470,
      "activityType" : "IN_PASSENGER_VEHICLE",
      "confidence" : "HIGH",
      "activities" : [ {
        "activityType" : "IN_PASSENGER_VEHICLE",
        "probability" : 84.76137518882751
      }, {
        "activityType" : "CYCLING",
        "probability" : 9.63440090417862
      }, {
        "activityType" : "STILL",
        "probability" : 3.9365895092487335
      }, {
        "activityType" : "WALKING",
        "probability" : 0.7270247675478458
      }, {
        "activityType" : "IN_TRAM",
        "probability" : 0.32873540185391903
      }, {
        "activityType" : "IN_BUS",
        "probability" : 0.18200145568698645
      }, {
        "activityType" : "MOTORCYCLING",
        "probability" : 0.13530222931876779
      }, {
        "activityType" : "RUNNING",
        "probability" : 0.12634436134248972
      }, {
        "activityType" : "IN_TRAIN",
        "probability" : 0.11283056810498238
      }, {
        "activityType" : "IN_FERRY",
        "probability" : 0.034243069239892066
      }, {
        "activityType" : "IN_SUBWAY",
        "probability" : 0.01328756334260106
      }, {
        "activityType" : "SKIING",
        "probability" : 0.004732424713438377
      }, {
        "activityType" : "FLYING",
        "probability" : 0.0016126712580444291
      }, {
        "activityType" : "SAILING",
        "probability" : 0.0014793234186072368
      }, {
        "activityType" : "IN_VEHICLE",
        "probability" : 4.005421203601145E-5
      } ],
      "waypointPath" : {
        "waypoints" : [ {
          "latE7" : 423520660,
          "lngE7" : -711341476
        }, {
          "latE7" : 423531608,
          "lngE7" : -711338577
        }, {
          "latE7" : 423495864,
          "lngE7" : -711369705
        }, {
          "latE7" : 423430061,
          "lngE7" : -711416015
        }, {
          "latE7" : 423366966,
          "lngE7" : -711487503
        } ]
      },
      "simplifiedRawPath" : {
        "points" : [ {
          "latE7" : 423497696,
          "lngE7" : -711368027,
          "timestampMs" : "1601677764717",
          "accuracyMeters" : 24
        } ]
      },
      "parkingEvent" : {
        "timestampMs" : "1601678257013",
        "location" : {
          "latitudeE7" : 423366859,
          "longitudeE7" : -711487654,
          "accuracyMetres" : 28
        }
      }
    }
  }, {
    "placeVisit" : {
      "location" : {
        "latitudeE7" : 423361970,
        "longitudeE7" : -711489856,
        "placeId" : "ChIJkd5gx1N444kRf6sgO6DVYtw",
        "address" : "Boston, MA 02135\nUSA",
        "name" : "Cleveland Circle",
        "sourceInfo" : {
          "deviceTag" : 2134587984
        },
        "locationConfidence" : 36.364307
      },
      "duration" : {
        "startTimestampMs" : "1601678245000",
        "endTimestampMs" : "1601678630000"
      },
      "placeConfidence" : "LOW_CONFIDENCE",
      "centerLatE7" : 423362067,
      "centerLngE7" : -711496459,
      "visitConfidence" : 93,
      "otherCandidateLocations" : [ {
        "latitudeE7" : 423364886,
        "longitudeE7" : -711494469,
        "placeId" : "ChIJx_VryFN444kRdu7kKUh3Q1o",
        "locationConfidence" : 30.271578
      }, {
        "latitudeE7" : 423366763,
        "longitudeE7" : -711489130,
        "placeId" : "ChIJf_OJs1N444kRe03GfU-3aUs",
        "locationConfidence" : 24.508738
      }, {
        "latitudeE7" : 423365247,
        "longitudeE7" : -711491909,
        "placeId" : "ChIJC7Wwt1N444kRM-I43qYtJZE",
        "locationConfidence" : 4.771498
      }, {
        "latitudeE7" : 423365862,
        "longitudeE7" : -711490793,
        "placeId" : "ChIJdbLqtlN444kRqCuF_X4CaJg",
        "locationConfidence" : 1.4462762
      }, {
        "latitudeE7" : 423364779,
        "longitudeE7" : -711491514,
        "placeId" : "ChIJM3n_tlN444kRAxrbKM75FFc",
        "locationConfidence" : 0.92324793
      }, {
        "latitudeE7" : 423367131,
        "longitudeE7" : -711486322,
        "placeId" : "ChIJ1RxyslN444kRqqysFJOU3GI",
        "locationConfidence" : 0.7896915
      } ],
      "editConfirmationStatus" : "NOT_CONFIRMED"
    }
  }, {
    "activitySegment" : {
      "startLocation" : {
        "latitudeE7" : 423362067,
        "longitudeE7" : -711496459,
        "sourceInfo" : {
          "deviceTag" : 2134587984
        }
      },
      "endLocation" : {
        "latitudeE7" : 423350932,
        "longitudeE7" : -711457277,
        "sourceInfo" : {
          "deviceTag" : 2134587984
        }
      },
      "duration" : {
        "startTimestampMs" : "1601678630000",
        "endTimestampMs" : "1601678728494"
      },
      "distance" : 471,
      "activityType" : "IN_PASSENGER_VEHICLE",
      "confidence" : "LOW",
      "activities" : [ {
        "activityType" : "IN_PASSENGER_VEHICLE",
        "probability" : 55.72352409362793
      }, {
        "activityType" : "CYCLING",
        "probability" : 19.674815237522125
      }, {
        "activityType" : "STILL",
        "probability" : 18.739551305770874
      }, {
        "activityType" : "WALKING",
        "probability" : 4.461529105901718
      }, {
        "activityType" : "IN_TRAM",
        "probability" : 0.752133084461093
      }, {
        "activityType" : "RUNNING",
        "probability" : 0.2833212725818157
      }, {
        "activityType" : "IN_BUS",
        "probability" : 0.08893435588106513
      }, {
        "activityType" : "IN_TRAIN",
        "probability" : 0.08393381722271442
      }, {
        "activityType" : "SKIING",
        "probability" : 0.08048730669543147
      }, {
        "activityType" : "MOTORCYCLING",
        "probability" : 0.0498732493724674
      }, {
        "activityType" : "IN_FERRY",
        "probability" : 0.04258944536559284
      }, {
        "activityType" : "SAILING",
        "probability" : 0.013519292406272143
      }, {
        "activityType" : "IN_SUBWAY",
        "probability" : 0.003881101292790845
      }, {
        "activityType" : "FLYING",
        "probability" : 0.0014152758012642153
      }, {
        "activityType" : "IN_VEHICLE",
        "probability" : 4.9706177378539E-4
      } ],
      "waypointPath" : {
        "waypoints" : [ {
          "latE7" : 423362274,
          "lngE7" : -711496505
        }, {
          "latE7" : 423360443,
          "lngE7" : -711508026
        }, {
          "latE7" : 423350296,
          "lngE7" : -711457061
        } ]
      },
      "parkingEvent" : {
        "timestampMs" : "1601678893267",
        "location" : {
          "latitudeE7" : 423343079,
          "longitudeE7" : -711452891,
          "accuracyMetres" : 152
        }
      }
    }
  }, {
    "placeVisit" : {
      "location" : {
        "latitudeE7" : 423345561,
        "longitudeE7" : -711456175,
        "placeId" : "ChIJL6P4T1N444kRUxwGfnTlDvI",
        "address" : "247 Fisher Ave\nBrookline, MA 02445\nUSA",
        "name" : "247 Fisher Ave",
        "sourceInfo" : {
          "deviceTag" : 2134587984
        },
        "locationConfidence" : 93.20795
      },
      "duration" : {
        "startTimestampMs" : "1601678728494",
        "endTimestampMs" : "1601737782000"
      },
      "placeConfidence" : "HIGH_CONFIDENCE",
      "centerLatE7" : 423343200,
      "centerLngE7" : -711453417,
      "visitConfidence" : 88,
      "otherCandidateLocations" : [ {
        "latitudeE7" : 423350395,
        "longitudeE7" : -711487967,
        "placeId" : "ChIJlzvejVN444kRA845bwOxjVI",
        "locationConfidence" : 0.30319864
      }, {
        "latitudeE7" : 423364425,
        "longitudeE7" : -711435818,
        "placeId" : "ChIJx-F9F61544kRQrHqJTEJ8MU",
        "locationConfidence" : 0.16437227
      }, {
        "latitudeE7" : 423355121,
        "longitudeE7" : -711484346,
        "placeId" : "ChIJA_JEmFN444kRBFnz8A_7vvo",
        "locationConfidence" : 0.09929234
      }, {
        "latitudeE7" : 423359098,
        "longitudeE7" : -711490296,
        "placeId" : "ChIJIyQrulN444kR_XIChsjuFs4",
        "locationConfidence" : 0.08693312
      } ],
      "editConfirmationStatus" : "NOT_CONFIRMED"
    }
  }, {
    "activitySegment" : {
      "startLocation" : {
        "latitudeE7" : 423358704,
        "longitudeE7" : -711496333,
        "sourceInfo" : {
          "deviceTag" : 2134587984
        }
      },
      "endLocation" : {
        "latitudeE7" : 423517306,
        "longitudeE7" : -711340212,
        "sourceInfo" : {
          "deviceTag" : 2134587984
        }
      },
      "duration" : {
        "startTimestampMs" : "1601737782000",
        "endTimestampMs" : "1601738820111"
      },
      "distance" : 3912,
      "activityType" : "IN_PASSENGER_VEHICLE",
      "confidence" : "LOW",
      "activities" : [ {
        "activityType" : "IN_PASSENGER_VEHICLE",
        "probability" : 48.85944724082947
      }, {
        "activityType" : "STILL",
        "probability" : 36.92667782306671
      }, {
        "activityType" : "WALKING",
        "probability" : 11.256039142608643
      }, {
        "activityType" : "IN_TRAM",
        "probability" : 1.3536512851715088
      }, {
        "activityType" : "CYCLING",
        "probability" : 0.9191384539008141
      }, {
        "activityType" : "IN_TRAIN",
        "probability" : 0.43859174475073814
      }, {
        "activityType" : "RUNNING",
        "probability" : 0.11175614781677723
      }, {
        "activityType" : "IN_FERRY",
        "probability" : 0.041932734893634915
      }, {
        "activityType" : "IN_BUS",
        "probability" : 0.033763505052775145
      }, {
        "activityType" : "SKIING",
        "probability" : 0.0204757961910218
      }, {
        "activityType" : "SAILING",
        "probability" : 0.01825965300668031
      }, {
        "activityType" : "IN_SUBWAY",
        "probability" : 0.010537717025727034
      }, {
        "activityType" : "FLYING",
        "probability" : 0.008247331425081939
      }, {
        "activityType" : "MOTORCYCLING",
        "probability" : 0.001437611717847176
      }, {
        "activityType" : "IN_VEHICLE",
        "probability" : 4.757693545798247E-5
      } ],
      "waypointPath" : {
        "waypoints" : [ {
          "latE7" : 423358879,
          "lngE7" : -711495437
        }, {
          "latE7" : 423369483,
          "lngE7" : -711452789
        }, {
          "latE7" : 423370628,
          "lngE7" : -711450271
        }, {
          "latE7" : 423378677,
          "lngE7" : -711530761
        }, {
          "latE7" : 423378677,
          "lngE7" : -711530761
        }, {
          "latE7" : 423418769,
          "lngE7" : -711448593
        }, {
          "latE7" : 423507156,
          "lngE7" : -711324081
        } ]
      },
      "simplifiedRawPath" : {
        "points" : [ {
          "latE7" : 423370247,
          "lngE7" : -711452255,
          "timestampMs" : "1601738013109",
          "accuracyMeters" : 3
        }, {
          "latE7" : 423377533,
          "lngE7" : -711529617,
          "timestampMs" : "1601738293135",
          "accuracyMeters" : 4
        } ]
      },
      "parkingEvent" : {
        "timestampMs" : "1601738993137",
        "location" : {
          "latitudeE7" : 423516307,
          "longitudeE7" : -711336930,
          "accuracyMetres" : 28
        }
      }
    }
  }, {
    "placeVisit" : {
      "location" : {
        "latitudeE7" : 423515926,
        "longitudeE7" : -711337383,
        "placeId" : "ChIJkfRkRc9544kRi3s1QFHTbug",
        "address" : "44 Quint Ave\nBoston, MA 02134\nUSA",
        "name" : "44 Quint Ave",
        "semanticType" : "TYPE_HOME",
        "sourceInfo" : {
          "deviceTag" : 2134587984
        },
        "locationConfidence" : 99.06111
      },
      "duration" : {
        "startTimestampMs" : "1601738820111",
        "endTimestampMs" : "1601751206662"
      },
      "placeConfidence" : "HIGH_CONFIDENCE",
      "centerLatE7" : 423515713,
      "centerLngE7" : -711335817,
      "visitConfidence" : 91,
      "otherCandidateLocations" : [ {
        "latitudeE7" : 423517218,
        "longitudeE7" : -711339091,
        "placeId" : "ChIJA01URM9544kRL2IyI1vP57w",
        "semanticType" : "TYPE_SEARCHED_ADDRESS",
        "locationConfidence" : 0.26303467
      }, {
        "latitudeE7" : 423527234,
        "longitudeE7" : -711323076,
        "placeId" : "ChIJebo3m8V544kR1ryP00WJm2I",
        "locationConfidence" : 0.07349334
      }, {
        "latitudeE7" : 423517660,
        "longitudeE7" : -711338040,
        "placeId" : "ChIJfc7GRM9544kRljGK3pY9gBI",
        "semanticType" : "TYPE_SEARCHED_ADDRESS",
        "locationConfidence" : 0.030473929
      }, {
        "latitudeE7" : 423521077,
        "longitudeE7" : -711320937,
        "placeId" : "ChIJc4qJkcV544kRG_Bxfc9IMpM",
        "locationConfidence" : 0.020514756
      } ],
      "editConfirmationStatus" : "NOT_CONFIRMED"
    }
  }, {
    "activitySegment" : {
      "startLocation" : {
        "latitudeE7" : 423513617,
        "longitudeE7" : -711336394,
        "sourceInfo" : {
          "deviceTag" : 2134587984
        }
      },
      "endLocation" : {
        "latitudeE7" : 423491852,
        "longitudeE7" : -711682360,
        "sourceInfo" : {
          "deviceTag" : 2134587984
        }
      },
      "duration" : {
        "startTimestampMs" : "1601751206662",
        "endTimestampMs" : "1601752633981"
      },
      "distance" : 3497,
      "activityType" : "IN_PASSENGER_VEHICLE",
      "confidence" : "HIGH",
      "activities" : [ {
        "activityType" : "IN_PASSENGER_VEHICLE",
        "probability" : 97.5881814956665
      }, {
        "activityType" : "CYCLING",
        "probability" : 0.8834903128445148
      }, {
        "activityType" : "WALKING",
        "probability" : 0.8441746234893799
      }, {
        "activityType" : "STILL",
        "probability" : 0.423593120649457
      }, {
        "activityType" : "MOTORCYCLING",
        "probability" : 0.16605391865596175
      }, {
        "activityType" : "RUNNING",
        "probability" : 0.03307645383756608
      }, {
        "activityType" : "IN_BUS",
        "probability" : 0.02658449811860919
      }, {
        "activityType" : "IN_TRAIN",
        "probability" : 0.01487086556153372
      }, {
        "activityType" : "IN_FERRY",
        "probability" : 0.008980752318166196
      }, {
        "activityType" : "IN_TRAM",
        "probability" : 0.006269592995522544
      }, {
        "activityType" : "IN_SUBWAY",
        "probability" : 0.0016645541109028272
      }, {
        "activityType" : "FLYING",
        "probability" : 0.0012307041288295295
      }, {
        "activityType" : "SKIING",
        "probability" : 0.001210879327118164
      }, {
        "activityType" : "SAILING",
        "probability" : 5.794989192509092E-4
      }, {
        "activityType" : "IN_VEHICLE",
        "probability" : 3.073642744766403E-5
      } ],
      "waypointPath" : {
        "waypoints" : [ {
          "latE7" : 423513107,
          "lngE7" : -711338806
        }, {
          "latE7" : 423531608,
          "lngE7" : -711338577
        }, {
          "latE7" : 423546600,
          "lngE7" : -711347961
        }, {
          "latE7" : 423489990,
          "lngE7" : -711508407
        }, {
          "latE7" : 423491096,
          "lngE7" : -711689758
        } ]
      },
      "simplifiedRawPath" : {
        "points" : [ {
          "latE7" : 423546715,
          "lngE7" : -711348038,
          "timestampMs" : "1601751461440",
          "accuracyMeters" : 17
        } ]
      },
      "parkingEvent" : {
        "timestampMs" : "1601752556535",
        "location" : {
          "latitudeE7" : 423492133,
          "longitudeE7" : -711683080,
          "accuracyMetres" : 114
        }
      }
    }
  }, {
    "placeVisit" : {
      "location" : {
        "latitudeE7" : 423491621,
        "longitudeE7" : -711684079,
        "placeId" : "ChIJFwN310F444kRN0W-fTo_fvw",
        "address" : "38 Breck Ave\nBrighton, MA 02135\nUSA",
        "name" : "38 Breck Ave",
        "semanticType" : "TYPE_SEARCHED_ADDRESS",
        "sourceInfo" : {
          "deviceTag" : 2134587984
        },
        "locationConfidence" : 88.5554
      },
      "duration" : {
        "startTimestampMs" : "1601752633981",
        "endTimestampMs" : "1601785841709"
      },
      "placeConfidence" : "HIGH_CONFIDENCE",
      "centerLatE7" : 423491928,
      "centerLngE7" : -711683202,
      "visitConfidence" : 95,
      "otherCandidateLocations" : [ {
        "latitudeE7" : 423508836,
        "longitudeE7" : -711671344,
        "placeId" : "ChIJ1cuaGUB444kRZaChvMsicBs",
        "locationConfidence" : 0.8767472
      }, {
        "latitudeE7" : 423504917,
        "longitudeE7" : -711678834,
        "placeId" : "ChIJHYVYO0B444kRmydwBWms-6c",
        "locationConfidence" : 0.47033545
      }, {
        "latitudeE7" : 423508723,
        "longitudeE7" : -711680666,
        "placeId" : "ChIJP3V_GEB444kRXr3KyHQKY7g",
        "locationConfidence" : 0.069602914
      }, {
        "latitudeE7" : 423511960,
        "longitudeE7" : -711673490,
        "placeId" : "ChIJgWhaEkB444kRTMSboq1rA-w",
        "locationConfidence" : 0.063395426
      } ],
      "editConfirmationStatus" : "NOT_CONFIRMED"
    }
  }, {
    "activitySegment" : {
      "startLocation" : {
        "latitudeE7" : 423493141,
        "longitudeE7" : -711686433,
        "sourceInfo" : {
          "deviceTag" : 2134587984
        }
      },
      "endLocation" : {
        "latitudeE7" : 423521255,
        "longitudeE7" : -711331827,
        "sourceInfo" : {
          "deviceTag" : 2134587984
        }
      },
      "duration" : {
        "startTimestampMs" : "1601785841709",
        "endTimestampMs" : "1601786359979"
      },
      "distance" : 3097,
      "activityType" : "IN_PASSENGER_VEHICLE",
      "confidence" : "HIGH",
      "activities" : [ {
        "activityType" : "IN_PASSENGER_VEHICLE",
        "probability" : 95.82565426826477
      }, {
        "activityType" : "CYCLING",
        "probability" : 2.6542598381638527
      }, {
        "activityType" : "MOTORCYCLING",
        "probability" : 0.9136536158621311
      }, {
        "activityType" : "WALKING",
        "probability" : 0.37877040449529886
      }, {
        "activityType" : "STILL",
        "probability" : 0.11215544072911143
      }, {
        "activityType" : "IN_TRAIN",
        "probability" : 0.036905400338582695
      }, {
        "activityType" : "RUNNING",
        "probability" : 0.03635458124335855
      }, {
        "activityType" : "IN_FERRY",
        "probability" : 0.01518090721219778
      }, {
        "activityType" : "IN_BUS",
        "probability" : 0.012694696488324553
      }, {
        "activityType" : "IN_SUBWAY",
        "probability" : 0.006810043123550713
      }, {
        "activityType" : "IN_TRAM",
        "probability" : 0.00542099260201212
      }, {
        "activityType" : "FLYING",
        "probability" : 0.0012383073226374108
      }, {
        "activityType" : "SAILING",
        "probability" : 5.824464096804149E-4
      }, {
        "activityType" : "SKIING",
        "probability" : 3.184581828463706E-4
      }, {
        "activityType" : "IN_VEHICLE",
        "probability" : 3.5517583540922715E-6
      } ],
      "waypointPath" : {
        "waypoints" : [ {
          "latE7" : 423493347,
          "lngE7" : -711686706
        }, {
          "latE7" : 423504638,
          "lngE7" : -711464004
        }, {
          "latE7" : 423521156,
          "lngE7" : -711332550
        } ]
      },
      "parkingEvent" : {
        "timestampMs" : "1601786480352",
        "location" : {
          "latitudeE7" : 423520148,
          "longitudeE7" : -711339441,
          "accuracyMetres" : 77
        }
      }
    }
  }, {
    "placeVisit" : {
      "location" : {
        "latitudeE7" : 423515926,
        "longitudeE7" : -711337383,
        "placeId" : "ChIJkfRkRc9544kRi3s1QFHTbug",
        "address" : "44 Quint Ave\nBoston, MA 02134\nUSA",
        "name" : "44 Quint Ave",
        "semanticType" : "TYPE_HOME",
        "sourceInfo" : {
          "deviceTag" : 2134587984
        },
        "locationConfidence" : 99.02267
      },
      "duration" : {
        "startTimestampMs" : "1601786359979",
        "endTimestampMs" : "1601790266569"
      },
      "placeConfidence" : "HIGH_CONFIDENCE",
      "centerLatE7" : 423517923,
      "centerLngE7" : -711335597,
      "visitConfidence" : 86,
      "otherCandidateLocations" : [ {
        "latitudeE7" : 423517218,
        "longitudeE7" : -711339091,
        "placeId" : "ChIJA01URM9544kRL2IyI1vP57w",
        "semanticType" : "TYPE_SEARCHED_ADDRESS",
        "locationConfidence" : 0.2215604
      }, {
        "latitudeE7" : 423529601,
        "longitudeE7" : -711330635,
        "placeId" : "ChIJTVBrfs9544kRK7r8mcqLxOE",
        "locationConfidence" : 0.0874643
      }, {
        "latitudeE7" : 423527234,
        "longitudeE7" : -711323076,
        "placeId" : "ChIJebo3m8V544kR1ryP00WJm2I",
        "locationConfidence" : 0.0790602
      }, {
        "latitudeE7" : 423517660,
        "longitudeE7" : -711338040,
        "placeId" : "ChIJfc7GRM9544kRljGK3pY9gBI",
        "semanticType" : "TYPE_SEARCHED_ADDRESS",
        "locationConfidence" : 0.042157974
      } ],
      "editConfirmationStatus" : "NOT_CONFIRMED"
    }
  } ]
}