{
  "timelineObjects" : [ {
    "activitySegment" : {
      "startLocation" : {
        "latitudeE7" : 423374212,
        "longitudeE7" : -711476482
      },
      "endLocation" : {
        "latitudeE7" : 423360388,
        "longitudeE7" : -711498193
      },
      "duration" : {
        "startTimestampMs" : "1535831484854",
        "endTimestampMs" : "1535839638691"
      },
      "distance" : 235,
      "activityType" : "IN_PASSENGER_VEHICLE",
      "confidence" : "LOW",
      "activities" : [ {
        "activityType" : "IN_PASSENGER_VEHICLE",
        "probability" : 42.16343404396247
      }, {
        "activityType" : "WALKING",
        "probability" : 35.38497399163546
      }, {
        "activityType" : "CYCLING",
        "probability" : 12.819333147756968
      } ],
      "waypointPath" : {
        "waypoints" : [ {
          "latE7" : 423374595,
          "lngE7" : -711476669
        }, {
          "latE7" : 423360443,
          "lngE7" : -711508026
        }, {
          "latE7" : 423359489,
          "lngE7" : -711497726
        } ]
      },
      "editConfirmationStatus" : "NOT_CONFIRMED"
    }
  }, {
    "activitySegment" : {
      "startLocation" : {
        "latitudeE7" : 423360388,
        "longitudeE7" : -711498193
      },
      "endLocation" : {
        "latitudeE7" : 423492571,
        "longitudeE7" : -711314829
      },
      "duration" : {
        "startTimestampMs" : "1535839638691",
        "endTimestampMs" : "1535897255334"
      },
      "activityType" : "UNKNOWN_ACTIVITY_TYPE",
      "activities" : [ {
        "activityType" : "UNKNOWN_ACTIVITY_TYPE",
        "probability" : 0.0
      } ],
      "simplifiedRawPath" : {
        "points" : [ {
          "latE7" : 423377047,
          "lngE7" : -711419442,
          "timestampMs" : "1535840062485",
          "accuracyMeters" : 26
        }, {
          "latE7" : 423419484,
          "lngE7" : -711408896,
          "timestampMs" : "1535840185732",
          "accuracyMeters" : 30
        }, {
          "latE7" : 423403835,
          "lngE7" : -711396862,
          "timestampMs" : "1535840238000",
          "accuracyMeters" : 54
        } ]
      }
    }
  }, {
    "placeVisit" : {
      "location" : {
        "latitudeE7" : 423486748,
        "longitudeE7" : -711297150,
        "placeId" : "ChIJFTf-9sZ544kRPsixxFnWVx0",
        "address" : "526 Harvard St\nBrookline, MA 02446\nUSA",
        "name" : "526 Harvard St",
        "sourceInfo" : {
          "deviceTag" : 1259109606
        },
        "locationConfidence" : 29.170944
      },
      "duration" : {
        "startTimestampMs" : "1535897255334",
        "endTimestampMs" : "1535907412000"
      },
      "placeConfidence" : "MEDIUM_CONFIDENCE",
      "centerLatE7" : 423492571,
      "centerLngE7" : -711314829,
      "visitConfidence" : 89,
      "otherCandidateLocations" : [ {
        "latitudeE7" : 423494917,
        "longitudeE7" : -711306939,
        "placeId" : "ChIJWcBIb8Z544kRRU4uEoeI4qU",
        "semanticType" : "TYPE_SEARCHED_ADDRESS",
        "locationConfidence" : 26.679638
      }, {
        "latitudeE7" : 423496808,
        "longitudeE7" : -711300024,
        "placeId" : "ChIJB76aYsZ544kRg-Iz1XJe48s",
        "name" : "bfresh",
        "locationConfidence" : 16.824375
      }, {
        "latitudeE7" : 423488098,
        "longitudeE7" : -711299289,
        "placeId" : "ChIJByHi9cZ544kR9NnTQyhMdss",
        "semanticType" : "TYPE_SEARCHED_ADDRESS",
        "locationConfidence" : 5.8347917
      }, {
        "latitudeE7" : 423483139,
        "longitudeE7" : -711296119,
        "placeId" : "ChIJQ2dH-sZ544kR4Bef7yTRooI",
        "semanticType" : "TYPE_SEARCHED_ADDRESS",
        "locationConfidence" : 4.921663
      }, {
        "latitudeE7" : 423510080,
        "longitudeE7" : -711315896,
        "placeId" : "ChIJnWSa58V544kRlRohtA2ljEo",
        "name" : "Fast Eddies Barbershop",
        "locationConfidence" : 0.79564095
      }, {
        "latitudeE7" : 423497608,
        "longitudeE7" : -711312047,
        "placeId" : "ChIJGVAMC8Z544kRq-U0c8YvD7o",
        "name" : "Hair Design Center",
        "locationConfidence" : 0.75797004
      }, {
        "latitudeE7" : 423497685,
        "longitudeE7" : -711307890,
        "placeId" : "ChIJU1Ltb8Z544kReliinpDgi3s",
        "name" : "DENTISTAR",
        "locationConfidence" : 0.579536
      }, {
        "latitudeE7" : 423490995,
        "longitudeE7" : -711324376,
        "placeId" : "ChIJT_gAJ8Z544kRd6MFkVF5nW8",
        "name" : "CVS",
        "locationConfidence" : 0.4982548
      } ],
      "editConfirmationStatus" : "NOT_CONFIRMED"
    }
  }, {
    "activitySegment" : {
      "startLocation" : {
        "latitudeE7" : 423500670,
        "longitudeE7" : -711312837,
        "sourceInfo" : {
          "deviceTag" : 1259109606
        }
      },
      "endLocation" : {
        "latitudeE7" : 423461207,
        "longitudeE7" : -711354721,
        "sourceInfo" : {
          "deviceTag" : 1259109606
        }
      },
      "duration" : {
        "startTimestampMs" : "1535907412000",
        "endTimestampMs" : "1535907616146"
      },
      "distance" : 756,
      "activityType" : "IN_PASSENGER_VEHICLE",
      "confidence" : "MEDIUM",
      "activities" : [ {
        "activityType" : "IN_PASSENGER_VEHICLE",
        "probability" : 60.70677251572825
      }, {
        "activityType" : "CYCLING",
        "probability" : 30.487626274327823
      }, {
        "activityType" : "WALKING",
        "probability" : 5.922452615696575
      } ],
      "waypointPath" : {
        "waypoints" : [ {
          "latE7" : 423500976,
          "lngE7" : -711313095
        }, {
          "latE7" : 423456764,
          "lngE7" : -711289749
        }, {
          "latE7" : 423461532,
          "lngE7" : -711354446
        } ]
      },
      "simplifiedRawPath" : {
        "points" : [ {
          "latE7" : 423486398,
          "lngE7" : -711296960,
          "timestampMs" : "1535907479951",
          "accuracyMeters" : 29
        } ]
      },
      "editConfirmationStatus" : "NOT_CONFIRMED"
    }
  }, {
    "activitySegment" : {
      "startLocation" : {
        "latitudeE7" : 423345399,
        "longitudeE7" : -711456410,
        "sourceInfo" : {
          "deviceTag" : 1259109606
        }
      },
      "endLocation" : {
        "latitudeE7" : 423674136,
        "longitudeE7" : -711320671,
        "sourceInfo" : {
          "deviceTag" : 1259109606
        }
      },
      "duration" : {
        "startTimestampMs" : "1536443988553",
        "endTimestampMs" : "1536458177000"
      },
      "distance" : 3921,
      "activityType" : "IN_PASSENGER_VEHICLE",
      "confidence" : "MEDIUM",
      "activities" : [ {
        "activityType" : "IN_PASSENGER_VEHICLE",
        "probability" : 60.264552382275305
      }, {
        "activityType" : "WALKING",
        "probability" : 29.094450618042465
      }, {
        "activityType" : "CYCLING",
        "probability" : 4.005542959692514
      } ],
      "waypointPath" : {
        "waypoints" : [ {
          "latE7" : 423344001,
          "lngE7" : -711458206
        }, {
          "latE7" : 423585205,
          "lngE7" : -711374893
        }, {
          "latE7" : 423670768,
          "lngE7" : -711318740
        } ]
      },
      "editConfirmationStatus" : "NOT_CONFIRMED"
    }
  }, {
    "activitySegment" : {
      "startLocation" : {
        "latitudeE7" : 423674136,
        "longitudeE7" : -711320671,
        "sourceInfo" : {
          "deviceTag" : 1259109606
        }
      },
      "endLocation" : {
        "latitudeE7" : 423672337,
        "longitudeE7" : -711315206,
        "sourceInfo" : {
          "deviceTag" : 1259109606
        }
      },
      "duration" : {
        "startTimestampMs" : "1536458177000",
        "endTimestampMs" : "1536458814000"
      },
      "activityType" : "UNKNOWN_ACTIVITY_TYPE",
      "activities" : [ {
        "activityType" : "UNKNOWN_ACTIVITY_TYPE",
        "probability" : 0.0
      } ],
      "simplifiedRawPath" : {
        "points" : [ {
          "latE7" : 423677343,
          "lngE7" : -711314375,
          "timestampMs" : "1536458753000",
          "accuracyMeters" : 24
        } ]
      }
    }
  }, {
    "activitySegment" : {
      "startLocation" : {
        "latitudeE7" : 423672337,
        "longitudeE7" : -711315206,
        "sourceInfo" : {
          "deviceTag" : 1259109606
        }
      },
      "endLocation" : {
        "latitudeE7" : 423828219,
        "longitudeE7" : -711064613,
        "sourceInfo" : {
          "deviceTag" : 1259109606
        }
      },
      "duration" : {
        "startTimestampMs" : "1536458814000",
        "endTimestampMs" : "1536459400000"
      },
      "distance" : 4606,
      "activityType" : "IN_PASSENGER_VEHICLE",
      "confidence" : "HIGH",
      "activities" : [ {
        "activityType" : "IN_PASSENGER_VEHICLE",
        "probability" : 86.88980741688385
      }, {
        "activityType" : "MOTORCYCLING",
        "probability" : 3.7670610506170488
      }, {
        "activityType" : "WALKING",
        "probability" : 3.6668455969790807
      } ],
      "waypointPath" : {
        "waypoints" : [ {
          "latE7" : 423672103,
          "lngE7" : -711315231
        }, {
          "latE7" : 423753395,
          "lngE7" : -711185226
        }, {
          "latE7" : 423828277,
          "lngE7" : -711064910
        } ]
      },
      "simplifiedRawPath" : {
        "points" : [ {
          "latE7" : 423744838,
          "lngE7" : -711186917,
          "timestampMs" : "1536459173000",
          "accuracyMeters" : 10
        } ]
      },
      "editConfirmationStatus" : "NOT_CONFIRMED",
      "parkingEvent" : {
        "timestampMs" : "1536459400381",
        "location" : {
          "latitudeE7" : 423828219,
          "longitudeE7" : -711064613,
          "accuracyMetres" : 70
        }
      }
    }
  }, {
    "activitySegment" : {
      "startLocation" : {
        "latitudeE7" : 423830444,
        "longitudeE7" : -711068672
      },
      "endLocation" : {
        "latitudeE7" : 423837566,
        "longitudeE7" : -711083905
      },
      "duration" : {
        "startTimestampMs" : "1536464314773",
        "endTimestampMs" : "1536468830553"
      },
      "distance" : 148,
      "activityType" : "WALKING",
      "confidence" : "MEDIUM",
      "activities" : [ {
        "activityType" : "WALKING",
        "probability" : 64.91091788520812
      }, {
        "activityType" : "IN_PASSENGER_VEHICLE",
        "probability" : 21.282964698684502
      }, {
        "activityType" : "CYCLING",
        "probability" : 6.705177179851058
      } ],
      "waypointPath" : {
        "waypoints" : [ {
          "latE7" : 423830299,
          "lngE7" : -711070404
        }, {
          "latE7" : 423836517,
          "lngE7" : -711083602
        }, {
          "latE7" : 423836669,
          "lngE7" : -711084289
        } ]
      },
      "editConfirmationStatus" : "NOT_CONFIRMED"
    }
  }, {
    "placeVisit" : {
      "location" : {
        "latitudeE7" : 423838390,
        "longitudeE7" : -711082930,
        "placeId" : "ChIJAe75RDd344kRHuqOvU9SGWw",
        "address" : "573 Somerville Ave\nSomerville, MA 02143\nUSA",
        "name" : "573 Somerville Ave",
        "semanticType" : "TYPE_SEARCHED_ADDRESS",
        "sourceInfo" : {
          "deviceTag" : 1259109606
        },
        "locationConfidence" : 45.499416
      },
      "duration" : {
        "startTimestampMs" : "1536468856000",
        "endTimestampMs" : "1536469146000"
      },
      "placeConfidence" : "LOW_CONFIDENCE",
      "centerLatE7" : 423837214,
      "centerLngE7" : -711083743,
      "visitConfidence" : 76,
      "otherCandidateLocations" : [ {
        "latitudeE7" : 423838649,
        "longitudeE7" : -711084851,
        "placeId" : "ChIJee4xWzd344kRA1oLtyqT4HU",
        "name" : "Parts and Crafts",
        "locationConfidence" : 28.586563
      }, {
        "latitudeE7" : 423816850,
        "longitudeE7" : -711060315,
        "placeId" : "ChIJw74QWDZ344kRGlRxj2SDTv4",
        "name" : "Brooklyn Boulders",
        "locationConfidence" : 7.6910343
      }, {
        "latitudeE7" : 423832760,
        "longitudeE7" : -711083597,
        "placeId" : "ChIJGeCxQzd344kR0SOqHm9o6Dk",
        "name" : "Veterans Memorial Rink",
        "locationConfidence" : 4.443843
      }, {
        "latitudeE7" : 423834485,
        "longitudeE7" : -711074510,
        "placeId" : "ChIJlRdQDTd344kRRMCiAPIrh6A",
        "name" : "Conway Park",
        "locationConfidence" : 2.7295394
      }, {
        "latitudeE7" : 423839341,
        "longitudeE7" : -711086900,
        "placeId" : "ChIJhW5YVqFoXEARppY_Mew0CqA",
        "name" : "Moroccan Hospitality",
        "locationConfidence" : 1.7196915
      }, {
        "latitudeE7" : 423833880,
        "longitudeE7" : -711070620,
        "placeId" : "ChIJhfLdPDd344kREV-040B32-M",
        "name" : "Somerville Ave @ Central St",
        "locationConfidence" : 1.3412908
      }, {
        "latitudeE7" : 423819849,
        "longitudeE7" : -711062454,
        "placeId" : "ChIJ46AbYjZ344kRc8p9_jStCM0",
        "name" : "Aeronaut Brewing Company",
        "locationConfidence" : 1.2120608
      }, {
        "latitudeE7" : 423837807,
        "longitudeE7" : -711095749,
        "placeId" : "ChIJNcHl5jl344kRS3zMsiMad3w",
        "name" : "Samba Bar & Grille",
        "locationConfidence" : 0.79850787
      }, {
        "latitudeE7" : 423835339,
        "longitudeE7" : -711063270,
        "placeId" : "ChIJJSzaJjd344kRIxrEzovPyJE",
        "name" : "Wings Over Somerville",
        "locationConfidence" : 0.4856082
      } ],
      "editConfirmationStatus" : "NOT_CONFIRMED"
    }
  }, {
    "activitySegment" : {
      "startLocation" : {
        "latitudeE7" : 423838390,
        "longitudeE7" : -711082930,
        "sourceInfo" : {
          "deviceTag" : 1259109606
        }
      },
      "endLocation" : {
        "latitudeE7" : 423345158,
        "longitudeE7" : -711458176,
        "sourceInfo" : {
          "deviceTag" : 1259109606
        }
      },
      "duration" : {
        "startTimestampMs" : "1536469146000",
        "endTimestampMs" : "1536470801941"
      },
      "distance" : 8243,
      "activityType" : "IN_PASSENGER_VEHICLE",
      "confidence" : "HIGH",
      "activities" : [ {
        "activityType" : "IN_PASSENGER_VEHICLE",
        "probability" : 97.2540549854681
      }, {
        "activityType" : "WALKING",
        "probability" : 2.0145336694138622
      }, {
        "activityType" : "IN_BUS",
        "probability" : 0.30081800997091135
      } ],
      "waypointPath" : {
        "waypoints" : [ {
          "latE7" : 423836555,
          "lngE7" : -711083679
        }, {
          "latE7" : 423683586,
          "lngE7" : -711237182
        }, {
          "latE7" : 423560943,
          "lngE7" : -711314697
        }, {
          "latE7" : 423430061,
          "lngE7" : -711416015
        }, {
          "latE7" : 423344802,
          "lngE7" : -711459426
        } ]
      },
      "simplifiedRawPath" : {
        "points" : [ {
          "latE7" : 423561181,
          "lngE7" : -711314859,
          "timestampMs" : "1536470127000",
          "accuracyMeters" : 10
        }, {
          "latE7" : 423454369,
          "lngE7" : -711417340,
          "timestampMs" : "1536470583626",
          "accuracyMeters" : 42
        } ]
      },
      "editConfirmationStatus" : "NOT_CONFIRMED",
      "parkingEvent" : {
        "timestampMs" : "1536470830654",
        "location" : {
          "latitudeE7" : 423345158,
          "longitudeE7" : -711458176,
          "accuracyMetres" : 70
        }
      }
    }
  }, {
    "placeVisit" : {
      "location" : {
        "latitudeE7" : 423345680,
        "longitudeE7" : -711455917,
        "placeId" : "ChIJL6P4T1N444kRUxwGfnTlDvI",
        "address" : "247 Fisher Ave\nBrookline, MA 02445\nUSA",
        "name" : "247 Fisher Ave",
        "semanticType" : "TYPE_HOME",
        "sourceInfo" : {
          "deviceTag" : 1259109606
        },
        "locationConfidence" : 97.37495
      },
      "duration" : {
        "startTimestampMs" : "1536470801941",
        "endTimestampMs" : "1536525378401"
      },
      "placeConfidence" : "HIGH_CONFIDENCE",
      "centerLatE7" : 423345551,
      "centerLngE7" : -711457271,
      "visitConfidence" : 83,
      "otherCandidateLocations" : [ {
        "latitudeE7" : 423350645,
        "longitudeE7" : -711488433,
        "placeId" : "ChIJlzvejVN444kRA845bwOxjVI",
        "name" : "Reservoir",
        "locationConfidence" : 1.4230933
      }, {
        "latitudeE7" : 423359503,
        "longitudeE7" : -711490210,
        "placeId" : "ChIJIyQrulN444kR_XIChsjuFs4",
        "name" : "CVS",
        "locationConfidence" : 0.39087337
      }, {
        "latitudeE7" : 423364425,
        "longitudeE7" : -711435818,
        "placeId" : "ChIJx-F9F61544kRQrHqJTEJ8MU",
        "name" : "Jean B. Waldstein Playground",
        "locationConfidence" : 0.20576908
      }, {
        "latitudeE7" : 423323150,
        "longitudeE7" : -711467930,
        "placeId" : "ChIJwwDt5VR444kRWF1WfImPQ-M",
        "name" : "Chestnut Hill Ave opp Buckminster Rd",
        "locationConfidence" : 0.053315416
      } ],
      "editConfirmationStatus" : "NOT_CONFIRMED"
    }
  }, {
    "activitySegment" : {
      "startLocation" : {
        "latitudeE7" : 423345551,
        "longitudeE7" : -711457271
      },
      "endLocation" : {
        "latitudeE7" : 423346011,
        "longitudeE7" : -711456305,
        "sourceInfo" : {
          "deviceTag" : 1259109606
        }
      },
      "duration" : {
        "startTimestampMs" : "1536525378401",
        "endTimestampMs" : "1536778189671"
      },
      "activityType" : "UNKNOWN_ACTIVITY_TYPE",
      "activities" : [ {
        "activityType" : "UNKNOWN_ACTIVITY_TYPE",
        "probability" : 0.0
      } ],
      "simplifiedRawPath" : {
        "points" : [ {
          "latE7" : 423346933,
          "lngE7" : -711471002,
          "timestampMs" : "1536525378401",
          "accuracyMeters" : 10
        }, {
          "latE7" : 423924550,
          "lngE7" : -711248860,
          "timestampMs" : "1536598237395",
          "accuracyMeters" : 10
        }, {
          "latE7" : 423531186,
          "lngE7" : -711463942,
          "timestampMs" : "1536631952267",
          "accuracyMeters" : 26
        }, {
          "latE7" : 423524491,
          "lngE7" : -711466873,
          "timestampMs" : "1536632077929",
          "accuracyMeters" : 16
        }, {
          "latE7" : 423508264,
          "lngE7" : -711476231,
          "timestampMs" : "1536632393772",
          "accuracyMeters" : 15
        }, {
          "latE7" : 423497006,
          "lngE7" : -711492938,
          "timestampMs" : "1536632458614",
          "accuracyMeters" : 15
        }, {
          "latE7" : 423501913,
          "lngE7" : -711492134,
          "timestampMs" : "1536632509269",
          "accuracyMeters" : 15
        }, {
          "latE7" : 423488507,
          "lngE7" : -711508195,
          "timestampMs" : "1536632765000",
          "accuracyMeters" : 10
        }, {
          "latE7" : 423390132,
          "lngE7" : -711543710,
          "timestampMs" : "1536632913359",
          "accuracyMeters" : 15
        }, {
          "latE7" : 423350401,
          "lngE7" : -711494722,
          "timestampMs" : "1536633110702",
          "accuracyMeters" : 72
        }, {
          "latE7" : 423345872,
          "lngE7" : -711456519,
          "timestampMs" : "1536633358672",
          "accuracyMeters" : 16
        } ]
      }
    }
  }, {
    "activitySegment" : {
      "startLocation" : {
        "latitudeE7" : 423346011,
        "longitudeE7" : -711456305,
        "sourceInfo" : {
          "deviceTag" : 1259109606
        }
      },
      "endLocation" : {
        "latitudeE7" : 423407880,
        "longitudeE7" : -711438912,
        "sourceInfo" : {
          "deviceTag" : 1259109606
        }
      },
      "duration" : {
        "startTimestampMs" : "1536778189671",
        "endTimestampMs" : "1536780969103"
      },
      "distance" : 702,
      "activityType" : "WALKING",
      "confidence" : "LOW",
      "activities" : [ {
        "activityType" : "WALKING",
        "probability" : 48.75731940097031
      }, {
        "activityType" : "IN_PASSENGER_VEHICLE",
        "probability" : 34.15364443676262
      }, {
        "activityType" : "CYCLING",
        "probability" : 9.243539443370922
      } ],
      "waypointPath" : {
        "waypoints" : [ {
          "latE7" : 423344268,
          "lngE7" : -711458587
        }, {
          "latE7" : 423376770,
          "lngE7" : -711419601
        }, {
          "latE7" : 423407821,
          "lngE7" : -711438903
        } ]
      },
      "simplifiedRawPath" : {
        "points" : [ {
          "latE7" : 423346011,
          "lngE7" : -711456305,
          "timestampMs" : "1536778189671",
          "accuracyMeters" : 17
        } ]
      },
      "editConfirmationStatus" : "NOT_CONFIRMED"
    }
  }, {
    "activitySegment" : {
      "startLocation" : {
        "latitudeE7" : 423407880,
        "longitudeE7" : -711438912
      },
      "endLocation" : {
        "latitudeE7" : 423727935,
        "longitudeE7" : -711348879
      },
      "duration" : {
        "startTimestampMs" : "1536780969103",
        "endTimestampMs" : "1536783238474"
      },
      "distance" : 3634,
      "activityType" : "IN_PASSENGER_VEHICLE",
      "confidence" : "LOW",
      "activities" : [ {
        "activityType" : "IN_PASSENGER_VEHICLE",
        "probability" : 50.869511917875464
      }, {
        "activityType" : "WALKING",
        "probability" : 21.63785204779111
      }, {
        "activityType" : "CYCLING",
        "probability" : 13.853313088034195
      } ],
      "waypointPath" : {
        "waypoints" : [ {
          "latE7" : 423408164,
          "lngE7" : -711438980
        }, {
          "latE7" : 423740692,
          "lngE7" : -711359252
        }, {
          "latE7" : 423727760,
          "lngE7" : -711349792
        } ]
      },
      "editConfirmationStatus" : "NOT_CONFIRMED"
    }
  }, {
    "activitySegment" : {
      "startLocation" : {
        "latitudeE7" : 423727935,
        "longitudeE7" : -711348879
      },
      "endLocation" : {
        "latitudeE7" : 423460115,
        "longitudeE7" : -710955838,
        "sourceInfo" : {
          "deviceTag" : 1259109606
        }
      },
      "duration" : {
        "startTimestampMs" : "1536783238474",
        "endTimestampMs" : "1536889591000"
      },
      "activityType" : "UNKNOWN_ACTIVITY_TYPE",
      "activities" : [ {
        "activityType" : "UNKNOWN_ACTIVITY_TYPE",
        "probability" : 0.0
      } ],
      "simplifiedRawPath" : {
        "points" : [ {
          "latE7" : 423750175,
          "lngE7" : -711342619,
          "timestampMs" : "1536783334000",
          "accuracyMeters" : 53
        } ]
      }
    }
  }, {
    "activitySegment" : {
      "startLocation" : {
        "latitudeE7" : 423460115,
        "longitudeE7" : -710955838,
        "sourceInfo" : {
          "deviceTag" : 1259109606
        }
      },
      "endLocation" : {
        "latitudeE7" : 423565793,
        "longitudeE7" : -710610183,
        "sourceInfo" : {
          "deviceTag" : 1259109606
        }
      },
      "duration" : {
        "startTimestampMs" : "1536889591000",
        "endTimestampMs" : "1537001310216"
      },
      "distance" : 3073,
      "activityType" : "IN_PASSENGER_VEHICLE",
      "confidence" : "LOW",
      "activities" : [ {
        "activityType" : "IN_PASSENGER_VEHICLE",
        "probability" : 37.594858560592485
      }, {
        "activityType" : "WALKING",
        "probability" : 36.90493479850216
      }, {
        "activityType" : "CYCLING",
        "probability" : 13.162676842310331
      } ],
      "waypointPath" : {
        "waypoints" : [ {
          "latE7" : 423460197,
          "lngE7" : -710956420
        }, {
          "latE7" : 423520088,
          "lngE7" : -710878601
        }, {
          "latE7" : 423564872,
          "lngE7" : -710607452
        } ]
      },
      "editConfirmationStatus" : "NOT_CONFIRMED",
      "parkingEvent" : {
        "timestampMs" : "1537001310216",
        "location" : {
          "latitudeE7" : 423565793,
          "longitudeE7" : -710610183,
          "accuracyMetres" : 102
        }
      }
    }
  }, {
    "activitySegment" : {
      "startLocation" : {
        "latitudeE7" : 423565793,
        "longitudeE7" : -710610183
      },
      "endLocation" : {
        "latitudeE7" : 423592414,
        "longitudeE7" : -710523036
      },
      "duration" : {
        "startTimestampMs" : "1537001310216",
        "endTimestampMs" : "1537029471000"
      },
      "distance" : 774,
      "activityType" : "WALKING",
      "confidence" : "LOW",
      "activities" : [ {
        "activityType" : "WALKING",
        "probability" : 55.47902179209447
      }, {
        "activityType" : "IN_PASSENGER_VEHICLE",
        "probability" : 25.321059319248945
      }, {
        "activityType" : "IN_SUBWAY",
        "probability" : 6.096109546681051
      } ],
      "waypointPath" : {
        "waypoints" : [ {
          "latE7" : 423565101,
          "lngE7" : -710607833
        }, {
          "latE7" : 423567962,
          "lngE7" : -710582275
        }, {
          "latE7" : 423592414,
          "lngE7" : -710522994
        } ]
      },
      "editConfirmationStatus" : "NOT_CONFIRMED"
    }
  }, {
    "activitySegment" : {
      "startLocation" : {
        "latitudeE7" : 423592414,
        "longitudeE7" : -710523036
      },
      "endLocation" : {
        "latitudeE7" : 423458158,
        "longitudeE7" : -711380653
      },
      "duration" : {
        "startTimestampMs" : "1537029471000",
        "endTimestampMs" : "1537080794895"
      },
      "activityType" : "UNKNOWN_ACTIVITY_TYPE",
      "activities" : [ {
        "activityType" : "UNKNOWN_ACTIVITY_TYPE",
        "probability" : 0.0
      } ],
      "simplifiedRawPath" : {
        "points" : [ {
          "latE7" : 423385183,
          "lngE7" : -711526774,
          "timestampMs" : "1537037530000",
          "accuracyMeters" : 15
        } ]
      }
    }
  }, {
    "activitySegment" : {
      "startLocation" : {
        "latitudeE7" : 423458158,
        "longitudeE7" : -711380653
      },
      "endLocation" : {
        "latitudeE7" : 423490285,
        "longitudeE7" : -711316300
      },
      "duration" : {
        "startTimestampMs" : "1537080794895",
        "endTimestampMs" : "1537099846000"
      },
      "distance" : 638,
      "activityType" : "WALKING",
      "confidence" : "LOW",
      "activities" : [ {
        "activityType" : "WALKING",
        "probability" : 42.64292076658924
      }, {
        "activityType" : "IN_PASSENGER_VEHICLE",
        "probability" : 36.544246175420255
      }, {
        "activityType" : "CYCLING",
        "probability" : 14.040670191662338
      } ],
      "waypointPath" : {
        "waypoints" : [ {
          "latE7" : 423458328,
          "lngE7" : -711380538
        }, {
          "latE7" : 423465690,
          "lngE7" : -711351852
        }, {
          "latE7" : 423490600,
          "lngE7" : -711315689
        } ]
      },
      "editConfirmationStatus" : "NOT_CONFIRMED"
    }
  }, {
    "placeVisit" : {
      "location" : {
        "latitudeE7" : 423490995,
        "longitudeE7" : -711324376,
        "placeId" : "ChIJT_gAJ8Z544kRd6MFkVF5nW8",
        "address" : "1266 Commonwealth Avenue\nAllston, MA 02134\nUSA",
        "name" : "CVS",
        "sourceInfo" : {
          "deviceTag" : 1259109606
        },
        "locationConfidence" : 46.64345
      },
      "duration" : {
        "startTimestampMs" : "1537099846000",
        "endTimestampMs" : "1537100903100"
      },
      "placeConfidence" : "LOW_CONFIDENCE",
      "centerLatE7" : 423491333,
      "centerLngE7" : -711316793,
      "visitConfidence" : 92,
      "otherCandidateLocations" : [ {
        "latitudeE7" : 423493277,
        "longitudeE7" : -711313670,
        "placeId" : "ChIJLasXQMZ544kR_hbUBzPQOB0",
        "semanticType" : "TYPE_SEARCHED_ADDRESS",
        "locationConfidence" : 22.78189
      }, {
        "latitudeE7" : 423486748,
        "longitudeE7" : -711297150,
        "placeId" : "ChIJFTf-9sZ544kRPsixxFnWVx0",
        "locationConfidence" : 8.6185
      }, {
        "latitudeE7" : 423501359,
        "longitudeE7" : -711315627,
        "placeId" : "ChIJCweddMZ544kRF27zDWwm29w",
        "name" : "Harvard Avenue",
        "locationConfidence" : 5.0022855
      }, {
        "latitudeE7" : 423484529,
        "longitudeE7" : -711326898,
        "placeId" : "ChIJMbl5LMZ544kR3YoHDPtCmBo",
        "name" : "Boston Sports Clubs",
        "locationConfidence" : 2.0126314
      }, {
        "latitudeE7" : 423496808,
        "longitudeE7" : -711300024,
        "placeId" : "ChIJB76aYsZ544kRg-Iz1XJe48s",
        "name" : "bfresh",
        "locationConfidence" : 1.8887933
      }, {
        "latitudeE7" : 423494917,
        "longitudeE7" : -711306939,
        "placeId" : "ChIJWcBIb8Z544kRRU4uEoeI4qU",
        "semanticType" : "TYPE_SEARCHED_ADDRESS",
        "locationConfidence" : 1.0759052
      }, {
        "latitudeE7" : 423496665,
        "longitudeE7" : -711331486,
        "placeId" : "ChIJ7YVnn8h544kRfiv1BvK0xAA",
        "name" : "Hopewell Bar & Kitchen",
        "locationConfidence" : 0.8545946
      }, {
        "latitudeE7" : 423500930,
        "longitudeE7" : -711307530,
        "placeId" : "ChIJty2mcMZ544kRRLkLkpdnbAs",
        "name" : "Harvard Ave @ Commonwealth Ave",
        "locationConfidence" : 0.5907096
      }, {
        "latitudeE7" : 423506830,
        "longitudeE7" : -711310120,
        "placeId" : "ChIJYagz_h1644kR7pdjtf-Icos",
        "name" : "McDonald's",
        "locationConfidence" : 0.5639033
      } ],
      "editConfirmationStatus" : "NOT_CONFIRMED"
    }
  }, {
    "activitySegment" : {
      "startLocation" : {
        "latitudeE7" : 423491607,
        "longitudeE7" : -711317481
      },
      "endLocation" : {
        "latitudeE7" : 423426494,
        "longitudeE7" : -711403153
      },
      "duration" : {
        "startTimestampMs" : "1537100950426",
        "endTimestampMs" : "1537107067000"
      },
      "distance" : 1009,
      "activityType" : "WALKING",
      "confidence" : "LOW",
      "activities" : [ {
        "activityType" : "WALKING",
        "probability" : 56.917287780538786
      }, {
        "activityType" : "IN_PASSENGER_VEHICLE",
        "probability" : 21.39982687278126
      }, {
        "activityType" : "IN_TRAM",
        "probability" : 9.255138630755273
      } ],
      "waypointPath" : {
        "waypoints" : [ {
          "latE7" : 423491897,
          "lngE7" : -711316833
        }, {
          "latE7" : 423465690,
          "lngE7" : -711351852
        }, {
          "latE7" : 423426017,
          "lngE7" : -711402435
        } ]
      },
      "editConfirmationStatus" : "NOT_CONFIRMED"
    }
  }, {
    "activitySegment" : {
      "startLocation" : {
        "latitudeE7" : 423426494,
        "longitudeE7" : -711403153
      },
      "endLocation" : {
        "latitudeE7" : 423489800,
        "longitudeE7" : -711315246
      },
      "duration" : {
        "startTimestampMs" : "1537107067000",
        "endTimestampMs" : "1537624551000"
      },
      "activityType" : "UNKNOWN_ACTIVITY_TYPE",
      "activities" : [ {
        "activityType" : "UNKNOWN_ACTIVITY_TYPE",
        "probability" : 0.0
      } ],
      "simplifiedRawPath" : {
        "points" : [ {
          "latE7" : 423347164,
          "lngE7" : -711452747,
          "timestampMs" : "1537479822000",
          "accuracyMeters" : 39
        } ]
      }
    }
  }, {
    "placeVisit" : {
      "location" : {
        "latitudeE7" : 423486748,
        "longitudeE7" : -711297150,
        "placeId" : "ChIJFTf-9sZ544kRPsixxFnWVx0",
        "address" : "526 Harvard St\nBrookline, MA 02446\nUSA",
        "name" : "526 Harvard St",
        "sourceInfo" : {
          "deviceTag" : 1259109606
        },
        "locationConfidence" : 34.71394
      },
      "duration" : {
        "startTimestampMs" : "1537624551000",
        "endTimestampMs" : "1537789469000"
      },
      "placeConfidence" : "MEDIUM_CONFIDENCE",
      "centerLatE7" : 423489800,
      "centerLngE7" : -711315246,
      "visitConfidence" : 92,
      "otherCandidateLocations" : [ {
        "latitudeE7" : 423493277,
        "longitudeE7" : -711313670,
        "placeId" : "ChIJLasXQMZ544kR_hbUBzPQOB0",
        "semanticType" : "TYPE_SEARCHED_ADDRESS",
        "locationConfidence" : 32.804783
      }, {
        "latitudeE7" : 423494917,
        "longitudeE7" : -711306939,
        "placeId" : "ChIJWcBIb8Z544kRRU4uEoeI4qU",
        "semanticType" : "TYPE_SEARCHED_ADDRESS",
        "locationConfidence" : 4.9267554
      }, {
        "latitudeE7" : 423501359,
        "longitudeE7" : -711315627,
        "placeId" : "ChIJCweddMZ544kRF27zDWwm29w",
        "name" : "Harvard Avenue",
        "locationConfidence" : 3.3557036
      }, {
        "latitudeE7" : 423504050,
        "longitudeE7" : -711319820,
        "placeId" : "ChIJ3ZkcDMZ544kRRxpBByRvkhU",
        "name" : "Pavement Coffeehouse",
        "locationConfidence" : 2.7466457
      }, {
        "latitudeE7" : 423492179,
        "longitudeE7" : -711318471,
        "placeId" : "ChIJ6TKQPsZ544kR_eanHsbYYag",
        "locationConfidence" : 2.4134266
      }, {
        "latitudeE7" : 423488098,
        "longitudeE7" : -711299289,
        "placeId" : "ChIJByHi9cZ544kR9NnTQyhMdss",
        "semanticType" : "TYPE_SEARCHED_ADDRESS",
        "locationConfidence" : 1.775769
      }, {
        "latitudeE7" : 423496665,
        "longitudeE7" : -711331486,
        "placeId" : "ChIJ7YVnn8h544kRfiv1BvK0xAA",
        "name" : "Hopewell Bar & Kitchen",
        "locationConfidence" : 1.3142079
      }, {
        "latitudeE7" : 423490995,
        "longitudeE7" : -711324376,
        "placeId" : "ChIJT_gAJ8Z544kRd6MFkVF5nW8",
        "name" : "CVS",
        "locationConfidence" : 1.0105304
      }, {
        "latitudeE7" : 423501671,
        "longitudeE7" : -711321269,
        "placeId" : "ChIJgw3WEcZ544kRl1OnDzjRFns",
        "name" : "The Avenue Allston",
        "locationConfidence" : 0.7421616
      } ],
      "editConfirmationStatus" : "NOT_CONFIRMED"
    }
  }, {
    "activitySegment" : {
      "startLocation" : {
        "latitudeE7" : 423493719,
        "longitudeE7" : -711315358,
        "sourceInfo" : {
          "deviceTag" : 1259109606
        }
      },
      "endLocation" : {
        "latitudeE7" : 423889235,
        "longitudeE7" : -711191280,
        "sourceInfo" : {
          "deviceTag" : 1259109606
        }
      },
      "duration" : {
        "startTimestampMs" : "1537789480429",
        "endTimestampMs" : "1537833600000"
      },
      "distance" : 9105,
      "activityType" : "IN_PASSENGER_VEHICLE",
      "confidence" : "MEDIUM",
      "activities" : [ {
        "activityType" : "IN_PASSENGER_VEHICLE",
        "probability" : 78.15274681139074
      }, {
        "activityType" : "WALKING",
        "probability" : 8.763118829888267
      }, {
        "activityType" : "IN_BUS",
        "probability" : 8.208008007204747
      } ],
      "waypointPath" : {
        "waypoints" : [ {
          "latE7" : 423492889,
          "lngE7" : -711317138
        }, {
          "latE7" : 423669013,
          "lngE7" : -711251144
        }, {
          "latE7" : 423890151,
          "lngE7" : -711192626
        } ]
      },
      "editConfirmationStatus" : "NOT_CONFIRMED"
    }
  }, {
    "activitySegment" : {
      "startLocation" : {
        "latitudeE7" : 423889561,
        "longitudeE7" : -711194354,
        "sourceInfo" : {
          "deviceTag" : 1259109606
        }
      },
      "endLocation" : {
        "latitudeE7" : 422941789,
        "longitudeE7" : -711160639,
        "sourceInfo" : {
          "deviceTag" : 1259109606
        }
      },
      "duration" : {
        "startTimestampMs" : "1537840183000",
        "endTimestampMs" : "1537841920000"
      },
      "distance" : 12437,
      "activityType" : "IN_PASSENGER_VEHICLE",
      "confidence" : "HIGH",
      "activities" : [ {
        "activityType" : "IN_PASSENGER_VEHICLE",
        "probability" : 96.97537968242892
      }, {
        "activityType" : "WALKING",
        "probability" : 1.1750930655951124
      }, {
        "activityType" : "IN_BUS",
        "probability" : 1.0818322772169475
      } ],
      "waypointPath" : {
        "waypoints" : [ {
          "latE7" : 423889427,
          "lngE7" : -711194229
        }, {
          "latE7" : 423091316,
          "lngE7" : -711221313
        }, {
          "latE7" : 422941627,
          "lngE7" : -711160964
        } ]
      },
      "simplifiedRawPath" : {
        "points" : [ {
          "latE7" : 423106263,
          "lngE7" : -711225259,
          "timestampMs" : "1537841687000",
          "accuracyMeters" : 10
        } ]
      },
      "editConfirmationStatus" : "NOT_CONFIRMED",
      "parkingEvent" : {
        "timestampMs" : "1537841937943",
        "location" : {
          "latitudeE7" : 422940843,
          "longitudeE7" : -711159787,
          "accuracyMetres" : 70
        }
      }
    }
  }, {
    "activitySegment" : {
      "startLocation" : {
        "latitudeE7" : 422940647,
        "longitudeE7" : -711159979,
        "sourceInfo" : {
          "deviceTag" : 1259109606
        }
      },
      "endLocation" : {
        "latitudeE7" : 300023880,
        "longitudeE7" : -900129553,
        "sourceInfo" : {
          "deviceTag" : 1259109606
        }
      },
      "duration" : {
        "startTimestampMs" : "1537841961000",
        "endTimestampMs" : "1537920000000"
      },
      "distance" : 2170037,
      "activityType" : "WALKING",
      "confidence" : "HIGH",
      "activities" : [ {
        "activityType" : "WALKING",
        "probability" : 93.07772221200888
      }, {
        "activityType" : "IN_PASSENGER_VEHICLE",
        "probability" : 2.065391633273459
      }, {
        "activityType" : "RUNNING",
        "probability" : 1.6092405606182711
      } ],
      "editConfirmationStatus" : "NOT_CONFIRMED"
    }
  }, {
    "activitySegment" : {
      "startLocation" : {
        "latitudeE7" : 299530045,
        "longitudeE7" : -900715863,
        "sourceInfo" : {
          "deviceTag" : 1259109606
        }
      },
      "endLocation" : {
        "latitudeE7" : 423338777,
        "longitudeE7" : -711459016,
        "sourceInfo" : {
          "deviceTag" : 1259109606
        }
      },
      "duration" : {
        "startTimestampMs" : "1537968339000",
        "endTimestampMs" : "1538090727000"
      },
      "distance" : 2178261,
      "activityType" : "IN_PASSENGER_VEHICLE",
      "confidence" : "MEDIUM",
      "activities" : [ {
        "activityType" : "IN_PASSENGER_VEHICLE",
        "probability" : 64.29133713354139
      }, {
        "activityType" : "FLYING",
        "probability" : 24.704125691727867
      }, {
        "activityType" : "WALKING",
        "probability" : 7.802966364890707
      } ],
      "editConfirmationStatus" : "NOT_CONFIRMED"
    }
  } ]
}