{
  "timelineObjects" : [ {
    "activitySegment" : {
      "startLocation" : {
        "latitudeE7" : 423436476,
        "longitudeE7" : -711426055,
        "sourceInfo" : {
          "deviceTag" : 1259109606
        }
      },
      "endLocation" : {
        "latitudeE7" : 423466685,
        "longitudeE7" : -710989103,
        "sourceInfo" : {
          "deviceTag" : 1259109606
        }
      },
      "duration" : {
        "startTimestampMs" : "1527960624124",
        "endTimestampMs" : "1527971292794"
      },
      "distance" : 5376,
      "activityType" : "WALKING",
      "confidence" : "HIGH",
      "activities" : [ {
        "activityType" : "WALKING",
        "probability" : 91.72153711371045
      }, {
        "activityType" : "IN_PASSENGER_VEHICLE",
        "probability" : 2.489062455530329
      }, {
        "activityType" : "RUNNING",
        "probability" : 1.860734079327646
      } ],
      "waypointPath" : {
        "waypoints" : [ {
          "latE7" : 423436431,
          "lngE7" : -711426162
        }, {
          "latE7" : 423399238,
          "lngE7" : -711425247
        }, {
          "latE7" : 423353576,
          "lngE7" : -711420135
        }, {
          "latE7" : 423414344,
          "lngE7" : -711233367
        }, {
          "latE7" : 423466644,
          "lngE7" : -710989151
        } ]
      },
      "simplifiedRawPath" : {
        "points" : [ {
          "latE7" : 423394741,
          "lngE7" : -711426225,
          "timestampMs" : "1527961133000",
          "accuracyMeters" : 18
        }, {
          "latE7" : 423354048,
          "lngE7" : -711422647,
          "timestampMs" : "1527961500377",
          "accuracyMeters" : 15
        } ]
      },
      "editConfirmationStatus" : "NOT_CONFIRMED"
    }
  }, {
    "placeVisit" : {
      "location" : {
        "latitudeE7" : 423345833,
        "longitudeE7" : -711456070,
        "placeId" : "ChIJL6P4T1N444kRUxwGfnTlDvI",
        "address" : "247 Fisher Ave\nBrookline, MA 02445\nUSA",
        "name" : "247 Fisher Ave",
        "semanticType" : "TYPE_HOME",
        "sourceInfo" : {
          "deviceTag" : 1259109606
        },
        "locationConfidence" : 71.71189
      },
      "duration" : {
        "startTimestampMs" : "1528153583654",
        "endTimestampMs" : "1528154043828"
      },
      "placeConfidence" : "LOW_CONFIDENCE",
      "centerLatE7" : 423346000,
      "centerLngE7" : -711454530,
      "visitConfidence" : 81,
      "otherCandidateLocations" : [ {
        "latitudeE7" : 423350645,
        "longitudeE7" : -711488433,
        "placeId" : "ChIJlzvejVN444kRA845bwOxjVI",
        "name" : "Reservoir",
        "locationConfidence" : 16.339483
      }, {
        "latitudeE7" : 423359503,
        "longitudeE7" : -711490210,
        "placeId" : "ChIJIyQrulN444kR_XIChsjuFs4",
        "name" : "CVS",
        "locationConfidence" : 9.23461
      }, {
        "latitudeE7" : 423364425,
        "longitudeE7" : -711435818,
        "placeId" : "ChIJx-F9F61544kRQrHqJTEJ8MU",
        "name" : "Jean B. Waldstein Playground",
        "locationConfidence" : 0.37545246
      }, {
        "latitudeE7" : 423373970,
        "longitudeE7" : -711455075,
        "placeId" : "ChIJ2YppyFJ444kRgN-DPmdikzM",
        "name" : "The Smile Institute",
        "locationConfidence" : 0.20105883
      }, {
        "latitudeE7" : 423374816,
        "longitudeE7" : -711455766,
        "placeId" : "ChIJzWJMyFJ444kRyeSzg24LRQY",
        "name" : "Comfort Dental Care of Brookline",
        "locationConfidence" : 0.18192916
      }, {
        "latitudeE7" : 423375006,
        "longitudeE7" : -711454988,
        "placeId" : "ChIJHW1kyVJ444kRbkG9qC0bGj0",
        "name" : "Brookline Family Chiropractic Center",
        "locationConfidence" : 0.17219639
      }, {
        "latitudeE7" : 423374180,
        "longitudeE7" : -711455400,
        "placeId" : "ChIJ2YppyFJ444kRYHx2d9jlUQU",
        "name" : "Paggi Physical Therapy & Sports Rehab",
        "locationConfidence" : 0.16294545
      }, {
        "latitudeE7" : 423374202,
        "longitudeE7" : -711455002,
        "placeId" : "ChIJj94_yFJ444kRuN0T9yadjC4",
        "name" : "Dr. Howard H. Liu, MD",
        "locationConfidence" : 0.15372053
      }, {
        "latitudeE7" : 423375006,
        "longitudeE7" : -711454988,
        "placeId" : "ChIJRz3vUet544kRkb38L96-VqE",
        "name" : "Brookline Progressive Dental Team",
        "locationConfidence" : 0.1330516
      } ],
      "editConfirmationStatus" : "NOT_CONFIRMED"
    }
  }, {
    "activitySegment" : {
      "startLocation" : {
        "latitudeE7" : 423346000,
        "longitudeE7" : -711454530
      },
      "endLocation" : {
        "latitudeE7" : 389080742,
        "longitudeE7" : -770031842,
        "sourceInfo" : {
          "deviceTag" : 1259109606
        }
      },
      "duration" : {
        "startTimestampMs" : "1528154043828",
        "endTimestampMs" : "1528214247000"
      },
      "activityType" : "UNKNOWN_ACTIVITY_TYPE",
      "activities" : [ {
        "activityType" : "UNKNOWN_ACTIVITY_TYPE",
        "probability" : 0.0
      } ],
      "simplifiedRawPath" : {
        "points" : [ {
          "latE7" : 423376769,
          "lngE7" : -711529341,
          "timestampMs" : "1528154215934",
          "accuracyMeters" : 46
        } ]
      }
    }
  }, {
    "activitySegment" : {
      "startLocation" : {
        "latitudeE7" : 389080742,
        "longitudeE7" : -770031842,
        "sourceInfo" : {
          "deviceTag" : 1259109606
        }
      },
      "endLocation" : {
        "latitudeE7" : 388923053,
        "longitudeE7" : -770296710,
        "sourceInfo" : {
          "deviceTag" : 1259109606
        }
      },
      "duration" : {
        "startTimestampMs" : "1528214247000",
        "endTimestampMs" : "1528215213775"
      },
      "distance" : 3646,
      "activityType" : "IN_PASSENGER_VEHICLE",
      "confidence" : "LOW",
      "activities" : [ {
        "activityType" : "IN_PASSENGER_VEHICLE",
        "probability" : 31.72163871328583
      }, {
        "activityType" : "WALKING",
        "probability" : 28.22828130007175
      }, {
        "activityType" : "IN_SUBWAY",
        "probability" : 14.204494474656002
      } ],
      "waypointPath" : {
        "waypoints" : [ {
          "latE7" : 389082412,
          "lngE7" : -770030593
        }, {
          "latE7" : 389026679,
          "lngE7" : -770035476
        }, {
          "latE7" : 389025268,
          "lngE7" : -770060424
        }, {
          "latE7" : 388921737,
          "lngE7" : -770177383
        }, {
          "latE7" : 388920860,
          "lngE7" : -770296707
        } ]
      },
      "simplifiedRawPath" : {
        "points" : [ {
          "latE7" : 389023382,
          "lngE7" : -770059578,
          "timestampMs" : "1528214615000",
          "accuracyMeters" : 40
        } ]
      },
      "editConfirmationStatus" : "NOT_CONFIRMED"
    }
  }, {
    "activitySegment" : {
      "startLocation" : {
        "latitudeE7" : 388923053,
        "longitudeE7" : -770296710,
        "sourceInfo" : {
          "deviceTag" : 1259109606
        }
      },
      "endLocation" : {
        "latitudeE7" : 423800570,
        "longitudeE7" : -710967649
      },
      "duration" : {
        "startTimestampMs" : "1528215213775",
        "endTimestampMs" : "1528471931513"
      },
      "activityType" : "UNKNOWN_ACTIVITY_TYPE",
      "activities" : [ {
        "activityType" : "UNKNOWN_ACTIVITY_TYPE",
        "probability" : 0.0
      } ],
      "simplifiedRawPath" : {
        "points" : [ {
          "latE7" : 388923424,
          "lngE7" : -770307722,
          "timestampMs" : "1528215316207",
          "accuracyMeters" : 14
        } ]
      }
    }
  }, {
    "placeVisit" : {
      "location" : {
        "latitudeE7" : 423799690,
        "longitudeE7" : -710968580,
        "placeId" : "ChIJLVPKjlZ244kRjU09YHCdusM",
        "address" : "27 Union Square\nSomerville, MA 02143\nUSA",
        "name" : "Boston Mobile iPhone Repairs",
        "sourceInfo" : {
          "deviceTag" : 1259109606
        },
        "locationConfidence" : 96.78498
      },
      "duration" : {
        "startTimestampMs" : "1528471931513",
        "endTimestampMs" : "1528490797193"
      },
      "placeConfidence" : "HIGH_CONFIDENCE",
      "centerLatE7" : 423800570,
      "centerLngE7" : -710967649,
      "visitConfidence" : 94,
      "otherCandidateLocations" : [ {
        "latitudeE7" : 423800316,
        "longitudeE7" : -710969359,
        "placeId" : "ChIJl_uK1spw44kR3_gI-NmmxDs",
        "name" : "Workbar - Union Square",
        "locationConfidence" : 0.5948748
      }, {
        "latitudeE7" : 423799960,
        "longitudeE7" : -710966980,
        "placeId" : "ChIJC8Mw18pw44kRoLqWTJhggns",
        "name" : "Somerville Ave @ Union Square",
        "locationConfidence" : 0.37164524
      }, {
        "latitudeE7" : 423799860,
        "longitudeE7" : -710970634,
        "placeId" : "ChIJoVjwKctw44kRNUTWZTUTnFg",
        "name" : "Third Life Studio",
        "locationConfidence" : 0.34619886
      }, {
        "latitudeE7" : 423801076,
        "longitudeE7" : -710962526,
        "placeId" : "ChIJF70I4cpw44kRgV_Ab8VBPws",
        "name" : "Reliable Market",
        "locationConfidence" : 0.20669198
      }, {
        "latitudeE7" : 423799100,
        "longitudeE7" : -710968270,
        "placeId" : "ChIJF70I4cpw44kRiiC9l1a0Pzc",
        "name" : "Machu Chicken",
        "locationConfidence" : 0.13022073
      }, {
        "latitudeE7" : 423798800,
        "longitudeE7" : -710966980,
        "placeId" : "ChIJF70I4cpw44kRyE2InBPtm0Q",
        "name" : "Red House Restaurant",
        "locationConfidence" : 0.116330646
      }, {
        "latitudeE7" : 423802730,
        "longitudeE7" : -710966220,
        "placeId" : "ChIJQ7EEKMtw44kR0OkckUejwfI",
        "name" : "Bow St @ Warren Ave",
        "locationConfidence" : 0.10690365
      }, {
        "latitudeE7" : 423803164,
        "longitudeE7" : -710964453,
        "placeId" : "ChIJGbdJAuqe44kRKU8krMoMTaA",
        "name" : "Citizens Bank",
        "locationConfidence" : 0.10661383
      } ],
      "editConfirmationStatus" : "NOT_CONFIRMED"
    }
  }, {
    "activitySegment" : {
      "startLocation" : {
        "latitudeE7" : 423800552,
        "longitudeE7" : -710968109,
        "sourceInfo" : {
          "deviceTag" : 1259109606
        }
      },
      "endLocation" : {
        "latitudeE7" : 424213770,
        "longitudeE7" : -711108440,
        "sourceInfo" : {
          "deviceTag" : 1259109606
        }
      },
      "duration" : {
        "startTimestampMs" : "1528490797193",
        "endTimestampMs" : "1528556980000"
      },
      "distance" : 26893,
      "activityType" : "IN_PASSENGER_VEHICLE",
      "confidence" : "HIGH",
      "activities" : [ {
        "activityType" : "IN_PASSENGER_VEHICLE",
        "probability" : 91.80877178066426
      }, {
        "activityType" : "WALKING",
        "probability" : 5.0630787856116655
      }, {
        "activityType" : "IN_BUS",
        "probability" : 2.2581834322906795
      } ],
      "waypointPath" : {
        "waypoints" : [ {
          "latE7" : 423801040,
          "lngE7" : -710967636
        }, {
          "latE7" : 423540267,
          "lngE7" : -711111221
        }, {
          "latE7" : 423350524,
          "lngE7" : -711496505
        }, {
          "latE7" : 423406181,
          "lngE7" : -711508102
        }, {
          "latE7" : 423531417,
          "lngE7" : -711336975
        }, {
          "latE7" : 424079322,
          "lngE7" : -711009979
        }, {
          "latE7" : 424200592,
          "lngE7" : -711112289
        } ]
      },
      "simplifiedRawPath" : {
        "points" : [ {
          "latE7" : 423530913,
          "lngE7" : -711162865,
          "timestampMs" : "1528556171000",
          "accuracyMeters" : 10
        } ]
      },
      "editConfirmationStatus" : "NOT_CONFIRMED",
      "parkingEvent" : {
        "timestampMs" : "1528557083136",
        "location" : {
          "latitudeE7" : 424213770,
          "longitudeE7" : -711108440,
          "accuracyMetres" : 39
        }
      }
    }
  }, {
    "placeVisit" : {
      "location" : {
        "latitudeE7" : 424200189,
        "longitudeE7" : -711109375,
        "placeId" : "ChIJr30WT7h244kR4zEPLG0F-dA",
        "address" : "29 Governors Ave\nMedford, MA 02155\nUSA",
        "name" : "Beals-Geake-Magliozzi Funeral",
        "sourceInfo" : {
          "deviceTag" : 1259109606
        },
        "locationConfidence" : 65.22284
      },
      "duration" : {
        "startTimestampMs" : "1528556980000",
        "endTimestampMs" : "1528562778422"
      },
      "placeConfidence" : "MEDIUM_CONFIDENCE",
      "centerLatE7" : 424202859,
      "centerLngE7" : -711110021,
      "visitConfidence" : 94,
      "otherCandidateLocations" : [ {
        "latitudeE7" : 424200260,
        "longitudeE7" : -711109420,
        "placeId" : "ChIJZTw5Rrh244kRv6MHpqK5S2Y",
        "semanticType" : "TYPE_SEARCHED_ADDRESS",
        "locationConfidence" : 33.387115
      }, {
        "latitudeE7" : 424187335,
        "longitudeE7" : -711108549,
        "placeId" : "ChIJZ-Eberh244kR9PiyLf1Lz5Y",
        "name" : "Gaffey Funeral Services",
        "locationConfidence" : 0.08727914
      }, {
        "latitudeE7" : 424190310,
        "longitudeE7" : -711118670,
        "placeId" : "ChIJmUWxfLh244kReTFuCbCxLHE",
        "name" : "Cancado Dental Digital",
        "locationConfidence" : 0.060749866
      }, {
        "latitudeE7" : 424184819,
        "longitudeE7" : -711101459,
        "placeId" : "ChIJu60sCbh244kR4J18NlpZ_rM",
        "name" : "Rossetti Optique",
        "locationConfidence" : 0.054768078
      } ],
      "editConfirmationStatus" : "NOT_CONFIRMED"
    }
  }, {
    "activitySegment" : {
      "startLocation" : {
        "latitudeE7" : 424199989,
        "longitudeE7" : -711111599,
        "sourceInfo" : {
          "deviceTag" : 1259109606
        }
      },
      "endLocation" : {
        "latitudeE7" : 424317831,
        "longitudeE7" : -711112715,
        "sourceInfo" : {
          "deviceTag" : 1259109606
        }
      },
      "duration" : {
        "startTimestampMs" : "1528562778422",
        "endTimestampMs" : "1528563226685"
      },
      "distance" : 2071,
      "activityType" : "IN_PASSENGER_VEHICLE",
      "confidence" : "HIGH",
      "activities" : [ {
        "activityType" : "IN_PASSENGER_VEHICLE",
        "probability" : 97.97184977544946
      }, {
        "activityType" : "WALKING",
        "probability" : 1.504965472032566
      }, {
        "activityType" : "IN_BUS",
        "probability" : 0.24590541274973474
      } ],
      "waypointPath" : {
        "waypoints" : [ {
          "latE7" : 424200096,
          "lngE7" : -711112442
        }, {
          "latE7" : 424291191,
          "lngE7" : -711025085
        }, {
          "latE7" : 424521026,
          "lngE7" : -711060028
        } ]
      },
      "simplifiedRawPath" : {
        "points" : [ {
          "latE7" : 424301215,
          "lngE7" : -711042710,
          "timestampMs" : "1528563165220",
          "accuracyMeters" : 92
        } ]
      },
      "editConfirmationStatus" : "NOT_CONFIRMED",
      "parkingEvent" : {
        "timestampMs" : "1528563302418",
        "location" : {
          "latitudeE7" : 424317831,
          "longitudeE7" : -711112715,
          "accuracyMetres" : 84
        }
      }
    }
  }, {
    "placeVisit" : {
      "location" : {
        "latitudeE7" : 424521217,
        "longitudeE7" : -711054561,
        "placeId" : "ChIJ1RRsiI5z44kRUfMgHDQYOBE",
        "address" : "4 Woodland Rd\nStoneham, MA 02180\nUSA",
        "name" : "Middlesex Fells Reservation",
        "sourceInfo" : {
          "deviceTag" : 1259109606
        },
        "locationConfidence" : 98.94736
      },
      "duration" : {
        "startTimestampMs" : "1528563226685",
        "endTimestampMs" : "1528563674586"
      },
      "placeConfidence" : "HIGH_CONFIDENCE",
      "centerLatE7" : 424320500,
      "centerLngE7" : -711117617,
      "visitConfidence" : 91,
      "otherCandidateLocations" : [ {
        "latitudeE7" : 424330273,
        "longitudeE7" : -711076228,
        "placeId" : "ChIJfWSoLKZ244kRU6B1LxQXq5c",
        "name" : "Floyds Brook",
        "locationConfidence" : 0.6206117
      }, {
        "latitudeE7" : 424312052,
        "longitudeE7" : -711100152,
        "placeId" : "ChIJ22ZL7aV244kRx8iGGx8Udc0",
        "locationConfidence" : 0.1042476
      }, {
        "latitudeE7" : 424309383,
        "longitudeE7" : -711112699,
        "placeId" : "ChIJq5r7uqV244kRuDQIELzsAU4",
        "locationConfidence" : 0.09814457
      }, {
        "latitudeE7" : 424310203,
        "longitudeE7" : -711112434,
        "placeId" : "ChIJbZKDvKV244kRebZmf-LpQZ0",
        "locationConfidence" : 0.09313677
      } ],
      "editConfirmationStatus" : "NOT_CONFIRMED",
      "simplifiedRawPath" : {
        "points" : [ {
          "latE7" : 424315068,
          "lngE7" : -711107780,
          "timestampMs" : "1528563226685",
          "accuracyMeters" : 50
        }, {
          "latE7" : 424321696,
          "lngE7" : -711119618,
          "timestampMs" : "1528563378137",
          "accuracyMeters" : 64
        }, {
          "latE7" : 424321696,
          "lngE7" : -711119618,
          "timestampMs" : "1528563453096",
          "accuracyMeters" : 72
        } ]
      }
    }
  }, {
    "activitySegment" : {
      "startLocation" : {
        "latitudeE7" : 424321696,
        "longitudeE7" : -711119618,
        "sourceInfo" : {
          "deviceTag" : 1259109606
        }
      },
      "endLocation" : {
        "latitudeE7" : 423341046,
        "longitudeE7" : -711455129,
        "sourceInfo" : {
          "deviceTag" : 1259109606
        }
      },
      "duration" : {
        "startTimestampMs" : "1528563674586",
        "endTimestampMs" : "1528568802353"
      },
      "distance" : 24672,
      "activityType" : "IN_PASSENGER_VEHICLE",
      "confidence" : "MEDIUM",
      "activities" : [ {
        "activityType" : "IN_PASSENGER_VEHICLE",
        "probability" : 66.96115233410755
      }, {
        "activityType" : "WALKING",
        "probability" : 26.506225193218803
      }, {
        "activityType" : "CYCLING",
        "probability" : 3.241093642587909
      } ],
      "waypointPath" : {
        "waypoints" : [ {
          "latE7" : 424322090,
          "lngE7" : -711119384
        }, {
          "latE7" : 424510116,
          "lngE7" : -711271591
        }, {
          "latE7" : 424518890,
          "lngE7" : -711286849
        }, {
          "latE7" : 424104118,
          "lngE7" : -711032409
        }, {
          "latE7" : 423408508,
          "lngE7" : -710982513
        }, {
          "latE7" : 423435707,
          "lngE7" : -711029663
        }, {
          "latE7" : 423299980,
          "lngE7" : -711266784
        }, {
          "latE7" : 423289642,
          "lngE7" : -711324691
        }, {
          "latE7" : 423344078,
          "lngE7" : -711458358
        } ]
      },
      "simplifiedRawPath" : {
        "points" : [ {
          "latE7" : 424510260,
          "lngE7" : -711269852,
          "timestampMs" : "1528566746000",
          "accuracyMeters" : 10
        }, {
          "latE7" : 424498473,
          "lngE7" : -711262450,
          "timestampMs" : "1528566761000",
          "accuracyMeters" : 10
        }, {
          "latE7" : 423408622,
          "lngE7" : -710982931,
          "timestampMs" : "1528568199000",
          "accuracyMeters" : 10
        }, {
          "latE7" : 423430484,
          "lngE7" : -711024481,
          "timestampMs" : "1528568269000",
          "accuracyMeters" : 10
        }, {
          "latE7" : 423289538,
          "lngE7" : -711359576,
          "timestampMs" : "1528568674600",
          "accuracyMeters" : 41
        } ]
      },
      "editConfirmationStatus" : "NOT_CONFIRMED",
      "parkingEvent" : {
        "timestampMs" : "1528568870168",
        "location" : {
          "latitudeE7" : 423341046,
          "longitudeE7" : -711455129,
          "accuracyMetres" : 71
        }
      }
    }
  }, {
    "activitySegment" : {
      "startLocation" : {
        "latitudeE7" : 423341046,
        "longitudeE7" : -711455129,
        "sourceInfo" : {
          "deviceTag" : 1259109606
        }
      },
      "endLocation" : {
        "latitudeE7" : 423348089,
        "longitudeE7" : -711458955,
        "sourceInfo" : {
          "deviceTag" : 1259109606
        }
      },
      "duration" : {
        "startTimestampMs" : "1528568802353",
        "endTimestampMs" : "1528598773000"
      },
      "activityType" : "UNKNOWN_ACTIVITY_TYPE",
      "activities" : [ {
        "activityType" : "UNKNOWN_ACTIVITY_TYPE",
        "probability" : 0.0
      } ],
      "simplifiedRawPath" : {
        "points" : [ {
          "latE7" : 423340240,
          "lngE7" : -711455373,
          "timestampMs" : "1528568827728",
          "accuracyMeters" : 25
        }, {
          "latE7" : 423369603,
          "lngE7" : -711453136,
          "timestampMs" : "1528576553000",
          "accuracyMeters" : 10
        }, {
          "latE7" : 423345030,
          "lngE7" : -711454332,
          "timestampMs" : "1528598441000",
          "accuracyMeters" : 10
        } ]
      }
    }
  }, {
    "activitySegment" : {
      "startLocation" : {
        "latitudeE7" : 423348089,
        "longitudeE7" : -711458955,
        "sourceInfo" : {
          "deviceTag" : 1259109606
        }
      },
      "endLocation" : {
        "latitudeE7" : 423719620,
        "longitudeE7" : -710820239,
        "sourceInfo" : {
          "deviceTag" : 1259109606
        }
      },
      "duration" : {
        "startTimestampMs" : "1528598773000",
        "endTimestampMs" : "1528609899045"
      },
      "distance" : 6922,
      "activityType" : "IN_PASSENGER_VEHICLE",
      "confidence" : "HIGH",
      "activities" : [ {
        "activityType" : "IN_PASSENGER_VEHICLE",
        "probability" : 92.21516242176976
      }, {
        "activityType" : "WALKING",
        "probability" : 4.887724170941035
      }, {
        "activityType" : "IN_BUS",
        "probability" : 1.1612462934115058
      } ],
      "waypointPath" : {
        "waypoints" : [ {
          "latE7" : 423349914,
          "lngE7" : -711459503
        }, {
          "latE7" : 423487625,
          "lngE7" : -710970458
        }, {
          "latE7" : 423720169,
          "lngE7" : -710820083
        } ]
      },
      "editConfirmationStatus" : "NOT_CONFIRMED",
      "parkingEvent" : {
        "timestampMs" : "1528609899045",
        "location" : {
          "latitudeE7" : 423719620,
          "longitudeE7" : -710820239,
          "accuracyMetres" : 167
        }
      }
    }
  }, {
    "placeVisit" : {
      "location" : {
        "latitudeE7" : 423718255,
        "longitudeE7" : -710820871,
        "placeId" : "ChIJQ8FNc7lw44kRyLlco9nqsB4",
        "address" : "92B Gore St\nCambridge, MA 02141\nUSA",
        "name" : "92B Gore St",
        "semanticType" : "TYPE_SEARCHED_ADDRESS",
        "sourceInfo" : {
          "deviceTag" : 1259109606
        },
        "locationConfidence" : 69.98815
      },
      "duration" : {
        "startTimestampMs" : "1528609899045",
        "endTimestampMs" : "1528610421931"
      },
      "placeConfidence" : "LOW_CONFIDENCE",
      "centerLatE7" : 423720881,
      "centerLngE7" : -710822057,
      "visitConfidence" : 86,
      "otherCandidateLocations" : [ {
        "latitudeE7" : 423717933,
        "longitudeE7" : -710820680,
        "placeId" : "ChIJPymSDLlw44kRDZQIl4LVHOU",
        "semanticType" : "TYPE_SEARCHED_ADDRESS",
        "locationConfidence" : 20.71683
      }, {
        "latitudeE7" : 423707588,
        "longitudeE7" : -710814399,
        "placeId" : "ChIJgdHTY7lw44kR8RWNzeLntLo",
        "name" : "Silva Park",
        "locationConfidence" : 2.023531
      }, {
        "latitudeE7" : 423738260,
        "longitudeE7" : -710850611,
        "placeId" : "ChIJLT8jLrhw44kROJJ7dtqg2pA",
        "name" : "Twin City Plaza",
        "locationConfidence" : 1.8439615
      }, {
        "latitudeE7" : 423728620,
        "longitudeE7" : -710837612,
        "placeId" : "ChIJ5_iDsblw44kRJGZB56LMjHA",
        "name" : "Gold Star Mothers Park",
        "locationConfidence" : 0.94320214
      }, {
        "latitudeE7" : 423717612,
        "longitudeE7" : -710828785,
        "placeId" : "ChIJK7FEmrlw44kRly-oaaGdYVk",
        "name" : "Moves & Vibes Dancing Academy",
        "locationConfidence" : 0.25055346
      }, {
        "latitudeE7" : 423715940,
        "longitudeE7" : -710834320,
        "placeId" : "ChIJPxipkblw44kRHxyJj1jYXC4",
        "name" : "Gorgeous Nails Salon",
        "locationConfidence" : 0.17910242
      }, {
        "latitudeE7" : 423726391,
        "longitudeE7" : -710802282,
        "placeId" : "ChIJ40y_Kblw44kRlRIpq4pH0_w",
        "name" : "Cambridge Medical Supply",
        "locationConfidence" : 0.16361603
      }, {
        "latitudeE7" : 423728534,
        "longitudeE7" : -710806912,
        "placeId" : "ChIJPV4d37hw44kRw4-EuXCzE8c",
        "name" : "Cambridge Mobile Sound and Security Inc.",
        "locationConfidence" : 0.15722774
      }, {
        "latitudeE7" : 423717691,
        "longitudeE7" : -710829023,
        "placeId" : "ChIJhUqEmblw44kRauM2aSHKLHI",
        "name" : "Lusitania Recreation Club",
        "locationConfidence" : 0.15493383
      } ],
      "editConfirmationStatus" : "NOT_CONFIRMED"
    }
  }, {
    "activitySegment" : {
      "startLocation" : {
        "latitudeE7" : 423922238,
        "longitudeE7" : -711246651,
        "sourceInfo" : {
          "deviceTag" : 1259109606
        }
      },
      "endLocation" : {
        "latitudeE7" : 423345642,
        "longitudeE7" : -711455917,
        "placeId" : "ChIJL6P4T1N444kRUxwGfnTlDvI",
        "address" : "247 Fisher Ave\nBrookline, MA 02445\nUSA",
        "name" : "247 Fisher Ave",
        "semanticType" : "TYPE_HOME",
        "sourceInfo" : {
          "deviceTag" : 1259109606
        },
        "locationConfidence" : 91.67695
      },
      "duration" : {
        "startTimestampMs" : "1528840357000",
        "endTimestampMs" : "1528843060411"
      },
      "activityType" : "IN_PASSENGER_VEHICLE",
      "confidence" : "HIGH",
      "activities" : [ {
        "activityType" : "IN_PASSENGER_VEHICLE",
        "probability" : 97.47296299131355
      }, {
        "activityType" : "WALKING",
        "probability" : 1.7253701421063072
      }, {
        "activityType" : "IN_BUS",
        "probability" : 0.4692249987541842
      } ],
      "waypointPath" : {
        "waypoints" : [ {
          "latE7" : 423922882,
          "lngE7" : -711245651
        }, {
          "latE7" : 423858757,
          "lngE7" : -711193542
        }, {
          "latE7" : 423739471,
          "lngE7" : -711189270
        }, {
          "latE7" : 423731536,
          "lngE7" : -711263885
        }, {
          "latE7" : 423718376,
          "lngE7" : -711348495
        }, {
          "latE7" : 423715057,
          "lngE7" : -711348495
        }, {
          "latE7" : 423579483,
          "lngE7" : -711479797
        }, {
          "latE7" : 423445777,
          "lngE7" : -711533279
        }, {
          "latE7" : 423344268,
          "lngE7" : -711458587
        } ]
      },
      "simplifiedRawPath" : {
        "points" : [ {
          "latE7" : 423740284,
          "lngE7" : -711190108,
          "timestampMs" : "1528841320000",
          "accuracyMeters" : 10
        }, {
          "latE7" : 423728074,
          "lngE7" : -711213548,
          "timestampMs" : "1528841444514",
          "accuracyMeters" : 57
        }, {
          "latE7" : 423718470,
          "lngE7" : -711363047,
          "timestampMs" : "1528842003122",
          "accuracyMeters" : 100
        }, {
          "latE7" : 423578564,
          "lngE7" : -711476490,
          "timestampMs" : "1528842366983",
          "accuracyMeters" : 31
        }, {
          "latE7" : 423480266,
          "lngE7" : -711539651,
          "timestampMs" : "1528842618555",
          "accuracyMeters" : 55
        } ]
      },
      "editConfirmationStatus" : "NOT_CONFIRMED",
      "parkingEvent" : {
        "timestampMs" : "1528843084206",
        "location" : {
          "latitudeE7" : 423346726,
          "longitudeE7" : -711455556,
          "accuracyMetres" : 37
        }
      }
    }
  }, {
    "placeVisit" : {
      "location" : {
        "latitudeE7" : 423345642,
        "longitudeE7" : -711455917,
        "placeId" : "ChIJL6P4T1N444kRUxwGfnTlDvI",
        "address" : "247 Fisher Ave\nBrookline, MA 02445\nUSA",
        "name" : "247 Fisher Ave",
        "semanticType" : "TYPE_HOME",
        "sourceInfo" : {
          "deviceTag" : 1259109606
        },
        "locationConfidence" : 91.67695
      },
      "duration" : {
        "startTimestampMs" : "1528843060411",
        "endTimestampMs" : "1528843525617"
      },
      "placeConfidence" : "HIGH_CONFIDENCE",
      "centerLatE7" : 423346267,
      "centerLngE7" : -711454883,
      "visitConfidence" : 86,
      "otherCandidateLocations" : [ {
        "latitudeE7" : 423350645,
        "longitudeE7" : -711488433,
        "placeId" : "ChIJlzvejVN444kRA845bwOxjVI",
        "name" : "Reservoir",
        "locationConfidence" : 4.347486
      }, {
        "latitudeE7" : 423359503,
        "longitudeE7" : -711490210,
        "placeId" : "ChIJIyQrulN444kR_XIChsjuFs4",
        "name" : "CVS",
        "locationConfidence" : 2.7688792
      }, {
        "latitudeE7" : 423341714,
        "longitudeE7" : -711421518,
        "placeId" : "ChIJw-awhax544kR_4ClJ730FWw",
        "name" : "Runkle Elementary School",
        "locationConfidence" : 0.17043072
      }, {
        "latitudeE7" : 423364425,
        "longitudeE7" : -711435818,
        "placeId" : "ChIJx-F9F61544kRQrHqJTEJ8MU",
        "name" : "Jean B. Waldstein Playground",
        "locationConfidence" : 0.14668302
      } ],
      "editConfirmationStatus" : "NOT_CONFIRMED"
    }
  }, {
    "activitySegment" : {
      "startLocation" : {
        "latitudeE7" : 423347074,
        "longitudeE7" : -711454382,
        "sourceInfo" : {
          "deviceTag" : 1259109606
        }
      },
      "endLocation" : {
        "latitudeE7" : 423573947,
        "longitudeE7" : -710606890,
        "sourceInfo" : {
          "deviceTag" : 1259109606
        }
      },
      "duration" : {
        "startTimestampMs" : "1528843525617",
        "endTimestampMs" : "1528925388132"
      },
      "distance" : 1467,
      "activityType" : "IN_PASSENGER_VEHICLE",
      "confidence" : "LOW",
      "activities" : [ {
        "activityType" : "IN_PASSENGER_VEHICLE",
        "probability" : 48.57893806279793
      }, {
        "activityType" : "WALKING",
        "probability" : 34.52110685374081
      }, {
        "activityType" : "CYCLING",
        "probability" : 13.196130698503783
      } ],
      "waypointPath" : {
        "waypoints" : [ {
          "latE7" : 423350563,
          "lngE7" : -711455459
        }, {
          "latE7" : 423487625,
          "lngE7" : -710970458
        }, {
          "latE7" : 423572502,
          "lngE7" : -710608291
        } ]
      },
      "editConfirmationStatus" : "NOT_CONFIRMED",
      "parkingEvent" : {
        "timestampMs" : "1528925388132",
        "location" : {
          "latitudeE7" : 423573947,
          "longitudeE7" : -710606890,
          "accuracyMetres" : 167
        }
      }
    }
  }, {
    "placeVisit" : {
      "location" : {
        "latitudeE7" : 423573947,
        "longitudeE7" : -710606890,
        "placeId" : "ChIJS_70V4Nw44kRwRENtu0e6Rg",
        "address" : "90 Tremont St\nBoston, MA 02108\nUSA",
        "name" : "Highball Lounge",
        "sourceInfo" : {
          "deviceTag" : 1259109606
        },
        "locationConfidence" : 89.5732
      },
      "duration" : {
        "startTimestampMs" : "1528925388132",
        "endTimestampMs" : "1528926105783"
      },
      "placeConfidence" : "MEDIUM_CONFIDENCE",
      "centerLatE7" : 423573380,
      "centerLngE7" : -710609310,
      "visitConfidence" : 90,
      "otherCandidateLocations" : [ {
        "latitudeE7" : 423573060,
        "longitudeE7" : -710606874,
        "placeId" : "ChIJOdqMoIRw44kR8o8TKq4wWgY",
        "semanticType" : "TYPE_SEARCHED_ADDRESS",
        "locationConfidence" : 4.3646846
      }, {
        "latitudeE7" : 423573448,
        "longitudeE7" : -710607035,
        "placeId" : "ChIJF2UtWINw44kRifEV8sImzIQ",
        "name" : "Kimpton Nine Zero Hotel",
        "locationConfidence" : 3.0956655
      }, {
        "latitudeE7" : 423549544,
        "longitudeE7" : -710654886,
        "placeId" : "ChIJKyNuvJ1w44kRBE-pe_yDhj8",
        "name" : "Boston Common",
        "locationConfidence" : 0.3239101
      }, {
        "latitudeE7" : 423577501,
        "longitudeE7" : -710600309,
        "placeId" : "ChIJoZacmYRw44kRz81praiJwLI",
        "name" : "Omni Parker House",
        "locationConfidence" : 0.1989103
      }, {
        "latitudeE7" : 423572597,
        "longitudeE7" : -710610515,
        "placeId" : "ChIJcS_2rIRw44kR65TEOa0p9Rk",
        "name" : "Beantown Pub",
        "locationConfidence" : 0.13836746
      }, {
        "latitudeE7" : 423565970,
        "longitudeE7" : -710595570,
        "placeId" : "ChIJ3Wu6b4Nw44kRXJi4DI1icPE",
        "name" : "Kung Fu Video & DVD",
        "locationConfidence" : 0.12785035
      } ],
      "editConfirmationStatus" : "NOT_CONFIRMED"
    }
  }, {
    "activitySegment" : {
      "startLocation" : {
        "latitudeE7" : 423339472,
        "longitudeE7" : -711454594,
        "sourceInfo" : {
          "deviceTag" : 1259109606
        }
      },
      "endLocation" : {
        "latitudeE7" : 423899205,
        "longitudeE7" : -711409878,
        "placeId" : "ChIJGb0wWAp344kRQX1i8eMlH5E",
        "address" : "545 Concord Ave\nCambridge, MA 02138\nUSA",
        "name" : "Fresh Pond Mall",
        "sourceInfo" : {
          "deviceTag" : 1259109606
        },
        "locationConfidence" : 95.98028
      },
      "duration" : {
        "startTimestampMs" : "1529175652000",
        "endTimestampMs" : "1529176929000"
      },
      "activityType" : "IN_PASSENGER_VEHICLE",
      "confidence" : "HIGH",
      "activities" : [ {
        "activityType" : "IN_PASSENGER_VEHICLE",
        "probability" : 99.16093876008955
      }, {
        "activityType" : "WALKING",
        "probability" : 0.4547478668434261
      }, {
        "activityType" : "MOTORCYCLING",
        "probability" : 0.2920526287970724
      } ],
      "waypointPath" : {
        "waypoints" : [ {
          "latE7" : 423339653,
          "lngE7" : -711454162
        }, {
          "latE7" : 423740692,
          "lngE7" : -711359252
        }, {
          "latE7" : 423880615,
          "lngE7" : -711425857
        } ]
      },
      "simplifiedRawPath" : {
        "points" : [ {
          "latE7" : 423747211,
          "lngE7" : -711376422,
          "timestampMs" : "1529176469000",
          "accuracyMeters" : 10
        } ]
      },
      "editConfirmationStatus" : "NOT_CONFIRMED",
      "parkingEvent" : {
        "timestampMs" : "1529177013293",
        "location" : {
          "latitudeE7" : 423889991,
          "longitudeE7" : -711420731,
          "accuracyMetres" : 42
        }
      }
    }
  }, {
    "placeVisit" : {
      "location" : {
        "latitudeE7" : 423899205,
        "longitudeE7" : -711409878,
        "placeId" : "ChIJGb0wWAp344kRQX1i8eMlH5E",
        "address" : "545 Concord Ave\nCambridge, MA 02138\nUSA",
        "name" : "Fresh Pond Mall",
        "sourceInfo" : {
          "deviceTag" : 1259109606
        },
        "locationConfidence" : 95.98028
      },
      "duration" : {
        "startTimestampMs" : "1529176929000",
        "endTimestampMs" : "1529177321000"
      },
      "placeConfidence" : "HIGH_CONFIDENCE",
      "childVisits" : [ {
        "location" : {
          "latitudeE7" : 423888711,
          "longitudeE7" : -711417424,
          "placeId" : "ChIJofJ1Rwp344kRw8HzCEi9JAs",
          "address" : "202 Alewife Brook Pkwy\nCambridge, MA 02138\nUSA",
          "name" : "Cambridge Wine & Spirits",
          "sourceInfo" : {
            "deviceTag" : 1259109606
          },
          "locationConfidence" : 70.60726
        },
        "duration" : {
          "startTimestampMs" : "1529176978000",
          "endTimestampMs" : "1529177199641"
        },
        "placeConfidence" : "HIGH_CONFIDENCE",
        "centerLatE7" : 423889707,
        "centerLngE7" : -711421053,
        "visitConfidence" : 78,
        "otherCandidateLocations" : [ {
          "latitudeE7" : 423889997,
          "longitudeE7" : -711415229,
          "placeId" : "ChIJTWpfNQp344kRUEvNsScXvMs",
          "name" : "Whole Foods Market",
          "locationConfidence" : 4.9248238
        }, {
          "latitudeE7" : 423892748,
          "longitudeE7" : -711435983,
          "placeId" : "ChIJB6Coawp344kRJZW2uYwxMgs",
          "name" : "Alewife Brook Parkway Shopping Center",
          "locationConfidence" : 4.0376506
        }, {
          "latitudeE7" : 423899205,
          "longitudeE7" : -711409878,
          "placeId" : "ChIJGb0wWAp344kRQX1i8eMlH5E",
          "name" : "Fresh Pond Mall",
          "locationConfidence" : 2.8493788
        }, {
          "latitudeE7" : 423900124,
          "longitudeE7" : -711408589,
          "placeId" : "ChIJ4Y1sluR244kRf95ZAHFLW3Y",
          "name" : "Mattress Firm North Cambridge",
          "locationConfidence" : 2.233988
        }, {
          "latitudeE7" : 423902859,
          "longitudeE7" : -711427042,
          "placeId" : "ChIJ5_tfLwp344kR213L88fsDes",
          "name" : "Circle Furniture",
          "locationConfidence" : 2.1252213
        }, {
          "latitudeE7" : 423896636,
          "longitudeE7" : -711409599,
          "placeId" : "ChIJ5y08luR244kRjjLQUi2zYVw",
          "name" : "T.J. Maxx & HomeGoods",
          "locationConfidence" : 1.7545018
        }, {
          "latitudeE7" : 423900236,
          "longitudeE7" : -711429508,
          "placeId" : "ChIJN-qTJQp344kR3dfg73FKwv0",
          "name" : "Dunkin' Donuts",
          "locationConfidence" : 1.4400059
        }, {
          "latitudeE7" : 423904886,
          "longitudeE7" : -711406502,
          "placeId" : "ChIJL6IYegl344kRsuApDA7MP0I",
          "name" : "Eastern Bank",
          "locationConfidence" : 1.1838197
        } ],
        "editConfirmationStatus" : "NOT_CONFIRMED"
      } ],
      "centerLatE7" : 423890065,
      "centerLngE7" : -711421500,
      "visitConfidence" : 78,
      "otherCandidateLocations" : [ {
        "latitudeE7" : 423892748,
        "longitudeE7" : -711435983,
        "placeId" : "ChIJB6Coawp344kRJZW2uYwxMgs",
        "name" : "Alewife Brook Parkway Shopping Center",
        "locationConfidence" : 2.0114405
      }, {
        "latitudeE7" : 423889810,
        "longitudeE7" : -711444460,
        "placeId" : "ChIJZwgHegp344kRQW3g3vH3Djo",
        "name" : "CareWell Urgent Care Cambridge Fresh Pond",
        "locationConfidence" : 0.8225927
      }, {
        "latitudeE7" : 423885882,
        "longitudeE7" : -711422108,
        "placeId" : "ChIJczCsUQp344kRkH_OL8z4BKg",
        "name" : "Freepoint Hotel West Cambridge",
        "locationConfidence" : 0.21900049
      }, {
        "latitudeE7" : 423880121,
        "longitudeE7" : -711424014,
        "placeId" : "ChIJfcHz9wp344kRQzR6BEoJez4",
        "name" : "Ma Magoo's",
        "locationConfidence" : 0.19621262
      } ],
      "editConfirmationStatus" : "NOT_CONFIRMED",
      "simplifiedRawPath" : {
        "points" : [ {
          "latE7" : 423880349,
          "lngE7" : -711426586,
          "timestampMs" : "1529176929000",
          "accuracyMeters" : 10
        }, {
          "latE7" : 423887472,
          "lngE7" : -711419860,
          "timestampMs" : "1529177079402",
          "accuracyMeters" : 22
        }, {
          "latE7" : 423891366,
          "lngE7" : -711422996,
          "timestampMs" : "1529177285000",
          "accuracyMeters" : 10
        }, {
          "latE7" : 423898593,
          "lngE7" : -711419505,
          "timestampMs" : "1529177304460",
          "accuracyMeters" : 10
        } ]
      }
    }
  }, {
    "activitySegment" : {
      "startLocation" : {
        "latitudeE7" : 423899993,
        "longitudeE7" : -711417578,
        "sourceInfo" : {
          "deviceTag" : 1259109606
        }
      },
      "endLocation" : {
        "latitudeE7" : 424035318,
        "longitudeE7" : -711279911,
        "sourceInfo" : {
          "deviceTag" : 1259109606
        }
      },
      "duration" : {
        "startTimestampMs" : "1529177321000",
        "endTimestampMs" : "1529177696000"
      },
      "distance" : 2764,
      "activityType" : "IN_PASSENGER_VEHICLE",
      "confidence" : "HIGH",
      "activities" : [ {
        "activityType" : "IN_PASSENGER_VEHICLE",
        "probability" : 99.31024682780748
      }, {
        "activityType" : "WALKING",
        "probability" : 0.4281669336769647
      }, {
        "activityType" : "MOTORCYCLING",
        "probability" : 0.15599921889566964
      } ],
      "waypointPath" : {
        "waypoints" : [ {
          "latE7" : 423900222,
          "lngE7" : -711417770
        }, {
          "latE7" : 423986091,
          "lngE7" : -711410903
        }, {
          "latE7" : 424035911,
          "lngE7" : -711278915
        } ]
      },
      "simplifiedRawPath" : {
        "points" : [ {
          "latE7" : 423976602,
          "lngE7" : -711412314,
          "timestampMs" : "1529177421000",
          "accuracyMeters" : 10
        } ]
      },
      "editConfirmationStatus" : "NOT_CONFIRMED",
      "parkingEvent" : {
        "timestampMs" : "1529177786558",
        "location" : {
          "latitudeE7" : 424035318,
          "longitudeE7" : -711279911,
          "accuracyMetres" : 30
        }
      }
    }
  }, {
    "placeVisit" : {
      "location" : {
        "latitudeE7" : 424034127,
        "longitudeE7" : -711280483,
        "placeId" : "ChIJt2YxPuF244kR-udHmso3dOk",
        "address" : "1170 Broadway\nSomerville, MA 02144\nUSA",
        "name" : "Saint James Episcopal Church",
        "sourceInfo" : {
          "deviceTag" : 1259109606
        },
        "locationConfidence" : 35.005127
      },
      "duration" : {
        "startTimestampMs" : "1529177696000",
        "endTimestampMs" : "1529184299448"
      },
      "placeConfidence" : "MEDIUM_CONFIDENCE",
      "centerLatE7" : 424034323,
      "centerLngE7" : -711278289,
      "visitConfidence" : 91,
      "otherCandidateLocations" : [ {
        "latitudeE7" : 424021601,
        "longitudeE7" : -711295418,
        "placeId" : "ChIJWewYhB1344kRXyHCELZuEdk",
        "semanticType" : "TYPE_SEARCHED_ADDRESS",
        "locationConfidence" : 20.82124
      }, {
        "latitudeE7" : 424036065,
        "longitudeE7" : -711274457,
        "placeId" : "ChIJa_73I-J244kRMQIBWG0vBno",
        "name" : "Knight Moves Cafe Somerville",
        "locationConfidence" : 16.796152
      }, {
        "latitudeE7" : 424027726,
        "longitudeE7" : -711267484,
        "placeId" : "ChIJyXiX9-F244kRfHO2XdMTrGg",
        "name" : "PJ Ryan's",
        "locationConfidence" : 7.948584
      }, {
        "latitudeE7" : 424035815,
        "longitudeE7" : -711276369,
        "placeId" : "ChIJp-INI-J244kRv0lgW3lb1Cs",
        "name" : "Neighborhood Food Store",
        "locationConfidence" : 4.0780344
      }, {
        "latitudeE7" : 424035050,
        "longitudeE7" : -711283730,
        "placeId" : "ChIJw2QFPOJ244kRHbEWz6nCONE",
        "name" : "Soul.Train. Fitness",
        "locationConfidence" : 3.3667808
      }, {
        "latitudeE7" : 424035920,
        "longitudeE7" : -711277190,
        "placeId" : "ChIJoT05IeJ244kR_NokR1URWkM",
        "name" : "Broadway Eatery",
        "locationConfidence" : 1.5703896
      }, {
        "latitudeE7" : 424036743,
        "longitudeE7" : -711277453,
        "placeId" : "ChIJbVepJOJ244kRXTfLaZUJoB0",
        "name" : "Bremis School of Real Estate",
        "locationConfidence" : 1.4501208
      }, {
        "latitudeE7" : 424033290,
        "longitudeE7" : -711275100,
        "placeId" : "ChIJr851IuJ244kR6ggf42Yj79E",
        "name" : "Broadway @ Holland St - Teele Sq",
        "locationConfidence" : 1.0899705
      }, {
        "latitudeE7" : 424033668,
        "longitudeE7" : -711271017,
        "placeId" : "ChIJJWmLiuF244kR_-kR-BRTWiQ",
        "name" : "Broadway Food Market",
        "locationConfidence" : 0.86077315
      } ],
      "editConfirmationStatus" : "NOT_CONFIRMED"
    }
  }, {
    "activitySegment" : {
      "startLocation" : {
        "latitudeE7" : 424008147,
        "longitudeE7" : -711183982,
        "sourceInfo" : {
          "deviceTag" : 1259109606
        }
      },
      "endLocation" : {
        "latitudeE7" : 424049133,
        "longitudeE7" : -711200115,
        "sourceInfo" : {
          "deviceTag" : 1259109606
        }
      },
      "duration" : {
        "startTimestampMs" : "1529184360000",
        "endTimestampMs" : "1529194752525"
      },
      "distance" : 803,
      "activityType" : "IN_PASSENGER_VEHICLE",
      "confidence" : "MEDIUM",
      "activities" : [ {
        "activityType" : "IN_PASSENGER_VEHICLE",
        "probability" : 85.10129590775777
      }, {
        "activityType" : "WALKING",
        "probability" : 10.543185726640386
      }, {
        "activityType" : "IN_BUS",
        "probability" : 1.3553670349463527
      } ],
      "waypointPath" : {
        "waypoints" : [ {
          "latE7" : 424008140,
          "lngE7" : -711184005
        }, {
          "latE7" : 424010276,
          "lngE7" : -711165466
        }, {
          "latE7" : 424049186,
          "lngE7" : -711200256
        } ]
      },
      "simplifiedRawPath" : {
        "points" : [ {
          "latE7" : 424010002,
          "lngE7" : -711166303,
          "timestampMs" : "1529184509000",
          "accuracyMeters" : 10
        } ]
      },
      "editConfirmationStatus" : "NOT_CONFIRMED"
    }
  }, {
    "activitySegment" : {
      "startLocation" : {
        "latitudeE7" : 424051958,
        "longitudeE7" : -711202683,
        "sourceInfo" : {
          "deviceTag" : 1259109606
        }
      },
      "endLocation" : {
        "latitudeE7" : 423494868,
        "longitudeE7" : -711533778,
        "sourceInfo" : {
          "deviceTag" : 1259109606
        }
      },
      "duration" : {
        "startTimestampMs" : "1529195840049",
        "endTimestampMs" : "1529197012327"
      },
      "distance" : 9554,
      "activityType" : "IN_PASSENGER_VEHICLE",
      "confidence" : "HIGH",
      "activities" : [ {
        "activityType" : "IN_PASSENGER_VEHICLE",
        "probability" : 96.90000256044384
      }, {
        "activityType" : "MOTORCYCLING",
        "probability" : 1.1092505894917999
      }, {
        "activityType" : "WALKING",
        "probability" : 1.0016003315128927
      } ],
      "waypointPath" : {
        "waypoints" : [ {
          "latE7" : 424052009,
          "lngE7" : -711202621
        }, {
          "latE7" : 423866462,
          "lngE7" : -711412124
        }, {
          "latE7" : 423494796,
          "lngE7" : -711533660
        } ]
      },
      "simplifiedRawPath" : {
        "points" : [ {
          "latE7" : 423883266,
          "lngE7" : -711437031,
          "timestampMs" : "1529196341000",
          "accuracyMeters" : 10
        } ]
      },
      "editConfirmationStatus" : "NOT_CONFIRMED"
    }
  }, {
    "placeVisit" : {
      "location" : {
        "latitudeE7" : 423345642,
        "longitudeE7" : -711455917,
        "placeId" : "ChIJL6P4T1N444kRUxwGfnTlDvI",
        "address" : "247 Fisher Ave\nBrookline, MA 02445\nUSA",
        "name" : "247 Fisher Ave",
        "semanticType" : "TYPE_HOME",
        "sourceInfo" : {
          "deviceTag" : 1259109606
        },
        "locationConfidence" : 91.20672
      },
      "duration" : {
        "startTimestampMs" : "1529768951115",
        "endTimestampMs" : "1529770256000"
      },
      "placeConfidence" : "MEDIUM_CONFIDENCE",
      "centerLatE7" : 423345083,
      "centerLngE7" : -711456050,
      "visitConfidence" : 91,
      "otherCandidateLocations" : [ {
        "latitudeE7" : 423359503,
        "longitudeE7" : -711490210,
        "placeId" : "ChIJIyQrulN444kR_XIChsjuFs4",
        "name" : "CVS",
        "locationConfidence" : 4.006636
      }, {
        "latitudeE7" : 423350645,
        "longitudeE7" : -711488433,
        "placeId" : "ChIJlzvejVN444kRA845bwOxjVI",
        "name" : "Reservoir",
        "locationConfidence" : 3.6226783
      }, {
        "latitudeE7" : 423364425,
        "longitudeE7" : -711435818,
        "placeId" : "ChIJx-F9F61544kRQrHqJTEJ8MU",
        "name" : "Jean B. Waldstein Playground",
        "locationConfidence" : 0.124501646
      }, {
        "latitudeE7" : 423373970,
        "longitudeE7" : -711455075,
        "placeId" : "ChIJ2YppyFJ444kRgN-DPmdikzM",
        "name" : "The Smile Institute",
        "locationConfidence" : 0.09635905
      } ],
      "editConfirmationStatus" : "NOT_CONFIRMED"
    }
  }, {
    "activitySegment" : {
      "startLocation" : {
        "latitudeE7" : 423338842,
        "longitudeE7" : -711454042,
        "sourceInfo" : {
          "deviceTag" : 1259109606
        }
      },
      "endLocation" : {
        "latitudeE7" : 424964166,
        "longitudeE7" : -711785477,
        "sourceInfo" : {
          "deviceTag" : 1259109606
        }
      },
      "duration" : {
        "startTimestampMs" : "1529770256000",
        "endTimestampMs" : "1529771939438"
      },
      "distance" : 35097,
      "activityType" : "IN_PASSENGER_VEHICLE",
      "confidence" : "HIGH",
      "activities" : [ {
        "activityType" : "IN_PASSENGER_VEHICLE",
        "probability" : 95.52451403134906
      }, {
        "activityType" : "WALKING",
        "probability" : 4.053044845752213
      }, {
        "activityType" : "IN_BUS",
        "probability" : 0.239591553493368
      } ],
      "waypointPath" : {
        "waypoints" : [ {
          "latE7" : 423338966,
          "lngE7" : -711453704
        }, {
          "latE7" : 423189086,
          "lngE7" : -712124481
        }, {
          "latE7" : 425090370,
          "lngE7" : -711670837
        } ]
      },
      "simplifiedRawPath" : {
        "points" : [ {
          "latE7" : 423190166,
          "lngE7" : -712117727,
          "timestampMs" : "1529770748000",
          "accuracyMeters" : 10
        } ]
      },
      "editConfirmationStatus" : "NOT_CONFIRMED",
      "parkingEvent" : {
        "timestampMs" : "1529771939438",
        "location" : {
          "latitudeE7" : 424964166,
          "longitudeE7" : -711785477,
          "accuracyMetres" : 30
        }
      }
    }
  }, {
    "activitySegment" : {
      "startLocation" : {
        "latitudeE7" : 424964166,
        "longitudeE7" : -711785477,
        "sourceInfo" : {
          "deviceTag" : 1259109606
        }
      },
      "endLocation" : {
        "latitudeE7" : 425094870,
        "longitudeE7" : -711667760,
        "sourceInfo" : {
          "deviceTag" : 1259109606
        }
      },
      "duration" : {
        "startTimestampMs" : "1529771939438",
        "endTimestampMs" : "1529772184032"
      },
      "distance" : 1744,
      "activityType" : "WALKING",
      "confidence" : "HIGH",
      "activities" : [ {
        "activityType" : "WALKING",
        "probability" : 95.52451403134906
      }, {
        "activityType" : "IN_PASSENGER_VEHICLE",
        "probability" : 4.053044845752213
      }, {
        "activityType" : "IN_BUS",
        "probability" : 0.239591553493368
      } ],
      "waypointPath" : {
        "waypoints" : [ {
          "latE7" : 423338966,
          "lngE7" : -711453704
        }, {
          "latE7" : 423189086,
          "lngE7" : -712124481
        }, {
          "latE7" : 425090370,
          "lngE7" : -711670837
        } ]
      },
      "editConfirmationStatus" : "NOT_CONFIRMED"
    }
  }, {
    "placeVisit" : {
      "location" : {
        "latitudeE7" : 425094870,
        "longitudeE7" : -711667760,
        "placeId" : "ChIJBcyGwTh144kR3dhTJJIdcO8",
        "address" : "9 Webster St\nWoburn, MA 01801\nUSA",
        "name" : "Woburn Racquet Club",
        "sourceInfo" : {
          "deviceTag" : 1259109606
        },
        "locationConfidence" : 99.15073
      },
      "duration" : {
        "startTimestampMs" : "1529772184032",
        "endTimestampMs" : "1529781329000"
      },
      "placeConfidence" : "HIGH_CONFIDENCE",
      "centerLatE7" : 425092300,
      "centerLngE7" : -711652167,
      "visitConfidence" : 91,
      "otherCandidateLocations" : [ {
        "latitudeE7" : 425089104,
        "longitudeE7" : -711653512,
        "placeId" : "ChIJI8tmJjl144kRJ9CqzvWEl3o",
        "locationConfidence" : 0.25933707
      }, {
        "latitudeE7" : 425088596,
        "longitudeE7" : -711653190,
        "placeId" : "ChIJ93xyJjl144kREVvlgpohtJA",
        "locationConfidence" : 0.19061857
      }, {
        "latitudeE7" : 425087793,
        "longitudeE7" : -711651852,
        "placeId" : "ChIJ5yXzJTl144kRCeFgE2tBM84",
        "locationConfidence" : 0.10599368
      }, {
        "latitudeE7" : 425089835,
        "longitudeE7" : -711657509,
        "placeId" : "ChIJafVe2Dh144kRtjnhW_157BQ",
        "name" : "Dedham Taxi & Limo Livery Service.",
        "locationConfidence" : 0.08892841
      } ],
      "editConfirmationStatus" : "NOT_CONFIRMED"
    }
  }, {
    "activitySegment" : {
      "startLocation" : {
        "latitudeE7" : 423375512,
        "longitudeE7" : -711502360,
        "sourceInfo" : {
          "deviceTag" : 1259109606
        }
      },
      "endLocation" : {
        "latitudeE7" : 299532347,
        "longitudeE7" : -900715904,
        "sourceInfo" : {
          "deviceTag" : 1259109606
        }
      },
      "duration" : {
        "startTimestampMs" : "1530012752237",
        "endTimestampMs" : "1530045558840"
      },
      "distance" : 2178314,
      "activityType" : "FLYING",
      "confidence" : "HIGH",
      "activities" : [ {
        "activityType" : "FLYING",
        "probability" : 97.34553831136897
      }, {
        "activityType" : "IN_PASSENGER_VEHICLE",
        "probability" : 0.8711537554373335
      }, {
        "activityType" : "WALKING",
        "probability" : 0.6005319748414831
      } ],
      "simplifiedRawPath" : {
        "points" : [ {
          "latE7" : 423345866,
          "lngE7" : -711455594,
          "timestampMs" : "1530012768309",
          "accuracyMeters" : 17
        } ]
      },
      "editConfirmationStatus" : "NOT_CONFIRMED"
    }
  }, {
    "placeVisit" : {
      "location" : {
        "latitudeE7" : 299532927,
        "longitudeE7" : -900718283,
        "placeId" : "ChIJna3SBQumIIYR2fK0BHLkNI4",
        "address" : "817 Common St\nNew Orleans, LA 70112\nUSA",
        "name" : "Renaissance New Orleans Pere Marquette French Quarter Area Hotel",
        "sourceInfo" : {
          "deviceTag" : 1259109606
        },
        "locationConfidence" : 88.54315
      },
      "duration" : {
        "startTimestampMs" : "1530045558840",
        "endTimestampMs" : "1530046555647"
      },
      "placeConfidence" : "MEDIUM_CONFIDENCE",
      "centerLatE7" : 299532033,
      "centerLngE7" : -900715879,
      "visitConfidence" : 85,
      "otherCandidateLocations" : [ {
        "latitudeE7" : 299533007,
        "longitudeE7" : -900718664,
        "placeId" : "ChIJDSKRBQumIIYRU90LFpGeg-8",
        "semanticType" : "TYPE_SEARCHED_ADDRESS",
        "locationConfidence" : 5.8111253
      }, {
        "latitudeE7" : 299524160,
        "longitudeE7" : -900713610,
        "placeId" : "ChIJ015lPgumIIYRJAqZkqTcBbQ",
        "name" : "AC Hotel by Marriott New Orleans Bourbon",
        "locationConfidence" : 0.596842
      }, {
        "latitudeE7" : 299530330,
        "longitudeE7" : -900693556,
        "placeId" : "ChIJ5dz-jwymIIYR5PzIMUH1o2Q",
        "name" : "Starbucks",
        "locationConfidence" : 0.32592618
      }, {
        "latitudeE7" : 299527463,
        "longitudeE7" : -900707191,
        "placeId" : "ChIJrRqxaAumIIYR59C1k6foKEo",
        "name" : "Brothers Food Mart",
        "locationConfidence" : 0.14064269
      } ],
      "editConfirmationStatus" : "NOT_CONFIRMED"
    }
  }, {
    "activitySegment" : {
      "startLocation" : {
        "latitudeE7" : 299528323,
        "longitudeE7" : -900743756,
        "sourceInfo" : {
          "deviceTag" : 1259109606
        }
      },
      "endLocation" : {
        "latitudeE7" : 299393710,
        "longitudeE7" : -900644197,
        "sourceInfo" : {
          "deviceTag" : 1259109606
        }
      },
      "duration" : {
        "startTimestampMs" : "1530046555647",
        "endTimestampMs" : "1530047672026"
      },
      "distance" : 2284,
      "activityType" : "IN_BUS",
      "confidence" : "LOW",
      "activities" : [ {
        "activityType" : "IN_BUS",
        "probability" : 52.99782364906886
      }, {
        "activityType" : "WALKING",
        "probability" : 38.197841056939076
      }, {
        "activityType" : "IN_PASSENGER_VEHICLE",
        "probability" : 5.64193312628291
      } ],
      "transitPath" : {
        "transitStops" : [ {
          "latitudeE7" : 299528323,
          "longitudeE7" : -900743756,
          "placeId" : "ChIJKXTphAqmIIYRAQyjqfoW3-Q",
          "name" : "S. Rampart + Gravier"
        }, {
          "latitudeE7" : 299393710,
          "longitudeE7" : -900644197,
          "placeId" : "ChIJNaXw9W-mIIYResFRxsqzmp8",
          "name" : "Convention Center Blvd at Calliope"
        } ],
        "name" : "W-8",
        "hexRgbColor" : "F2E51A"
      },
      "simplifiedRawPath" : {
        "points" : [ {
          "latE7" : 299528634,
          "lngE7" : -900709478,
          "timestampMs" : "1530047093255",
          "accuracyMeters" : 40
        }, {
          "latE7" : 299527772,
          "lngE7" : -900723383,
          "timestampMs" : "1530047430246",
          "accuracyMeters" : 22
        }, {
          "latE7" : 299501950,
          "lngE7" : -900730981,
          "timestampMs" : "1530047491746",
          "accuracyMeters" : 31
        }, {
          "latE7" : 299491333,
          "lngE7" : -900684515,
          "timestampMs" : "1530047584000",
          "accuracyMeters" : 43
        } ]
      },
      "editConfirmationStatus" : "NOT_CONFIRMED"
    }
  }, {
    "activitySegment" : {
      "startLocation" : {
        "latitudeE7" : 299487847,
        "longitudeE7" : -900669975,
        "sourceInfo" : {
          "deviceTag" : 1259109606
        }
      },
      "endLocation" : {
        "latitudeE7" : 299530546,
        "longitudeE7" : -900708192,
        "sourceInfo" : {
          "deviceTag" : 1259109606
        }
      },
      "duration" : {
        "startTimestampMs" : "1530047672026",
        "endTimestampMs" : "1530062957729"
      },
      "distance" : 4898,
      "activityType" : "IN_PASSENGER_VEHICLE",
      "confidence" : "MEDIUM",
      "activities" : [ {
        "activityType" : "IN_PASSENGER_VEHICLE",
        "probability" : 61.02272139815089
      }, {
        "activityType" : "WALKING",
        "probability" : 26.146412914538086
      }, {
        "activityType" : "IN_BUS",
        "probability" : 6.316218265139383
      } ],
      "waypointPath" : {
        "waypoints" : [ {
          "latE7" : 299487743,
          "lngE7" : -900669479
        }, {
          "latE7" : 299417991,
          "lngE7" : -900646057
        }, {
          "latE7" : 299351940,
          "lngE7" : -900618591
        }, {
          "latE7" : 299494571,
          "lngE7" : -900696716
        }, {
          "latE7" : 299529762,
          "lngE7" : -900707015
        } ]
      },
      "simplifiedRawPath" : {
        "points" : [ {
          "latE7" : 299435004,
          "lngE7" : -900646075,
          "timestampMs" : "1530062235097",
          "accuracyMeters" : 37
        }, {
          "latE7" : 299493600,
          "lngE7" : -900695974,
          "timestampMs" : "1530062485060",
          "accuracyMeters" : 27
        } ]
      },
      "editConfirmationStatus" : "NOT_CONFIRMED",
      "parkingEvent" : {
        "timestampMs" : "1530063017944",
        "location" : {
          "latitudeE7" : 299530546,
          "longitudeE7" : -900708192,
          "accuracyMetres" : 152
        }
      }
    }
  }, {
    "placeVisit" : {
      "location" : {
        "latitudeE7" : 299532927,
        "longitudeE7" : -900718283,
        "placeId" : "ChIJna3SBQumIIYR2fK0BHLkNI4",
        "address" : "817 Common St\nNew Orleans, LA 70112\nUSA",
        "name" : "Renaissance New Orleans Pere Marquette French Quarter Area Hotel",
        "sourceInfo" : {
          "deviceTag" : 1259109606
        },
        "locationConfidence" : 87.587425
      },
      "duration" : {
        "startTimestampMs" : "1530062957729",
        "endTimestampMs" : "1530105343415"
      },
      "placeConfidence" : "MEDIUM_CONFIDENCE",
      "centerLatE7" : 299534033,
      "centerLngE7" : -900712860,
      "visitConfidence" : 93,
      "otherCandidateLocations" : [ {
        "latitudeE7" : 299533007,
        "longitudeE7" : -900718664,
        "placeId" : "ChIJDSKRBQumIIYRU90LFpGeg-8",
        "semanticType" : "TYPE_SEARCHED_ADDRESS",
        "locationConfidence" : 10.294144
      }, {
        "latitudeE7" : 299538008,
        "longitudeE7" : -900695715,
        "placeId" : "ChIJNxWPhgymIIYR6cfZjHJinvQ",
        "name" : "Crowne Plaza New Orleans French Quarter",
        "locationConfidence" : 0.3696167
      }, {
        "latitudeE7" : 299524160,
        "longitudeE7" : -900713610,
        "placeId" : "ChIJ015lPgumIIYRJAqZkqTcBbQ",
        "name" : "AC Hotel by Marriott New Orleans Bourbon",
        "locationConfidence" : 0.12600787
      }, {
        "latitudeE7" : 299527951,
        "longitudeE7" : -900712959,
        "placeId" : "ChIJYxrxawumIIYRnV8920NjInw",
        "name" : "Merchant",
        "locationConfidence" : 0.0641968
      } ],
      "editConfirmationStatus" : "NOT_CONFIRMED"
    }
  }, {
    "activitySegment" : {
      "startLocation" : {
        "latitudeE7" : 299534033,
        "longitudeE7" : -900712860
      },
      "endLocation" : {
        "latitudeE7" : 423652451,
        "longitudeE7" : -710216389,
        "sourceInfo" : {
          "deviceTag" : 1259109606
        }
      },
      "duration" : {
        "startTimestampMs" : "1530105343415",
        "endTimestampMs" : "1530165370424"
      },
      "activityType" : "UNKNOWN_ACTIVITY_TYPE",
      "activities" : [ {
        "activityType" : "UNKNOWN_ACTIVITY_TYPE",
        "probability" : 0.0
      } ],
      "simplifiedRawPath" : {
        "points" : [ {
          "latE7" : 299361411,
          "lngE7" : -900617033,
          "timestampMs" : "1530128648000",
          "accuracyMeters" : 18
        }, {
          "latE7" : 423646777,
          "lngE7" : -710212367,
          "timestampMs" : "1530165047431",
          "accuracyMeters" : 43
        } ]
      }
    }
  }, {
    "activitySegment" : {
      "startLocation" : {
        "latitudeE7" : 423652451,
        "longitudeE7" : -710216389,
        "sourceInfo" : {
          "deviceTag" : 1259109606
        }
      },
      "endLocation" : {
        "latitudeE7" : 423345642,
        "longitudeE7" : -711455917,
        "placeId" : "ChIJL6P4T1N444kRUxwGfnTlDvI",
        "address" : "247 Fisher Ave\nBrookline, MA 02445\nUSA",
        "name" : "247 Fisher Ave",
        "semanticType" : "TYPE_HOME",
        "sourceInfo" : {
          "deviceTag" : 1259109606
        },
        "locationConfidence" : 98.31288
      },
      "duration" : {
        "startTimestampMs" : "1530165370424",
        "endTimestampMs" : "1530166592549"
      },
      "activityType" : "IN_PASSENGER_VEHICLE",
      "confidence" : "HIGH",
      "activities" : [ {
        "activityType" : "IN_PASSENGER_VEHICLE",
        "probability" : 90.57654134289737
      }, {
        "activityType" : "WALKING",
        "probability" : 6.808024385506717
      }, {
        "activityType" : "IN_BUS",
        "probability" : 0.6528327348323825
      } ],
      "waypointPath" : {
        "waypoints" : [ {
          "latE7" : 423652458,
          "lngE7" : -710216369
        }, {
          "latE7" : 423616523,
          "lngE7" : -710726623
        }, {
          "latE7" : 423340492,
          "lngE7" : -711454772
        } ]
      },
      "editConfirmationStatus" : "NOT_CONFIRMED",
      "parkingEvent" : {
        "timestampMs" : "1530166672979",
        "location" : {
          "latitudeE7" : 423340911,
          "longitudeE7" : -711453372,
          "accuracyMetres" : 88
        }
      }
    }
  }, {
    "placeVisit" : {
      "location" : {
        "latitudeE7" : 423345642,
        "longitudeE7" : -711455917,
        "placeId" : "ChIJL6P4T1N444kRUxwGfnTlDvI",
        "address" : "247 Fisher Ave\nBrookline, MA 02445\nUSA",
        "name" : "247 Fisher Ave",
        "semanticType" : "TYPE_HOME",
        "sourceInfo" : {
          "deviceTag" : 1259109606
        },
        "locationConfidence" : 98.31288
      },
      "duration" : {
        "startTimestampMs" : "1530166592549",
        "endTimestampMs" : "1530167054392"
      },
      "placeConfidence" : "HIGH_CONFIDENCE",
      "centerLatE7" : 423345183,
      "centerLngE7" : -711454500,
      "visitConfidence" : 88,
      "otherCandidateLocations" : [ {
        "latitudeE7" : 423350645,
        "longitudeE7" : -711488433,
        "placeId" : "ChIJlzvejVN444kRA845bwOxjVI",
        "name" : "Reservoir",
        "locationConfidence" : 1.1101348
      }, {
        "latitudeE7" : 423359503,
        "longitudeE7" : -711490210,
        "placeId" : "ChIJIyQrulN444kR_XIChsjuFs4",
        "name" : "CVS",
        "locationConfidence" : 0.30197763
      }, {
        "latitudeE7" : 423364425,
        "longitudeE7" : -711435818,
        "placeId" : "ChIJx-F9F61544kRQrHqJTEJ8MU",
        "name" : "Jean B. Waldstein Playground",
        "locationConfidence" : 0.068957075
      }, {
        "latitudeE7" : 423371291,
        "longitudeE7" : -711452620,
        "placeId" : "ChIJazpExVJ444kRkWU-_jWAlZw",
        "name" : "Englewood Avenue",
        "locationConfidence" : 0.05377356
      } ],
      "editConfirmationStatus" : "NOT_CONFIRMED"
    }
  } ]
}