{
  "timelineObjects" : [ {
    "placeVisit" : {
      "location" : {
        "latitudeE7" : 423486748,
        "longitudeE7" : -711297150,
        "placeId" : "ChIJLasXQMZ544kR_hbUBzPQOB0",
        "address" : "8 Royce Rd\nAllston, MA 02134\nUSA",
        "name" : "8 Royce Rd",
        "sourceInfo" : {
          "deviceTag" : 1259109606
        },
        "locationConfidence" : 58.93546
      },
      "duration" : {
        "startTimestampMs" : "1538861901000",
        "endTimestampMs" : "1538886187000"
      },
      "placeConfidence" : "HIGH_CONFIDENCE",
      "centerLatE7" : 423490633,
      "centerLngE7" : -711314467,
      "visitConfidence" : 84,
      "otherCandidateLocations" : [ {
        "latitudeE7" : 423494917,
        "longitudeE7" : -711306939,
        "placeId" : "ChIJWcBIb8Z544kRRU4uEoeI4qU",
        "semanticType" : "TYPE_SEARCHED_ADDRESS",
        "locationConfidence" : 9.664555
      }, {
        "latitudeE7" : 423501671,
        "longitudeE7" : -711321269,
        "placeId" : "ChIJgw3WEcZ544kRl1OnDzjRFns",
        "name" : "The Avenue Allston",
        "locationConfidence" : 3.952791
      }, {
        "latitudeE7" : 423500363,
        "longitudeE7" : -711305901,
        "placeId" : "ChIJKQ4eesZ544kRkbWbMSCAFDM",
        "name" : "Great Scott",
        "locationConfidence" : 3.0085752
      }, {
        "latitudeE7" : 423496665,
        "longitudeE7" : -711331486,
        "placeId" : "ChIJ7YVnn8h544kRfiv1BvK0xAA",
        "name" : "Hopewell Bar & Kitchen",
        "locationConfidence" : 2.6677566
      }, {
        "latitudeE7" : 423490812,
        "longitudeE7" : -711312326,
        "placeId" : "ChIJR9luR8Z544kRVej5ADzMvCs",
        "name" : "FLAC Productions",
        "locationConfidence" : 1.7244711
      }, {
        "latitudeE7" : 423501359,
        "longitudeE7" : -711315627,
        "placeId" : "ChIJCweddMZ544kRF27zDWwm29w",
        "name" : "Harvard Avenue",
        "locationConfidence" : 1.5820826
      }, {
        "latitudeE7" : 423486375,
        "longitudeE7" : -711297979,
        "placeId" : "ChIJFTf-9sZ544kRPsixxFnWVx0",
        "semanticType" : "TYPE_SEARCHED_ADDRESS",
        "locationConfidence" : 1.2412546
      }, {
        "latitudeE7" : 423488098,
        "longitudeE7" : -711299289,
        "placeId" : "ChIJByHi9cZ544kR9NnTQyhMdss",
        "semanticType" : "TYPE_SEARCHED_ADDRESS",
        "locationConfidence" : 1.1707764
      }, {
        "latitudeE7" : 423490995,
        "longitudeE7" : -711324376,
        "placeId" : "ChIJT_gAJ8Z544kRd6MFkVF5nW8",
        "name" : "CVS",
        "locationConfidence" : 1.0038401
      } ],
      "editConfirmationStatus" : "NOT_CONFIRMED"
    }
  }, {
    "activitySegment" : {
      "startLocation" : {
        "latitudeE7" : 423344407,
        "longitudeE7" : -711452691,
        "sourceInfo" : {
          "deviceTag" : 1259109606
        }
      },
      "endLocation" : {
        "latitudeE7" : 423491469,
        "longitudeE7" : -711315560,
        "sourceInfo" : {
          "deviceTag" : 1259109606
        }
      },
      "duration" : {
        "startTimestampMs" : "1539385588000",
        "endTimestampMs" : "1539407104764"
      },
      "distance" : 8195,
      "activityType" : "IN_PASSENGER_VEHICLE",
      "confidence" : "LOW",
      "activities" : [ {
        "activityType" : "IN_PASSENGER_VEHICLE",
        "probability" : 50.092291688069714
      }, {
        "activityType" : "WALKING",
        "probability" : 24.916227573992707
      }, {
        "activityType" : "IN_BUS",
        "probability" : 19.734090637188
      } ],
      "waypointPath" : {
        "waypoints" : [ {
          "latE7" : 423344116,
          "lngE7" : -711450500
        }, {
          "latE7" : 423487625,
          "lngE7" : -710970458
        }, {
          "latE7" : 423472480,
          "lngE7" : -710942611
        }, {
          "latE7" : 423422508,
          "lngE7" : -711212692
        }, {
          "latE7" : 423488349,
          "lngE7" : -711308212
        } ]
      },
      "simplifiedRawPath" : {
        "points" : [ {
          "latE7" : 423472368,
          "lngE7" : -710941630,
          "timestampMs" : "1539406569000",
          "accuracyMeters" : 3
        }, {
          "latE7" : 423471394,
          "lngE7" : -710942554,
          "timestampMs" : "1539406585000",
          "accuracyMeters" : 3
        } ]
      },
      "editConfirmationStatus" : "NOT_CONFIRMED",
      "parkingEvent" : {
        "timestampMs" : "1539407210131",
        "location" : {
          "latitudeE7" : 423491469,
          "longitudeE7" : -711315560,
          "accuracyMetres" : 51
        }
      }
    }
  }, {
    "placeVisit" : {
      "location" : {
        "latitudeE7" : 423486748,
        "longitudeE7" : -711297150,
        "placeId" : "ChIJLasXQMZ544kR_hbUBzPQOB0",
        "address" : "8 Royce Rd\nAllston, MA 02134\nUSA",
        "name" : "8 Royce Rd",
        "sourceInfo" : {
          "deviceTag" : 1259109606
        },
        "locationConfidence" : 74.0171
      },
      "duration" : {
        "startTimestampMs" : "1539407166000",
        "endTimestampMs" : "1539447195000"
      },
      "placeConfidence" : "HIGH_CONFIDENCE",
      "centerLatE7" : 423491192,
      "centerLngE7" : -711315486,
      "visitConfidence" : 93,
      "otherCandidateLocations" : [ {
        "latitudeE7" : 423494917,
        "longitudeE7" : -711306939,
        "placeId" : "ChIJWcBIb8Z544kRRU4uEoeI4qU",
        "semanticType" : "TYPE_SEARCHED_ADDRESS",
        "locationConfidence" : 8.380363
      }, {
        "latitudeE7" : 423492179,
        "longitudeE7" : -711318471,
        "placeId" : "ChIJ6TKQPsZ544kR_eanHsbYYag",
        "locationConfidence" : 1.1862018
      }, {
        "latitudeE7" : 423501359,
        "longitudeE7" : -711315627,
        "placeId" : "ChIJCweddMZ544kRF27zDWwm29w",
        "name" : "Harvard Avenue",
        "locationConfidence" : 1.1742356
      }, {
        "latitudeE7" : 423504050,
        "longitudeE7" : -711319820,
        "placeId" : "ChIJ3ZkcDMZ544kRRxpBByRvkhU",
        "name" : "Pavement Coffeehouse",
        "locationConfidence" : 1.1223503
      }, {
        "latitudeE7" : 423490129,
        "longitudeE7" : -711318080,
        "placeId" : "ChIJxyYBPsZ544kR1p7nGqCi6MI",
        "name" : "Parties over Boston",
        "locationConfidence" : 1.0117687
      }, {
        "latitudeE7" : 423486375,
        "longitudeE7" : -711297979,
        "placeId" : "ChIJFTf-9sZ544kRPsixxFnWVx0",
        "semanticType" : "TYPE_SEARCHED_ADDRESS",
        "locationConfidence" : 0.94007736
      }, {
        "latitudeE7" : 423488098,
        "longitudeE7" : -711299289,
        "placeId" : "ChIJByHi9cZ544kR9NnTQyhMdss",
        "semanticType" : "TYPE_SEARCHED_ADDRESS",
        "locationConfidence" : 0.83810514
      }, {
        "latitudeE7" : 423496665,
        "longitudeE7" : -711331486,
        "placeId" : "ChIJ7YVnn8h544kRfiv1BvK0xAA",
        "name" : "Hopewell Bar & Kitchen",
        "locationConfidence" : 0.5898574
      }, {
        "latitudeE7" : 423490995,
        "longitudeE7" : -711324376,
        "placeId" : "ChIJT_gAJ8Z544kRd6MFkVF5nW8",
        "name" : "CVS",
        "locationConfidence" : 0.53310347
      } ],
      "editConfirmationStatus" : "NOT_CONFIRMED"
    }
  }, {
    "activitySegment" : {
      "startLocation" : {
        "latitudeE7" : 423491102,
        "longitudeE7" : -711316760,
        "sourceInfo" : {
          "deviceTag" : 1259109606
        }
      },
      "endLocation" : {
        "latitudeE7" : 423343468,
        "longitudeE7" : -711457367,
        "sourceInfo" : {
          "deviceTag" : 1259109606
        }
      },
      "duration" : {
        "startTimestampMs" : "1539447195000",
        "endTimestampMs" : "1539447807000"
      },
      "distance" : 2024,
      "activityType" : "IN_PASSENGER_VEHICLE",
      "confidence" : "HIGH",
      "activities" : [ {
        "activityType" : "IN_PASSENGER_VEHICLE",
        "probability" : 97.87111792540033
      }, {
        "activityType" : "WALKING",
        "probability" : 1.1461938767160689
      }, {
        "activityType" : "IN_BUS",
        "probability" : 0.4541880906890342
      } ],
      "waypointPath" : {
        "waypoints" : [ {
          "latE7" : 423491516,
          "lngE7" : -711315917
        }, {
          "latE7" : 423403587,
          "lngE7" : -711424179
        }, {
          "latE7" : 423343391,
          "lngE7" : -711457519
        } ]
      },
      "editConfirmationStatus" : "NOT_CONFIRMED",
      "parkingEvent" : {
        "timestampMs" : "1539447976297",
        "location" : {
          "latitudeE7" : 423343336,
          "longitudeE7" : -711452603,
          "accuracyMetres" : 137
        }
      }
    }
  }, {
    "placeVisit" : {
      "location" : {
        "latitudeE7" : 423343468,
        "longitudeE7" : -711457367,
        "placeId" : "ChIJL6P4T1N444kRUxwGfnTlDvI",
        "address" : "247 Fisher Ave\nBrookline, MA 02445\nUSA",
        "name" : "247 Fisher Ave",
        "semanticType" : "TYPE_HOME",
        "sourceInfo" : {
          "deviceTag" : 1259109606
        },
        "locationConfidence" : 92.48368
      },
      "duration" : {
        "startTimestampMs" : "1539447807000",
        "endTimestampMs" : "1539449224000"
      },
      "placeConfidence" : "HIGH_CONFIDENCE",
      "centerLatE7" : 423344757,
      "centerLngE7" : -711453774,
      "visitConfidence" : 91,
      "otherCandidateLocations" : [ {
        "latitudeE7" : 423350645,
        "longitudeE7" : -711488433,
        "placeId" : "ChIJlzvejVN444kRA845bwOxjVI",
        "name" : "Reservoir",
        "locationConfidence" : 3.0736957
      }, {
        "latitudeE7" : 423358684,
        "longitudeE7" : -711489811,
        "placeId" : "ChIJIyQrulN444kR_XIChsjuFs4",
        "name" : "CVS",
        "locationConfidence" : 2.402104
      }, {
        "latitudeE7" : 423364425,
        "longitudeE7" : -711435818,
        "placeId" : "ChIJx-F9F61544kRQrHqJTEJ8MU",
        "name" : "Jean B. Waldstein Playground",
        "locationConfidence" : 0.91017175
      }, {
        "latitudeE7" : 423371291,
        "longitudeE7" : -711452620,
        "placeId" : "ChIJazpExVJ444kRkWU-_jWAlZw",
        "name" : "Englewood Avenue",
        "locationConfidence" : 0.26049188
      } ],
      "editConfirmationStatus" : "NOT_CONFIRMED"
    }
  }, {
    "activitySegment" : {
      "startLocation" : {
        "latitudeE7" : 423339340,
        "longitudeE7" : -711451982,
        "sourceInfo" : {
          "deviceTag" : 1259109606
        }
      },
      "endLocation" : {
        "latitudeE7" : 423492416,
        "longitudeE7" : -711316837,
        "sourceInfo" : {
          "deviceTag" : 1259109606
        }
      },
      "duration" : {
        "startTimestampMs" : "1539449224000",
        "endTimestampMs" : "1539453853200"
      },
      "distance" : 39494,
      "activityType" : "IN_PASSENGER_VEHICLE",
      "confidence" : "HIGH",
      "activities" : [ {
        "activityType" : "IN_PASSENGER_VEHICLE",
        "probability" : 97.39941251958173
      }, {
        "activityType" : "WALKING",
        "probability" : 2.187078200046354
      }, {
        "activityType" : "IN_BUS",
        "probability" : 0.1559808146115416
      } ],
      "waypointPath" : {
        "waypoints" : [ {
          "latE7" : 423338584,
          "lngE7" : -711451339
        }, {
          "latE7" : 423163414,
          "lngE7" : -712384796
        }, {
          "latE7" : 422894363,
          "lngE7" : -713368530
        }, {
          "latE7" : 423161964,
          "lngE7" : -712384796
        }, {
          "latE7" : 423492469,
          "lngE7" : -711316757
        } ]
      },
      "simplifiedRawPath" : {
        "points" : [ {
          "latE7" : 423162973,
          "lngE7" : -712377004,
          "timestampMs" : "1539451894000",
          "accuracyMeters" : 4
        }, {
          "latE7" : 423166500,
          "lngE7" : -712338857,
          "timestampMs" : "1539451910000",
          "accuracyMeters" : 4
        } ]
      },
      "editConfirmationStatus" : "NOT_CONFIRMED",
      "parkingEvent" : {
        "timestampMs" : "1539453853200",
        "location" : {
          "latitudeE7" : 423464561,
          "longitudeE7" : -711353613,
          "accuracyMetres" : 87
        }
      }
    }
  }, {
    "activitySegment" : {
      "startLocation" : {
        "latitudeE7" : 423464561,
        "longitudeE7" : -711353613
      },
      "endLocation" : {
        "latitudeE7" : 423492418,
        "longitudeE7" : -711316835
      },
      "duration" : {
        "startTimestampMs" : "1539453853200",
        "endTimestampMs" : "1539471346000"
      },
      "distance" : 432,
      "activityType" : "WALKING",
      "confidence" : "LOW",
      "activities" : [ {
        "activityType" : "WALKING",
        "probability" : 40.81939482140956
      }, {
        "activityType" : "IN_PASSENGER_VEHICLE",
        "probability" : 35.87070663389622
      }, {
        "activityType" : "MOTORCYCLING",
        "probability" : 7.006330962125919
      } ],
      "waypointPath" : {
        "waypoints" : [ {
          "latE7" : 423464546,
          "lngE7" : -711353607
        }, {
          "latE7" : 423474502,
          "lngE7" : -711337890
        }, {
          "latE7" : 423492279,
          "lngE7" : -711317138
        } ]
      },
      "editConfirmationStatus" : "NOT_CONFIRMED"
    }
  }, {
    "placeVisit" : {
      "location" : {
        "latitudeE7" : 423526854,
        "longitudeE7" : -711322361,
        "placeId" : "ChIJebo3m8V544kR1ryP00WJm2I",
        "address" : "103 Harvard Ave\nAllston, MA 02134\nUSA",
        "name" : "Blanchards - Allston",
        "sourceInfo" : {
          "deviceTag" : 1259109606
        },
        "locationConfidence" : 71.51054
      },
      "duration" : {
        "startTimestampMs" : "1539471346000",
        "endTimestampMs" : "1539473135613"
      },
      "placeConfidence" : "MEDIUM_CONFIDENCE",
      "centerLatE7" : 423507100,
      "centerLngE7" : -711319594,
      "visitConfidence" : 93,
      "otherCandidateLocations" : [ {
        "latitudeE7" : 423527073,
        "longitudeE7" : -711307792,
        "placeId" : "ChIJ2Uvfp8V544kR5MZX6pp4IiM",
        "name" : "White Horse Tavern",
        "locationConfidence" : 5.440808
      }, {
        "latitudeE7" : 423522590,
        "longitudeE7" : -711317300,
        "placeId" : "ChIJeY2vlsV544kRiijGVDx4e7Q",
        "name" : "Mr. Music Guitar Center",
        "locationConfidence" : 2.160661
      }, {
        "latitudeE7" : 423521898,
        "longitudeE7" : -711321597,
        "placeId" : "ChIJufOplsV544kRS9wV7BxZkGg",
        "name" : "Kung Fu Tea",
        "locationConfidence" : 1.8584675
      }, {
        "latitudeE7" : 423528433,
        "longitudeE7" : -711326026,
        "placeId" : "ChIJ9wbWg8V544kRtv2_C_dKne8",
        "name" : "Brighton Music Hall",
        "locationConfidence" : 1.8266541
      }, {
        "latitudeE7" : 423529294,
        "longitudeE7" : -711324739,
        "placeId" : "ChIJqT5JnMV544kRvpGZn6FjqP4",
        "name" : "Brighton Ave @ Harvard Ave",
        "locationConfidence" : 1.0667676
      }, {
        "latitudeE7" : 423534708,
        "longitudeE7" : -711324169,
        "placeId" : "ChIJ9-rJe8V544kR7-9zic5JW-Q",
        "name" : "Common Ground",
        "locationConfidence" : 0.95009845
      }, {
        "latitudeE7" : 423528856,
        "longitudeE7" : -711323587,
        "placeId" : "ChIJDUlWgsV544kRYmi3O-j3Co4",
        "name" : "Sunrise Market",
        "locationConfidence" : 0.90416545
      }, {
        "latitudeE7" : 423528650,
        "longitudeE7" : -711326690,
        "placeId" : "ChIJ96VqgcV544kRQ-qHW-KkMRY",
        "name" : "Loui Loui",
        "locationConfidence" : 0.6560702
      }, {
        "latitudeE7" : 423523726,
        "longitudeE7" : -711317185,
        "placeId" : "ChIJnZnSkMV544kRHx_QghKjMaE",
        "name" : "Korean Garden",
        "locationConfidence" : 0.5813908
      } ],
      "editConfirmationStatus" : "NOT_CONFIRMED"
    }
  }, {
    "activitySegment" : {
      "startLocation" : {
        "latitudeE7" : 423507100,
        "longitudeE7" : -711319594
      },
      "endLocation" : {
        "latitudeE7" : 423492574,
        "longitudeE7" : -711315422
      },
      "duration" : {
        "startTimestampMs" : "1539473135613",
        "endTimestampMs" : "1539566004000"
      },
      "activityType" : "UNKNOWN_ACTIVITY_TYPE",
      "activities" : [ {
        "activityType" : "UNKNOWN_ACTIVITY_TYPE",
        "probability" : 0.0
      } ],
      "simplifiedRawPath" : {
        "points" : [ {
          "latE7" : 423524949,
          "lngE7" : -711323582,
          "timestampMs" : "1539473135613",
          "accuracyMeters" : 6
        }, {
          "latE7" : 423409165,
          "lngE7" : -712771161,
          "timestampMs" : "1539473893000",
          "accuracyMeters" : 28
        } ]
      }
    }
  }, {
    "placeVisit" : {
      "location" : {
        "latitudeE7" : 423486748,
        "longitudeE7" : -711297150,
        "placeId" : "ChIJLasXQMZ544kR_hbUBzPQOB0",
        "address" : "8 Royce Rd\nAllston, MA 02134\nUSA",
        "name" : "8 Royce Rd",
        "sourceInfo" : {
          "deviceTag" : 1259109606
        },
        "locationConfidence" : 64.98544
      },
      "duration" : {
        "startTimestampMs" : "1539566004000",
        "endTimestampMs" : "1539603197000"
      },
      "placeConfidence" : "HIGH_CONFIDENCE",
      "centerLatE7" : 423492574,
      "centerLngE7" : -711315422,
      "visitConfidence" : 83,
      "otherCandidateLocations" : [ {
        "latitudeE7" : 423494917,
        "longitudeE7" : -711306939,
        "placeId" : "ChIJWcBIb8Z544kRRU4uEoeI4qU",
        "semanticType" : "TYPE_SEARCHED_ADDRESS",
        "locationConfidence" : 10.24417
      }, {
        "latitudeE7" : 423501359,
        "longitudeE7" : -711315627,
        "placeId" : "ChIJCweddMZ544kRF27zDWwm29w",
        "name" : "Harvard Avenue",
        "locationConfidence" : 2.2791262
      }, {
        "latitudeE7" : 423501671,
        "longitudeE7" : -711321269,
        "placeId" : "ChIJgw3WEcZ544kRl1OnDzjRFns",
        "name" : "The Avenue Allston",
        "locationConfidence" : 1.5157901
      }, {
        "latitudeE7" : 423504050,
        "longitudeE7" : -711319820,
        "placeId" : "ChIJ3ZkcDMZ544kRRxpBByRvkhU",
        "name" : "Pavement Coffeehouse",
        "locationConfidence" : 1.4468124
      }, {
        "latitudeE7" : 423492179,
        "longitudeE7" : -711318471,
        "placeId" : "ChIJ6TKQPsZ544kR_eanHsbYYag",
        "locationConfidence" : 1.3919846
      }, {
        "latitudeE7" : 423486375,
        "longitudeE7" : -711297979,
        "placeId" : "ChIJFTf-9sZ544kRPsixxFnWVx0",
        "semanticType" : "TYPE_SEARCHED_ADDRESS",
        "locationConfidence" : 1.3167052
      }, {
        "latitudeE7" : 423488098,
        "longitudeE7" : -711299289,
        "placeId" : "ChIJByHi9cZ544kR9NnTQyhMdss",
        "semanticType" : "TYPE_SEARCHED_ADDRESS",
        "locationConfidence" : 1.248907
      }, {
        "latitudeE7" : 423496665,
        "longitudeE7" : -711331486,
        "placeId" : "ChIJ7YVnn8h544kRfiv1BvK0xAA",
        "name" : "Hopewell Bar & Kitchen",
        "locationConfidence" : 1.108259
      }, {
        "latitudeE7" : 423500363,
        "longitudeE7" : -711305901,
        "placeId" : "ChIJKQ4eesZ544kRkbWbMSCAFDM",
        "name" : "Great Scott",
        "locationConfidence" : 1.0427747
      } ],
      "editConfirmationStatus" : "NOT_CONFIRMED"
    }
  }, {
    "activitySegment" : {
      "startLocation" : {
        "latitudeE7" : 423486748,
        "longitudeE7" : -711297150,
        "placeId" : "ChIJLasXQMZ544kR_hbUBzPQOB0",
        "address" : "8 Royce Rd\nAllston, MA 02134\nUSA",
        "name" : "8 Royce Rd",
        "sourceInfo" : {
          "deviceTag" : 1259109606
        },
        "locationConfidence" : 64.98544
      },
      "endLocation" : {
        "latitudeE7" : 423893050,
        "longitudeE7" : -711195110,
        "sourceInfo" : {
          "deviceTag" : 1259109606
        }
      },
      "duration" : {
        "startTimestampMs" : "1539603197000",
        "endTimestampMs" : "1539604397000"
      },
      "activityType" : "IN_PASSENGER_VEHICLE",
      "confidence" : "HIGH",
      "activities" : [ {
        "activityType" : "IN_PASSENGER_VEHICLE",
        "probability" : 92.17482812737158
      }, {
        "activityType" : "IN_BUS",
        "probability" : 5.661227183651579
      }, {
        "activityType" : "WALKING",
        "probability" : 1.5118461553499654
      } ],
      "waypointPath" : {
        "waypoints" : [ {
          "latE7" : 423494110,
          "lngE7" : -711318206
        }, {
          "latE7" : 423753395,
          "lngE7" : -711185226
        }, {
          "latE7" : 423891563,
          "lngE7" : -711194000
        } ]
      },
      "simplifiedRawPath" : {
        "points" : [ {
          "latE7" : 423744442,
          "lngE7" : -711187635,
          "timestampMs" : "1539604126000",
          "accuracyMeters" : 15
        } ]
      },
      "editConfirmationStatus" : "NOT_CONFIRMED"
    }
  }, {
    "activitySegment" : {
      "startLocation" : {
        "latitudeE7" : 423893050,
        "longitudeE7" : -711195110,
        "sourceInfo" : {
          "deviceTag" : 1259109606
        }
      },
      "endLocation" : {
        "latitudeE7" : 423467020,
        "longitudeE7" : -710806420
      },
      "duration" : {
        "startTimestampMs" : "1539604397000",
        "endTimestampMs" : "1540427947000"
      },
      "activityType" : "UNKNOWN_ACTIVITY_TYPE",
      "activities" : [ {
        "activityType" : "UNKNOWN_ACTIVITY_TYPE",
        "probability" : 0.0
      } ],
      "simplifiedRawPath" : {
        "points" : [ {
          "latE7" : 423513606,
          "lngE7" : -711507514,
          "timestampMs" : "1540149836000",
          "accuracyMeters" : 39
        }, {
          "latE7" : 423501387,
          "lngE7" : -711310563,
          "timestampMs" : "1540150798000",
          "accuracyMeters" : 3
        }, {
          "latE7" : 423488952,
          "lngE7" : -711298264,
          "timestampMs" : "1540150829000",
          "accuracyMeters" : 4
        }, {
          "latE7" : 423419753,
          "lngE7" : -711252819,
          "timestampMs" : "1540150958000",
          "accuracyMeters" : 4
        }, {
          "latE7" : 423406173,
          "lngE7" : -711238472,
          "timestampMs" : "1540151033000",
          "accuracyMeters" : 7
        }, {
          "latE7" : 423360880,
          "lngE7" : -711255354,
          "timestampMs" : "1540151095000",
          "accuracyMeters" : 4
        }, {
          "latE7" : 423327256,
          "lngE7" : -711248430,
          "timestampMs" : "1540151139000",
          "accuracyMeters" : 6
        }, {
          "latE7" : 423283763,
          "lngE7" : -711262445,
          "timestampMs" : "1540151260000",
          "accuracyMeters" : 4
        }, {
          "latE7" : 423278889,
          "lngE7" : -711273760,
          "timestampMs" : "1540151276000",
          "accuracyMeters" : 3
        }, {
          "latE7" : 423284558,
          "lngE7" : -711283358,
          "timestampMs" : "1540151302000",
          "accuracyMeters" : 4
        }, {
          "latE7" : 423494478,
          "lngE7" : -711319757,
          "timestampMs" : "1540208354000",
          "accuracyMeters" : 19
        } ]
      }
    }
  }, {
    "placeVisit" : {
      "location" : {
        "latitudeE7" : 423473449,
        "longitudeE7" : -710825030,
        "placeId" : "ChIJzdiyTA5644kRz3wEWcxaKGc",
        "address" : "800 Boylston St\nBoston, MA 02199\nUSA",
        "name" : "Prudential Center",
        "sourceInfo" : {
          "deviceTag" : 1259109606
        },
        "locationConfidence" : 82.95566
      },
      "duration" : {
        "startTimestampMs" : "1540427947000",
        "endTimestampMs" : "1540428385000"
      },
      "placeConfidence" : "MEDIUM_CONFIDENCE",
      "childVisits" : [ {
        "location" : {
          "latitudeE7" : 423469753,
          "longitudeE7" : -710803848,
          "placeId" : "ChIJlQwTsw9644kRiESFbJ79i3Y",
          "address" : "800 Boylston St\nBoston, MA 02199\nUSA",
          "name" : "Express",
          "sourceInfo" : {
            "deviceTag" : 1259109606
          },
          "locationConfidence" : 20.472593
        },
        "duration" : {
          "startTimestampMs" : "1540427947000",
          "endTimestampMs" : "1540428385000"
        },
        "placeConfidence" : "LOW_CONFIDENCE",
        "centerLatE7" : 423467020,
        "centerLngE7" : -710806420,
        "visitConfidence" : 88,
        "otherCandidateLocations" : [ {
          "latitudeE7" : 423471477,
          "longitudeE7" : -710825077,
          "placeId" : "ChIJ0VP3TA5644kRIDNe5oe_Evc",
          "locationConfidence" : 9.62255
        }, {
          "latitudeE7" : 423471114,
          "longitudeE7" : -710825109,
          "placeId" : "ChIJ0VP3TA5644kRu32hFxS8TWw",
          "locationConfidence" : 8.500892
        }, {
          "latitudeE7" : 423473046,
          "longitudeE7" : -710819042,
          "placeId" : "ChIJ____Lg5644kRqViTjD6q9Zk",
          "locationConfidence" : 2.7118788
        }, {
          "latitudeE7" : 423460438,
          "longitudeE7" : -710815600,
          "placeId" : "ChIJlQwTsw9644kRduc-YM1B-D0",
          "locationConfidence" : 2.3294864
        }, {
          "latitudeE7" : 423457662,
          "longitudeE7" : -710819770,
          "placeId" : "ChIJz-Zu_Q1644kR3B-r8ffJeF0",
          "locationConfidence" : 2.3020556
        }, {
          "latitudeE7" : 423473119,
          "longitudeE7" : -710818999,
          "placeId" : "ChIJkVDE1A9644kRjaC3feoq1OM",
          "locationConfidence" : 2.0864615
        }, {
          "latitudeE7" : 423473100,
          "longitudeE7" : -710800860,
          "placeId" : "ChIJlQwTsw9644kRVRk86P0nRBg",
          "locationConfidence" : 1.73305
        }, {
          "latitudeE7" : 423485210,
          "longitudeE7" : -710822975,
          "placeId" : "ChIJlQwTsw9644kRgBK9xgEH3z0",
          "locationConfidence" : 1.7126325
        }, {
          "latitudeE7" : 423455700,
          "longitudeE7" : -710816960,
          "placeId" : "ChIJVyofuBF644kRZMiwa_cMLm8",
          "locationConfidence" : 1.4420545
        } ],
        "editConfirmationStatus" : "NOT_CONFIRMED"
      } ],
      "centerLatE7" : 423467020,
      "centerLngE7" : -710806420,
      "visitConfidence" : 88,
      "otherCandidateLocations" : [ {
        "latitudeE7" : 423455700,
        "longitudeE7" : -710816960,
        "placeId" : "ChIJVyofuBF644kRZMiwa_cMLm8",
        "locationConfidence" : 2.132582
      }, {
        "latitudeE7" : 423471832,
        "longitudeE7" : -710778024,
        "placeId" : "ChIJQ0eRlQ1644kR11stZbdBvM0",
        "locationConfidence" : 1.1402559
      }, {
        "latitudeE7" : 423465572,
        "longitudeE7" : -710797650,
        "placeId" : "ChIJk5IjAg5644kRuz_unjfMY5M",
        "locationConfidence" : 1.0247705
      }, {
        "latitudeE7" : 423458083,
        "longitudeE7" : -710808956,
        "placeId" : "ChIJAV-1D79-44kRfELWgjKpkZI",
        "locationConfidence" : 1.0019296
      }, {
        "latitudeE7" : 423464490,
        "longitudeE7" : -710799810,
        "placeId" : "ChIJk5IjAg5644kR3_g4WFWVvfw",
        "locationConfidence" : 0.9346663
      }, {
        "latitudeE7" : 423472970,
        "longitudeE7" : -710782573,
        "placeId" : "ChIJxXs-6g1644kRTsumMNgn3TY",
        "locationConfidence" : 0.5785912
      }, {
        "latitudeE7" : 423465151,
        "longitudeE7" : -710839224,
        "placeId" : "ChIJJ6TnFRB644kR08eyYr7PSzw",
        "locationConfidence" : 0.5129344
      } ],
      "editConfirmationStatus" : "NOT_CONFIRMED"
    }
  }, {
    "activitySegment" : {
      "startLocation" : {
        "latitudeE7" : 423467020,
        "longitudeE7" : -710806420
      },
      "endLocation" : {
        "latitudeE7" : 423820025,
        "longitudeE7" : -711315737,
        "sourceInfo" : {
          "deviceTag" : 1259109606
        }
      },
      "duration" : {
        "startTimestampMs" : "1540428385000",
        "endTimestampMs" : "1540589714000"
      },
      "activityType" : "UNKNOWN_ACTIVITY_TYPE",
      "activities" : [ {
        "activityType" : "UNKNOWN_ACTIVITY_TYPE",
        "probability" : 0.0
      } ],
      "simplifiedRawPath" : {
        "points" : [ {
          "latE7" : 423400878,
          "lngE7" : -710908702,
          "timestampMs" : "1540428629000",
          "accuracyMeters" : 53
        }, {
          "latE7" : 423914110,
          "lngE7" : -711235179,
          "timestampMs" : "1540589386000",
          "accuracyMeters" : 39
        }, {
          "latE7" : 423879688,
          "lngE7" : -711259137,
          "timestampMs" : "1540589473000",
          "accuracyMeters" : 4
        }, {
          "latE7" : 423874677,
          "lngE7" : -711274272,
          "timestampMs" : "1540589488000",
          "accuracyMeters" : 4
        }, {
          "latE7" : 423854489,
          "lngE7" : -711264336,
          "timestampMs" : "1540589534000",
          "accuracyMeters" : 3
        } ]
      }
    }
  }, {
    "activitySegment" : {
      "startLocation" : {
        "latitudeE7" : 423820025,
        "longitudeE7" : -711315737,
        "sourceInfo" : {
          "deviceTag" : 1259109606
        }
      },
      "endLocation" : {
        "latitudeE7" : 423699670,
        "longitudeE7" : -711230858,
        "sourceInfo" : {
          "deviceTag" : 1259109606
        }
      },
      "duration" : {
        "startTimestampMs" : "1540589714000",
        "endTimestampMs" : "1540590318000"
      },
      "distance" : 1717,
      "activityType" : "IN_PASSENGER_VEHICLE",
      "confidence" : "HIGH",
      "activities" : [ {
        "activityType" : "IN_PASSENGER_VEHICLE",
        "probability" : 96.50412784426466
      }, {
        "activityType" : "WALKING",
        "probability" : 2.5007282043055317
      }, {
        "activityType" : "CYCLING",
        "probability" : 0.32974294138792587
      } ],
      "waypointPath" : {
        "waypoints" : [ {
          "latE7" : 423819999,
          "lngE7" : -711315612
        }, {
          "latE7" : 423760032,
          "lngE7" : -711257400
        }, {
          "latE7" : 423706665,
          "lngE7" : -711239013
        }, {
          "latE7" : 423635673,
          "lngE7" : -711292800
        } ]
      },
      "simplifiedRawPath" : {
        "points" : [ {
          "latE7" : 423759918,
          "lngE7" : -711256943,
          "timestampMs" : "1540589879000",
          "accuracyMeters" : 4
        }, {
          "latE7" : 423706512,
          "lngE7" : -711239319,
          "timestampMs" : "1540590063000",
          "accuracyMeters" : 4
        } ]
      }
    }
  }, {
    "activitySegment" : {
      "startLocation" : {
        "latitudeE7" : 423699670,
        "longitudeE7" : -711230858,
        "sourceInfo" : {
          "deviceTag" : 1259109606
        }
      },
      "endLocation" : {
        "latitudeE7" : 423487981,
        "longitudeE7" : -711534696,
        "sourceInfo" : {
          "deviceTag" : 1259109606
        }
      },
      "duration" : {
        "startTimestampMs" : "1540590318000",
        "endTimestampMs" : "1540818493076"
      },
      "activityType" : "UNKNOWN_ACTIVITY_TYPE",
      "activities" : [ {
        "activityType" : "UNKNOWN_ACTIVITY_TYPE",
        "probability" : 0.0
      } ],
      "simplifiedRawPath" : {
        "points" : [ {
          "latE7" : 423635668,
          "lngE7" : -711292767,
          "timestampMs" : "1540590318000",
          "accuracyMeters" : 3
        }, {
          "latE7" : 423477155,
          "lngE7" : -711539870,
          "timestampMs" : "1540818420000",
          "accuracyMeters" : 3
        } ]
      }
    }
  }, {
    "activitySegment" : {
      "startLocation" : {
        "latitudeE7" : 423487981,
        "longitudeE7" : -711534696,
        "sourceInfo" : {
          "deviceTag" : 1259109606
        }
      },
      "endLocation" : {
        "latitudeE7" : 423746376,
        "longitudeE7" : -711373023,
        "sourceInfo" : {
          "deviceTag" : 1259109606
        }
      },
      "duration" : {
        "startTimestampMs" : "1540818493076",
        "endTimestampMs" : "1540819293000"
      },
      "distance" : 3166,
      "activityType" : "IN_PASSENGER_VEHICLE",
      "confidence" : "HIGH",
      "activities" : [ {
        "activityType" : "IN_PASSENGER_VEHICLE",
        "probability" : 96.07378036156011
      }, {
        "activityType" : "IN_BUS",
        "probability" : 2.5871343402704663
      }, {
        "activityType" : "WALKING",
        "probability" : 0.9798994066196803
      } ],
      "waypointPath" : {
        "waypoints" : [ {
          "latE7" : 423488121,
          "lngE7" : -711534729
        }, {
          "latE7" : 423746528,
          "lngE7" : -711372756
        } ]
      }
    }
  } ]
}