{
  "timelineObjects" : [ {
    "activitySegment" : {
      "startLocation" : {
        "latitudeE7" : 423693375,
        "longitudeE7" : -711989626
      },
      "endLocation" : {
        "latitudeE7" : 423664178,
        "longitudeE7" : -710776979,
        "placeId" : "ChIJq3N6wbxw44kRVGiBI5ukobI",
        "address" : "148 First St\nCambridge, MA 02141\nUSA",
        "name" : "Shabu & Mein",
        "sourceInfo" : {
          "deviceTag" : 1259109606
        },
        "locationConfidence" : 54.734737
      },
      "duration" : {
        "startTimestampMs" : "1509906376000",
        "endTimestampMs" : "1509907559000"
      },
      "activityType" : "IN_PASSENGER_VEHICLE",
      "confidence" : "HIGH",
      "activities" : [ {
        "activityType" : "IN_PASSENGER_VEHICLE",
        "probability" : 99.20658240292084
      }, {
        "activityType" : "WALKING",
        "probability" : 0.5295813571236271
      }, {
        "activityType" : "IN_BUS",
        "probability" : 0.14154481725024531
      } ],
      "waypointPath" : {
        "waypoints" : [ {
          "latE7" : 423693656,
          "lngE7" : -711990432
        }, {
          "latE7" : 423666801,
          "lngE7" : -710788269
        } ]
      },
      "editConfirmationStatus" : "NOT_CONFIRMED"
    }
  }, {
    "placeVisit" : {
      "location" : {
        "latitudeE7" : 423664178,
        "longitudeE7" : -710776979,
        "placeId" : "ChIJq3N6wbxw44kRVGiBI5ukobI",
        "address" : "148 First St\nCambridge, MA 02141\nUSA",
        "name" : "Shabu & Mein",
        "sourceInfo" : {
          "deviceTag" : 1259109606
        },
        "locationConfidence" : 54.734737
      },
      "duration" : {
        "startTimestampMs" : "1509907559000",
        "endTimestampMs" : "1509912730000"
      },
      "placeConfidence" : "MEDIUM_CONFIDENCE",
      "centerLatE7" : 423666411,
      "centerLngE7" : -710788300,
      "visitConfidence" : 92,
      "otherCandidateLocations" : [ {
        "latitudeE7" : 423665937,
        "longitudeE7" : -710792551,
        "placeId" : "ChIJHS9TYrtw44kRjzM9cY-s7lo",
        "name" : "PatientsLikeMe",
        "locationConfidence" : 16.60117
      }, {
        "latitudeE7" : 423681321,
        "longitudeE7" : -710763644,
        "placeId" : "ChIJNdwZsr1w44kRmNbfcN1Yp98",
        "name" : "CambridgeSide",
        "locationConfidence" : 10.314153
      }, {
        "latitudeE7" : 423670061,
        "longitudeE7" : -710790696,
        "placeId" : "ChIJE7TL4a1w44kRz8fpvNy54_M",
        "name" : "Foundation Medicine Inc",
        "locationConfidence" : 9.044548
      }, {
        "latitudeE7" : 423650867,
        "longitudeE7" : -710794150,
        "placeId" : "ChIJFcDQtFh344kRZEBUhws1XXU",
        "name" : "Bluebird Bio",
        "locationConfidence" : 4.1442623
      }, {
        "latitudeE7" : 423661007,
        "longitudeE7" : -710786001,
        "placeId" : "ChIJKeCMurxw44kRPg6y37d896k",
        "name" : "Axiom Apartment Homes",
        "locationConfidence" : 1.4481809
      }, {
        "latitudeE7" : 423664621,
        "longitudeE7" : -710780638,
        "placeId" : "ChIJlSIslbxw44kR6J0mu8ARsas",
        "name" : "Helmand",
        "locationConfidence" : 0.19041897
      }, {
        "latitudeE7" : 423670097,
        "longitudeE7" : -710802102,
        "placeId" : "ChIJ5X5NFrtw44kR-3JgwnpN-Es",
        "name" : "American Twine Office Park",
        "locationConfidence" : 0.18986122
      }, {
        "latitudeE7" : 423663867,
        "longitudeE7" : -710808157,
        "placeId" : "ChIJYQWuR7tw44kRrIRod6hlfdE",
        "name" : "Rogers Street Park",
        "locationConfidence" : 0.16021574
      }, {
        "latitudeE7" : 423673109,
        "longitudeE7" : -710781346,
        "placeId" : "ChIJrZgN9Lxw44kR_f6R2lSdFUo",
        "name" : "Petco Animal Supplies",
        "locationConfidence" : 0.1419055
      } ],
      "editConfirmationStatus" : "NOT_CONFIRMED"
    }
  }, {
    "activitySegment" : {
      "startLocation" : {
        "latitudeE7" : 423664178,
        "longitudeE7" : -710776979,
        "placeId" : "ChIJq3N6wbxw44kRVGiBI5ukobI",
        "address" : "148 First St\nCambridge, MA 02141\nUSA",
        "name" : "Shabu & Mein",
        "sourceInfo" : {
          "deviceTag" : 1259109606
        },
        "locationConfidence" : 54.734737
      },
      "endLocation" : {
        "latitudeE7" : 423355465,
        "longitudeE7" : -711428672
      },
      "duration" : {
        "startTimestampMs" : "1509912730000",
        "endTimestampMs" : "1509913773560"
      },
      "activityType" : "IN_PASSENGER_VEHICLE",
      "confidence" : "HIGH",
      "activities" : [ {
        "activityType" : "IN_PASSENGER_VEHICLE",
        "probability" : 98.74724343380001
      }, {
        "activityType" : "MOTORCYCLING",
        "probability" : 0.8194647358747978
      }, {
        "activityType" : "IN_BUS",
        "probability" : 0.19182207605599322
      } ],
      "waypointPath" : {
        "waypoints" : [ {
          "latE7" : 423664436,
          "lngE7" : -710778884
        }, {
          "latE7" : 423353996,
          "lngE7" : -711428527
        } ]
      },
      "editConfirmationStatus" : "NOT_CONFIRMED"
    }
  }, {
    "placeVisit" : {
      "location" : {
        "latitudeE7" : 423417794,
        "longitudeE7" : -711418329,
        "placeId" : "ChIJh3kynrN544kR3GC549zdfQE",
        "address" : "11 Mt Hood Rd\nBoston, MA 02135\nUSA",
        "name" : "11 Mt Hood Rd",
        "semanticType" : "TYPE_SEARCHED_ADDRESS",
        "sourceInfo" : {
          "deviceTag" : 1259109606
        },
        "locationConfidence" : 88.73288
      },
      "duration" : {
        "startTimestampMs" : "1510268742032",
        "endTimestampMs" : "1510270684000"
      },
      "placeConfidence" : "MEDIUM_CONFIDENCE",
      "centerLatE7" : 423418888,
      "centerLngE7" : -711416158,
      "visitConfidence" : 89,
      "otherCandidateLocations" : [ {
        "latitudeE7" : 423416880,
        "longitudeE7" : -711416888,
        "placeId" : "ChIJeSAKn7N544kRbBdDf6c4sCI",
        "semanticType" : "TYPE_SEARCHED_ADDRESS",
        "locationConfidence" : 7.253106
      }, {
        "latitudeE7" : 423413675,
        "longitudeE7" : -711414438,
        "placeId" : "ChIJYZ_Io7N544kRw7xOy84UP2g",
        "semanticType" : "TYPE_SEARCHED_ADDRESS",
        "locationConfidence" : 1.5551099
      }, {
        "latitudeE7" : 423427971,
        "longitudeE7" : -711404053,
        "placeId" : "ChIJsfKmirN544kRylMgqzh7LRI",
        "name" : "Whole Foods Market",
        "locationConfidence" : 1.4662857
      }, {
        "latitudeE7" : 423425505,
        "longitudeE7" : -711415765,
        "placeId" : "ChIJf2ZbeLR544kRGRY4RQ-iEV8",
        "name" : "Patricia White Apartments",
        "locationConfidence" : 0.16691118
      }, {
        "latitudeE7" : 423418362,
        "longitudeE7" : -711418268,
        "placeId" : "ChIJoRM9nrN544kRQyovqNieQzc",
        "name" : "7-19 Mount Hood Apartments",
        "locationConfidence" : 0.11233692
      }, {
        "latitudeE7" : 423416880,
        "longitudeE7" : -711416888,
        "placeId" : "ChIJPUBmdbN544kRO8aVF0QREL0",
        "name" : "Stan Forrest",
        "locationConfidence" : 0.07732228
      }, {
        "latitudeE7" : 423423055,
        "longitudeE7" : -711434896,
        "placeId" : "ChIJCzMxQrN544kRTmONNDsCdI0",
        "name" : "Boston International Academy",
        "locationConfidence" : 0.059996706
      }, {
        "latitudeE7" : 423442297,
        "longitudeE7" : -711431245,
        "placeId" : "ChIJ9yBL67R544kRK3ccarHepMc",
        "name" : "Lee's Market",
        "locationConfidence" : 0.054919485
      }, {
        "latitudeE7" : 423432520,
        "longitudeE7" : -711427380,
        "placeId" : "ChIJmcUKnLR544kRcX9RHDvEEyo",
        "name" : "Bamboo Thai Restaurant",
        "locationConfidence" : 0.031113772
      } ],
      "editConfirmationStatus" : "NOT_CONFIRMED"
    }
  }, {
    "activitySegment" : {
      "startLocation" : {
        "latitudeE7" : 423417794,
        "longitudeE7" : -711418329
      },
      "endLocation" : {
        "latitudeE7" : 423433800,
        "longitudeE7" : -711391780
      },
      "duration" : {
        "startTimestampMs" : "1510270684000",
        "endTimestampMs" : "1510270801082"
      },
      "distance" : 209,
      "activityType" : "WALKING",
      "confidence" : "HIGH",
      "activities" : [ {
        "activityType" : "WALKING",
        "probability" : 92.31523713917666
      }, {
        "activityType" : "IN_PASSENGER_VEHICLE",
        "probability" : 3.8917348351743666
      }, {
        "activityType" : "CYCLING",
        "probability" : 2.8273214784353877
      } ],
      "waypointPath" : {
        "waypoints" : [ {
          "latE7" : 423417320,
          "lngE7" : -711418762
        }, {
          "latE7" : 423434104,
          "lngE7" : -711392211
        } ]
      },
      "editConfirmationStatus" : "NOT_CONFIRMED"
    }
  }, {
    "placeVisit" : {
      "location" : {
        "latitudeE7" : 423433800,
        "longitudeE7" : -711391780,
        "placeId" : "ChIJpT7rHLR544kR-VK0ERbj7co",
        "address" : "185 Corey Rd\nBrighton, MA 02135\nUSA",
        "name" : "Music Maker Studios",
        "sourceInfo" : {
          "deviceTag" : 1259109606
        },
        "locationConfidence" : 86.957275
      },
      "duration" : {
        "startTimestampMs" : "1510270801082",
        "endTimestampMs" : "1510274989546"
      },
      "placeConfidence" : "MEDIUM_CONFIDENCE",
      "centerLatE7" : 423431477,
      "centerLngE7" : -711391831,
      "visitConfidence" : 90,
      "otherCandidateLocations" : [ {
        "latitudeE7" : 423430390,
        "longitudeE7" : -711391840,
        "placeId" : "ChIJpT7rHLR544kRJp_kEVCzrc8",
        "name" : "Joyce Alper Music Studio",
        "locationConfidence" : 3.4681747
      }, {
        "latitudeE7" : 423431475,
        "longitudeE7" : -711393248,
        "placeId" : "ChIJpT7rHLR544kR9q8d5UkXC7o",
        "name" : "Multicultural Home Care",
        "locationConfidence" : 3.2830994
      }, {
        "latitudeE7" : 423430390,
        "longitudeE7" : -711391840,
        "placeId" : "ChIJpT7rHLR544kRbdc21sq_BkU",
        "name" : "Zippah Recording",
        "locationConfidence" : 1.9367154
      }, {
        "latitudeE7" : 423417794,
        "longitudeE7" : -711418329,
        "placeId" : "ChIJh3kynrN544kR3GC549zdfQE",
        "semanticType" : "TYPE_SEARCHED_ADDRESS",
        "locationConfidence" : 1.6862941
      }, {
        "latitudeE7" : 423427971,
        "longitudeE7" : -711404053,
        "placeId" : "ChIJsfKmirN544kRylMgqzh7LRI",
        "name" : "Whole Foods Market",
        "locationConfidence" : 1.0554864
      }, {
        "latitudeE7" : 423429521,
        "longitudeE7" : -711386135,
        "placeId" : "ChIJEVgDHLR544kRZ_8EQTjhCSs",
        "name" : "Brookline Academy of Dance",
        "locationConfidence" : 0.2515997
      }, {
        "latitudeE7" : 423430390,
        "longitudeE7" : -711391840,
        "placeId" : "ChIJpT7rHLR544kRUeMKdWZT3O8",
        "name" : "B T Swings Performing Group",
        "locationConfidence" : 0.19136028
      }, {
        "latitudeE7" : 423433075,
        "longitudeE7" : -711400714,
        "placeId" : "ChIJR9WyG7R544kR_frG370Rc2s",
        "name" : "Brighton House Rehabilitation & Nursing Center",
        "locationConfidence" : 0.14566034
      }, {
        "latitudeE7" : 423416880,
        "longitudeE7" : -711416888,
        "placeId" : "ChIJeSAKn7N544kRbBdDf6c4sCI",
        "semanticType" : "TYPE_SEARCHED_ADDRESS",
        "locationConfidence" : 0.12750915
      } ],
      "editConfirmationStatus" : "NOT_CONFIRMED"
    }
  }, {
    "activitySegment" : {
      "startLocation" : {
        "latitudeE7" : 423431477,
        "longitudeE7" : -711391831
      },
      "endLocation" : {
        "latitudeE7" : 423911144,
        "longitudeE7" : -711221679
      },
      "duration" : {
        "startTimestampMs" : "1510274989546",
        "endTimestampMs" : "1510710202580"
      },
      "activityType" : "UNKNOWN_ACTIVITY_TYPE",
      "activities" : [ {
        "activityType" : "UNKNOWN_ACTIVITY_TYPE",
        "probability" : 0.0
      } ],
      "simplifiedRawPath" : {
        "points" : [ {
          "latE7" : 423916234,
          "lngE7" : -711230021,
          "timestampMs" : "1510710081110",
          "accuracyMeters" : 17
        }, {
          "latE7" : 423910929,
          "lngE7" : -711228479,
          "timestampMs" : "1510710163799",
          "accuracyMeters" : 38
        } ]
      }
    }
  }, {
    "activitySegment" : {
      "startLocation" : {
        "latitudeE7" : 423911144,
        "longitudeE7" : -711221679
      },
      "endLocation" : {
        "latitudeE7" : 423345807,
        "longitudeE7" : -711455330
      },
      "duration" : {
        "startTimestampMs" : "1510710202580",
        "endTimestampMs" : "1510711267419"
      },
      "distance" : 2356,
      "activityType" : "IN_PASSENGER_VEHICLE",
      "confidence" : "MEDIUM",
      "activities" : [ {
        "activityType" : "IN_PASSENGER_VEHICLE",
        "probability" : 79.70056065339597
      }, {
        "activityType" : "IN_BUS",
        "probability" : 11.00066460750671
      }, {
        "activityType" : "WALKING",
        "probability" : 3.918715558457169
      } ],
      "waypointPath" : {
        "waypoints" : [ {
          "latE7" : 423910484,
          "lngE7" : -711220855
        }, {
          "latE7" : 423749656,
          "lngE7" : -711190643
        }, {
          "latE7" : 423343849,
          "lngE7" : -711458053
        } ]
      },
      "simplifiedRawPath" : {
        "points" : [ {
          "latE7" : 423751183,
          "lngE7" : -711191947,
          "timestampMs" : "1510710787583",
          "accuracyMeters" : 50
        } ]
      },
      "editConfirmationStatus" : "NOT_CONFIRMED"
    }
  }, {
    "activitySegment" : {
      "startLocation" : {
        "latitudeE7" : 423345807,
        "longitudeE7" : -711455330
      },
      "endLocation" : {
        "latitudeE7" : 423345150,
        "longitudeE7" : -711453946
      },
      "duration" : {
        "startTimestampMs" : "1510711267419",
        "endTimestampMs" : "1511130492663"
      },
      "activityType" : "UNKNOWN_ACTIVITY_TYPE",
      "activities" : [ {
        "activityType" : "UNKNOWN_ACTIVITY_TYPE",
        "probability" : 0.0
      } ],
      "simplifiedRawPath" : {
        "points" : [ {
          "latE7" : 423333970,
          "lngE7" : -711456388,
          "timestampMs" : "1510875059368",
          "accuracyMeters" : 72
        } ]
      }
    }
  }, {
    "placeVisit" : {
      "location" : {
        "latitudeE7" : 423345833,
        "longitudeE7" : -711456070,
        "placeId" : "ChIJL6P4T1N444kRUxwGfnTlDvI",
        "address" : "247 Fisher Ave\nBrookline, MA 02445\nUSA",
        "name" : "247 Fisher Ave",
        "semanticType" : "TYPE_HOME",
        "sourceInfo" : {
          "deviceTag" : 1259109606
        },
        "locationConfidence" : 86.68654
      },
      "duration" : {
        "startTimestampMs" : "1511130492663",
        "endTimestampMs" : "1511134134000"
      },
      "placeConfidence" : "MEDIUM_CONFIDENCE",
      "centerLatE7" : 423345150,
      "centerLngE7" : -711453946,
      "visitConfidence" : 89,
      "otherCandidateLocations" : [ {
        "latitudeE7" : 423350570,
        "longitudeE7" : -711488775,
        "placeId" : "ChIJlzvejVN444kRA845bwOxjVI",
        "name" : "Reservoir",
        "locationConfidence" : 8.631183
      }, {
        "latitudeE7" : 423359503,
        "longitudeE7" : -711490210,
        "placeId" : "ChIJIyQrulN444kR_XIChsjuFs4",
        "name" : "CVS",
        "locationConfidence" : 1.8116124
      }, {
        "latitudeE7" : 423323150,
        "longitudeE7" : -711467930,
        "placeId" : "ChIJwwDt5VR444kRWF1WfImPQ-M",
        "name" : "Chestnut Hill Ave opp Buckminster Rd",
        "locationConfidence" : 0.46002626
      }, {
        "latitudeE7" : 423362355,
        "longitudeE7" : -711450514,
        "placeId" : "ChIJbWiE1VJ444kRAkuB-NQF0co",
        "name" : "Netresults Tennis",
        "locationConfidence" : 0.4537645
      }, {
        "latitudeE7" : 423340647,
        "longitudeE7" : -711443884,
        "placeId" : "ChIJb9S9rqx544kRu34sbJmR7Y0",
        "name" : "Levine Howard B MD",
        "locationConfidence" : 0.35775286
      }, {
        "latitudeE7" : 423364425,
        "longitudeE7" : -711435818,
        "placeId" : "ChIJx-F9F61544kRQrHqJTEJ8MU",
        "name" : "Jean B. Waldstein Playground",
        "locationConfidence" : 0.3017466
      }, {
        "latitudeE7" : 423232927,
        "longitudeE7" : -711389101,
        "placeId" : "ChIJtb3T6AZ544kR2oIMF3xM-ec",
        "locationConfidence" : 0.16659725
      }, {
        "latitudeE7" : 423373970,
        "longitudeE7" : -711455075,
        "placeId" : "ChIJ2YppyFJ444kRgN-DPmdikzM",
        "name" : "The Smile Institute",
        "locationConfidence" : 0.057359867
      }, {
        "latitudeE7" : 422384898,
        "longitudeE7" : -712873461,
        "placeId" : "ChIJ63meK7F45IkRRZjNjplVYlo",
        "name" : "Charles River",
        "locationConfidence" : 0.054495014
      } ],
      "editConfirmationStatus" : "NOT_CONFIRMED"
    }
  }, {
    "activitySegment" : {
      "startLocation" : {
        "latitudeE7" : 423345833,
        "longitudeE7" : -711456070
      },
      "endLocation" : {
        "latitudeE7" : 424021601,
        "longitudeE7" : -711295418
      },
      "duration" : {
        "startTimestampMs" : "1511134134000",
        "endTimestampMs" : "1511135596000"
      },
      "distance" : 10921,
      "activityType" : "IN_PASSENGER_VEHICLE",
      "confidence" : "HIGH",
      "activities" : [ {
        "activityType" : "IN_PASSENGER_VEHICLE",
        "probability" : 96.49373956450191
      }, {
        "activityType" : "MOTORCYCLING",
        "probability" : 2.936177247895862
      }, {
        "activityType" : "WALKING",
        "probability" : 0.27134826100021675
      } ],
      "waypointPath" : {
        "waypoints" : [ {
          "latE7" : 423344078,
          "lngE7" : -711458358
        }, {
          "latE7" : 424020385,
          "lngE7" : -711293563
        } ]
      },
      "editConfirmationStatus" : "NOT_CONFIRMED",
      "parkingEvent" : {
        "timestampMs" : "1511135596000",
        "location" : {
          "latitudeE7" : 424021601,
          "longitudeE7" : -711295418
        }
      }
    }
  }, {
    "placeVisit" : {
      "location" : {
        "latitudeE7" : 424021601,
        "longitudeE7" : -711295418,
        "placeId" : "ChIJWewYhB1344kRXyHCELZuEdk",
        "address" : "53 Clarendon Ave\nSomerville, MA 02144\nUSA",
        "name" : "53 Clarendon Ave",
        "semanticType" : "TYPE_SEARCHED_ADDRESS",
        "sourceInfo" : {
          "deviceTag" : 1259109606
        },
        "locationConfidence" : 96.96276
      },
      "duration" : {
        "startTimestampMs" : "1511135596000",
        "endTimestampMs" : "1511135905000"
      },
      "placeConfidence" : "HIGH_CONFIDENCE",
      "centerLatE7" : 424025337,
      "centerLngE7" : -711287837,
      "visitConfidence" : 82,
      "otherCandidateLocations" : [ {
        "latitudeE7" : 424016029,
        "longitudeE7" : -711313553,
        "placeId" : "ChIJo5etPB1344kR29Bxr-Aibek",
        "name" : "Matignon High School",
        "locationConfidence" : 0.8183519
      }, {
        "latitudeE7" : 424074843,
        "longitudeE7" : -711190232,
        "placeId" : "ChIJHwvY2t1244kR5TyD-KE1c64",
        "name" : "Tufts University",
        "locationConfidence" : 0.38308617
      }, {
        "latitudeE7" : 424024590,
        "longitudeE7" : -711269972,
        "placeId" : "ChIJMVGa-OF244kR0bHSDOdwdhQ",
        "name" : "Angelina's Pizzeria",
        "locationConfidence" : 0.31268245
      }, {
        "latitudeE7" : 424032830,
        "longitudeE7" : -711269846,
        "placeId" : "ChIJWaC8iuF244kRDElhLPsR5_0",
        "name" : "Teele Square Laundromat",
        "locationConfidence" : 0.25612497
      }, {
        "latitudeE7" : 424020935,
        "longitudeE7" : -711268844,
        "placeId" : "ChIJlWsbAh5344kR9WP1XAAth0w",
        "name" : "Sabur Restaurant",
        "locationConfidence" : 0.063165
      }, {
        "latitudeE7" : 424025679,
        "longitudeE7" : -711270933,
        "placeId" : "ChIJs9ZfAuJ244kRw8u81tg4iS0",
        "name" : "Somerville's Credit Union",
        "locationConfidence" : 0.06278866
      }, {
        "latitudeE7" : 424030070,
        "longitudeE7" : -711272540,
        "placeId" : "ChIJx5mxH-J244kRHGc04EkWEcM",
        "name" : "Rudy's Cafe",
        "locationConfidence" : 0.05872485
      }, {
        "latitudeE7" : 424036065,
        "longitudeE7" : -711274457,
        "placeId" : "ChIJa_73I-J244kRMQIBWG0vBno",
        "name" : "Knight Moves Cafe Somerville",
        "locationConfidence" : 0.057574376
      }, {
        "latitudeE7" : 424035658,
        "longitudeE7" : -711281746,
        "placeId" : "ChIJw2QFPOJ244kRHbEWz6nCONE",
        "name" : "soul.train. A Mind & Body Fitness Studio",
        "locationConfidence" : 0.051542442
      } ],
      "editConfirmationStatus" : "NOT_CONFIRMED"
    }
  }, {
    "activitySegment" : {
      "startLocation" : {
        "latitudeE7" : 424020519,
        "longitudeE7" : -711294204
      },
      "endLocation" : {
        "latitudeE7" : 423938472,
        "longitudeE7" : -711118939
      },
      "duration" : {
        "startTimestampMs" : "1511135905000",
        "endTimestampMs" : "1511136780410"
      },
      "distance" : 2973,
      "activityType" : "IN_PASSENGER_VEHICLE",
      "confidence" : "MEDIUM",
      "activities" : [ {
        "activityType" : "IN_PASSENGER_VEHICLE",
        "probability" : 84.51818305697176
      }, {
        "activityType" : "CYCLING",
        "probability" : 8.289987992348888
      }, {
        "activityType" : "MOTORCYCLING",
        "probability" : 3.6398039999090352
      } ],
      "waypointPath" : {
        "waypoints" : [ {
          "latE7" : 424020233,
          "lngE7" : -711293792
        }, {
          "latE7" : 423937835,
          "lngE7" : -711112518
        } ]
      },
      "editConfirmationStatus" : "NOT_CONFIRMED",
      "parkingEvent" : {
        "timestampMs" : "1511136780410",
        "location" : {
          "latitudeE7" : 423938472,
          "longitudeE7" : -711118939,
          "accuracyMetres" : 22
        }
      }
    }
  }, {
    "placeVisit" : {
      "location" : {
        "latitudeE7" : 423938539,
        "longitudeE7" : -711114239,
        "placeId" : "ChIJP_CMziV344kR8b5s3RWnAis",
        "address" : "154 Cedar St\nSomerville, MA 02144\nUSA",
        "name" : "154 Cedar St",
        "semanticType" : "TYPE_SEARCHED_ADDRESS",
        "sourceInfo" : {
          "deviceTag" : 1259109606
        },
        "locationConfidence" : 55.175095
      },
      "duration" : {
        "startTimestampMs" : "1511136780410",
        "endTimestampMs" : "1511146454000"
      },
      "placeConfidence" : "MEDIUM_CONFIDENCE",
      "centerLatE7" : 423938633,
      "centerLngE7" : -711116637,
      "visitConfidence" : 93,
      "otherCandidateLocations" : [ {
        "latitudeE7" : 423938539,
        "longitudeE7" : -711114239,
        "placeId" : "ChIJ7wiXxSV344kRw7d_FeZHNmY",
        "semanticType" : "TYPE_SEARCHED_ADDRESS",
        "locationConfidence" : 44.225147
      }, {
        "latitudeE7" : 423937666,
        "longitudeE7" : -711107967,
        "placeId" : "ChIJr7scwyV344kRngw2RD-kqo8",
        "name" : "Mathews Oil",
        "locationConfidence" : 0.2696961
      }, {
        "latitudeE7" : 423936551,
        "longitudeE7" : -711118732,
        "placeId" : "ChIJDWWIEBp344kRnmGaHxmLIpY",
        "name" : "Mac Doctor",
        "locationConfidence" : 0.0762565
      }, {
        "latitudeE7" : 423920880,
        "longitudeE7" : -711122500,
        "placeId" : "ChIJ8frm_SR344kR8SMySUg_SOo",
        "name" : "Highland Ave @ Cedar St",
        "locationConfidence" : 0.05350804
      }, {
        "latitudeE7" : 423937667,
        "longitudeE7" : -711107967,
        "placeId" : "ChIJr7scwyV344kRe0UG8uGuyXg",
        "name" : "Somerville Chamber of Commerce",
        "locationConfidence" : 0.04995826
      }, {
        "latitudeE7" : 423923200,
        "longitudeE7" : -711125370,
        "placeId" : "ChIJh-gq_yR344kRzsLwRWyQbBA",
        "name" : "Highland Ave @ Cedar St",
        "locationConfidence" : 0.0363204
      }, {
        "latitudeE7" : 423937667,
        "longitudeE7" : -711107967,
        "placeId" : "ChIJr7scwyV344kRteipj1yElT8",
        "name" : "Dupuis Realty",
        "locationConfidence" : 0.020241776
      }, {
        "latitudeE7" : 423925924,
        "longitudeE7" : -711127115,
        "placeId" : "ChIJoyDb_iR344kRh5LyRx_PZ3I",
        "name" : "289 Highland Avenue Realty Inc",
        "locationConfidence" : 0.009730745
      }, {
        "latitudeE7" : 422384898,
        "longitudeE7" : -712873461,
        "placeId" : "ChIJ63meK7F45IkRRZjNjplVYlo",
        "name" : "Charles River",
        "locationConfidence" : 0.0052671516
      } ],
      "editConfirmationStatus" : "NOT_CONFIRMED"
    }
  }, {
    "activitySegment" : {
      "startLocation" : {
        "latitudeE7" : 423938539,
        "longitudeE7" : -711114239
      },
      "endLocation" : {
        "latitudeE7" : 423347457,
        "longitudeE7" : -711453996
      },
      "duration" : {
        "startTimestampMs" : "1511146454000",
        "endTimestampMs" : "1511148154609"
      },
      "distance" : 12598,
      "activityType" : "IN_PASSENGER_VEHICLE",
      "confidence" : "HIGH",
      "activities" : [ {
        "activityType" : "IN_PASSENGER_VEHICLE",
        "probability" : 94.88523971182227
      }, {
        "activityType" : "MOTORCYCLING",
        "probability" : 3.744802543071594
      }, {
        "activityType" : "WALKING",
        "probability" : 0.6465532973282362
      } ],
      "waypointPath" : {
        "waypoints" : [ {
          "latE7" : 423937835,
          "lngE7" : -711112518
        }, {
          "latE7" : 423953819,
          "lngE7" : -711197128
        }, {
          "latE7" : 424033737,
          "lngE7" : -711277160
        }, {
          "latE7" : 424002227,
          "lngE7" : -711368637
        }, {
          "latE7" : 423350677,
          "lngE7" : -711454849
        } ]
      },
      "simplifiedRawPath" : {
        "points" : [ {
          "latE7" : 423944936,
          "lngE7" : -711176183,
          "timestampMs" : "1511146549000",
          "accuracyMeters" : 4
        }, {
          "latE7" : 424033855,
          "lngE7" : -711277321,
          "timestampMs" : "1511146764000",
          "accuracyMeters" : 4
        }, {
          "latE7" : 424002518,
          "lngE7" : -711368922,
          "timestampMs" : "1511146966000",
          "accuracyMeters" : 4
        } ]
      },
      "editConfirmationStatus" : "NOT_CONFIRMED",
      "parkingEvent" : {
        "timestampMs" : "1511148154609",
        "location" : {
          "latitudeE7" : 423347457,
          "longitudeE7" : -711453996,
          "accuracyMetres" : 21
        }
      }
    }
  }, {
    "placeVisit" : {
      "location" : {
        "latitudeE7" : 423345833,
        "longitudeE7" : -711456070,
        "placeId" : "ChIJL6P4T1N444kRUxwGfnTlDvI",
        "address" : "247 Fisher Ave\nBrookline, MA 02445\nUSA",
        "name" : "247 Fisher Ave",
        "semanticType" : "TYPE_HOME",
        "sourceInfo" : {
          "deviceTag" : 1259109606
        },
        "locationConfidence" : 80.32288
      },
      "duration" : {
        "startTimestampMs" : "1511148154609",
        "endTimestampMs" : "1511149014643"
      },
      "placeConfidence" : "LOW_CONFIDENCE",
      "centerLatE7" : 423344375,
      "centerLngE7" : -711452863,
      "visitConfidence" : 89,
      "otherCandidateLocations" : [ {
        "latitudeE7" : 423350570,
        "longitudeE7" : -711488775,
        "placeId" : "ChIJlzvejVN444kRA845bwOxjVI",
        "name" : "Reservoir",
        "locationConfidence" : 15.891494
      }, {
        "latitudeE7" : 423323150,
        "longitudeE7" : -711467930,
        "placeId" : "ChIJwwDt5VR444kRWF1WfImPQ-M",
        "name" : "Chestnut Hill Ave opp Buckminster Rd",
        "locationConfidence" : 1.2572547
      }, {
        "latitudeE7" : 423362355,
        "longitudeE7" : -711450514,
        "placeId" : "ChIJbWiE1VJ444kRAkuB-NQF0co",
        "name" : "Netresults Tennis",
        "locationConfidence" : 0.87374973
      }, {
        "latitudeE7" : 423364425,
        "longitudeE7" : -711435818,
        "placeId" : "ChIJx-F9F61544kRQrHqJTEJ8MU",
        "name" : "Jean B. Waldstein Playground",
        "locationConfidence" : 0.47756338
      }, {
        "latitudeE7" : 423340647,
        "longitudeE7" : -711443884,
        "placeId" : "ChIJb9S9rqx544kRu34sbJmR7Y0",
        "name" : "Levine Howard B MD",
        "locationConfidence" : 0.24545678
      }, {
        "latitudeE7" : 423232927,
        "longitudeE7" : -711389101,
        "placeId" : "ChIJtb3T6AZ544kR2oIMF3xM-ec",
        "locationConfidence" : 0.16076139
      }, {
        "latitudeE7" : 423365324,
        "longitudeE7" : -711463133,
        "placeId" : "ChIJ19yv4FJ444kROQACoytzjHo",
        "name" : "Ricci Donna J",
        "locationConfidence" : 0.12104018
      }, {
        "latitudeE7" : 423366123,
        "longitudeE7" : -711449342,
        "placeId" : "ChIJSdlj0lJ444kR-pICfANtUsk",
        "name" : "Chinese Christian Church of New England",
        "locationConfidence" : 0.08643068
      }, {
        "latitudeE7" : 422384898,
        "longitudeE7" : -712873461,
        "placeId" : "ChIJ63meK7F45IkRRZjNjplVYlo",
        "name" : "Charles River",
        "locationConfidence" : 0.07972273
      } ],
      "editConfirmationStatus" : "NOT_CONFIRMED"
    }
  }, {
    "placeVisit" : {
      "location" : {
        "latitudeE7" : 423350570,
        "longitudeE7" : -711488775,
        "placeId" : "ChIJlzvejVN444kRA845bwOxjVI",
        "address" : "Brookline, MA 02445\nUSA",
        "name" : "Reservoir",
        "sourceInfo" : {
          "deviceTag" : 1259109606
        },
        "locationConfidence" : 53.497932
      },
      "duration" : {
        "startTimestampMs" : "1511680120422",
        "endTimestampMs" : "1511725343000"
      },
      "placeConfidence" : "MEDIUM_CONFIDENCE",
      "centerLatE7" : 423345491,
      "centerLngE7" : -711455300,
      "visitConfidence" : 92,
      "otherCandidateLocations" : [ {
        "latitudeE7" : 423345833,
        "longitudeE7" : -711456070,
        "placeId" : "ChIJAzi3WlN444kRJk3gb5BX7MQ",
        "semanticType" : "TYPE_HOME",
        "locationConfidence" : 42.27788
      }, {
        "latitudeE7" : 423359503,
        "longitudeE7" : -711490210,
        "placeId" : "ChIJIyQrulN444kR_XIChsjuFs4",
        "name" : "CVS",
        "locationConfidence" : 1.5246238
      }, {
        "latitudeE7" : 423364425,
        "longitudeE7" : -711435818,
        "placeId" : "ChIJx-F9F61544kRQrHqJTEJ8MU",
        "name" : "Jean B. Waldstein Playground",
        "locationConfidence" : 0.48621094
      }, {
        "latitudeE7" : 423341714,
        "longitudeE7" : -711421518,
        "placeId" : "ChIJw-awhax544kR_4ClJ730FWw",
        "name" : "Runkle Elementary School",
        "locationConfidence" : 0.44529295
      }, {
        "latitudeE7" : 423371291,
        "longitudeE7" : -711452620,
        "placeId" : "ChIJazpExVJ444kRkWU-_jWAlZw",
        "name" : "Englewood Ave.",
        "locationConfidence" : 0.34491676
      }, {
        "latitudeE7" : 423355121,
        "longitudeE7" : -711484346,
        "placeId" : "ChIJA_JEmFN444kRBFnz8A_7vvo",
        "name" : "Reservoir Carhouse",
        "locationConfidence" : 0.18849283
      }, {
        "latitudeE7" : 423362355,
        "longitudeE7" : -711450514,
        "placeId" : "ChIJbWiE1VJ444kRAkuB-NQF0co",
        "name" : "Netresults Tennis",
        "locationConfidence" : 0.15669568
      }, {
        "latitudeE7" : 423361155,
        "longitudeE7" : -711456158,
        "placeId" : "ChIJb1MhJlN444kRe-0qa4Ipj_U",
        "name" : "RentViva Apartments for Rent",
        "locationConfidence" : 0.115181
      }, {
        "latitudeE7" : 423340647,
        "longitudeE7" : -711443884,
        "placeId" : "ChIJb9S9rqx544kRu34sbJmR7Y0",
        "name" : "Levine Howard B MD",
        "locationConfidence" : 0.06643392
      } ],
      "editConfirmationStatus" : "NOT_CONFIRMED"
    }
  }, {
    "activitySegment" : {
      "startLocation" : {
        "latitudeE7" : 423350570,
        "longitudeE7" : -711488775
      },
      "endLocation" : {
        "latitudeE7" : 423582910,
        "longitudeE7" : -711846980
      },
      "duration" : {
        "startTimestampMs" : "1511725343000",
        "endTimestampMs" : "1511726402000"
      },
      "distance" : 5453,
      "activityType" : "IN_PASSENGER_VEHICLE",
      "confidence" : "MEDIUM",
      "activities" : [ {
        "activityType" : "IN_PASSENGER_VEHICLE",
        "probability" : 68.14979535575932
      }, {
        "activityType" : "IN_BUS",
        "probability" : 9.928467536454248
      }, {
        "activityType" : "IN_TRAM",
        "probability" : 8.714424257879399
      } ],
      "waypointPath" : {
        "waypoints" : [ {
          "latE7" : 423348121,
          "lngE7" : -711491622
        }, {
          "latE7" : 423582572,
          "lngE7" : -711848373
        } ]
      },
      "editConfirmationStatus" : "NOT_CONFIRMED",
      "parkingEvent" : {
        "timestampMs" : "1511726402000",
        "location" : {
          "latitudeE7" : 423582910,
          "longitudeE7" : -711846980
        }
      }
    }
  }, {
    "placeVisit" : {
      "location" : {
        "latitudeE7" : 423582910,
        "longitudeE7" : -711846980,
        "placeId" : "ChIJXUj2QAx444kRAnf-vXXICKs",
        "address" : "292 Centre St\nNewton, MA 02458\nUSA",
        "name" : "Hopsters",
        "sourceInfo" : {
          "deviceTag" : 1259109606
        },
        "locationConfidence" : 98.499084
      },
      "duration" : {
        "startTimestampMs" : "1511726402000",
        "endTimestampMs" : "1511730315404"
      },
      "placeConfidence" : "HIGH_CONFIDENCE",
      "centerLatE7" : 423582760,
      "centerLngE7" : -711847940,
      "visitConfidence" : 88,
      "otherCandidateLocations" : [ {
        "latitudeE7" : 423581980,
        "longitudeE7" : -711849510,
        "placeId" : "ChIJbz25QQx444kRx0R82kBANlY",
        "name" : "Amarin of Thailand",
        "locationConfidence" : 0.27676597
      }, {
        "latitudeE7" : 423585213,
        "longitudeE7" : -711853954,
        "placeId" : "ChIJLfhOFAx444kR3bXLelhw6-A",
        "name" : "Bertucci's",
        "locationConfidence" : 0.15998887
      }, {
        "latitudeE7" : 423589912,
        "longitudeE7" : -711853803,
        "placeId" : "ChIJA6cHFwx444kRWwJjfBwMAPI",
        "name" : "Starbucks",
        "locationConfidence" : 0.14210507
      }, {
        "latitudeE7" : 423328177,
        "longitudeE7" : -711183370,
        "placeId" : "ChIJfd4T68N544kR_6KwLW9gMl4",
        "name" : "Kunevich & Lau",
        "locationConfidence" : 0.11349214
      }, {
        "latitudeE7" : 423583693,
        "longitudeE7" : -711847922,
        "placeId" : "ChIJD_ECQQx444kRtdkgMNbnZ8I",
        "name" : "Newton Dental Group",
        "locationConfidence" : 0.081547126
      }, {
        "latitudeE7" : 423577570,
        "longitudeE7" : -711848490,
        "placeId" : "ChIJL5LNQgx444kRcGN8jl1IM3E",
        "name" : "CorePower Yoga",
        "locationConfidence" : 0.06634579
      }, {
        "latitudeE7" : 423580400,
        "longitudeE7" : -711846420,
        "placeId" : "ChIJnY-aQwx444kRriNvoBh-RQ4",
        "name" : "Centre St @ Jefferson St",
        "locationConfidence" : 0.0622424
      }, {
        "latitudeE7" : 423583332,
        "longitudeE7" : -711846242,
        "placeId" : "ChIJNSXhQAx444kRu88ZDCZ0fo8",
        "locationConfidence" : 0.036651354
      }, {
        "latitudeE7" : 423584386,
        "longitudeE7" : -711847261,
        "placeId" : "ChIJ3SJ7QAx444kRpe6LIKjPcP0",
        "name" : "Rofinka Hair Design",
        "locationConfidence" : 0.03653806
      } ],
      "editConfirmationStatus" : "NOT_CONFIRMED"
    }
  }, {
    "activitySegment" : {
      "startLocation" : {
        "latitudeE7" : 423582227,
        "longitudeE7" : -711848115
      },
      "endLocation" : {
        "latitudeE7" : 423345959,
        "longitudeE7" : -711455247
      },
      "duration" : {
        "startTimestampMs" : "1511730315404",
        "endTimestampMs" : "1511737745144"
      },
      "distance" : 4162,
      "activityType" : "IN_PASSENGER_VEHICLE",
      "confidence" : "MEDIUM",
      "activities" : [ {
        "activityType" : "IN_PASSENGER_VEHICLE",
        "probability" : 73.49660804040751
      }, {
        "activityType" : "WALKING",
        "probability" : 10.356538558414567
      }, {
        "activityType" : "CYCLING",
        "probability" : 9.005925269130351
      } ],
      "waypointPath" : {
        "waypoints" : [ {
          "latE7" : 423582229,
          "lngE7" : -711848220
        }, {
          "latE7" : 423343849,
          "lngE7" : -711458053
        } ]
      },
      "editConfirmationStatus" : "NOT_CONFIRMED",
      "parkingEvent" : {
        "timestampMs" : "1511737745144",
        "location" : {
          "latitudeE7" : 423345959,
          "longitudeE7" : -711455247
        }
      }
    }
  }, {
    "placeVisit" : {
      "location" : {
        "latitudeE7" : 423345833,
        "longitudeE7" : -711456070,
        "placeId" : "ChIJL6P4T1N444kRUxwGfnTlDvI",
        "address" : "247 Fisher Ave\nBrookline, MA 02445\nUSA",
        "name" : "247 Fisher Ave",
        "semanticType" : "TYPE_HOME",
        "sourceInfo" : {
          "deviceTag" : 1259109606
        },
        "locationConfidence" : 70.531654
      },
      "duration" : {
        "startTimestampMs" : "1511737745144",
        "endTimestampMs" : "1511738381732"
      },
      "placeConfidence" : "LOW_CONFIDENCE",
      "centerLatE7" : 423346000,
      "centerLngE7" : -711455033,
      "visitConfidence" : 84,
      "otherCandidateLocations" : [ {
        "latitudeE7" : 423350570,
        "longitudeE7" : -711488775,
        "placeId" : "ChIJlzvejVN444kRA845bwOxjVI",
        "name" : "Reservoir",
        "locationConfidence" : 22.939833
      }, {
        "latitudeE7" : 423359503,
        "longitudeE7" : -711490210,
        "placeId" : "ChIJIyQrulN444kR_XIChsjuFs4",
        "name" : "CVS",
        "locationConfidence" : 3.8846285
      }, {
        "latitudeE7" : 423371291,
        "longitudeE7" : -711452620,
        "placeId" : "ChIJazpExVJ444kRkWU-_jWAlZw",
        "name" : "Englewood Ave.",
        "locationConfidence" : 0.52225524
      }, {
        "latitudeE7" : 423364425,
        "longitudeE7" : -711435818,
        "placeId" : "ChIJx-F9F61544kRQrHqJTEJ8MU",
        "name" : "Jean B. Waldstein Playground",
        "locationConfidence" : 0.40890664
      }, {
        "latitudeE7" : 423341714,
        "longitudeE7" : -711421518,
        "placeId" : "ChIJw-awhax544kR_4ClJ730FWw",
        "name" : "Runkle Elementary School",
        "locationConfidence" : 0.33431166
      }, {
        "latitudeE7" : 423362355,
        "longitudeE7" : -711450514,
        "placeId" : "ChIJbWiE1VJ444kRAkuB-NQF0co",
        "name" : "Netresults Tennis",
        "locationConfidence" : 0.3173999
      }, {
        "latitudeE7" : 423355121,
        "longitudeE7" : -711484346,
        "placeId" : "ChIJA_JEmFN444kRBFnz8A_7vvo",
        "name" : "Reservoir Carhouse",
        "locationConfidence" : 0.21722063
      }, {
        "latitudeE7" : 423366123,
        "longitudeE7" : -711449342,
        "placeId" : "ChIJSdlj0lJ444kR-pICfANtUsk",
        "name" : "Chinese Christian Church of New England",
        "locationConfidence" : 0.100718856
      }, {
        "latitudeE7" : 423232927,
        "longitudeE7" : -711389101,
        "placeId" : "ChIJtb3T6AZ544kR2oIMF3xM-ec",
        "locationConfidence" : 0.05552387
      } ],
      "editConfirmationStatus" : "NOT_CONFIRMED"
    }
  }, {
    "activitySegment" : {
      "startLocation" : {
        "latitudeE7" : 423346041,
        "longitudeE7" : -711455461
      },
      "endLocation" : {
        "latitudeE7" : 423483241,
        "longitudeE7" : -710838843
      },
      "duration" : {
        "startTimestampMs" : "1511738381732",
        "endTimestampMs" : "1511827200000"
      },
      "distance" : 11717,
      "activityType" : "IN_PASSENGER_VEHICLE",
      "confidence" : "LOW",
      "activities" : [ {
        "activityType" : "IN_PASSENGER_VEHICLE",
        "probability" : 43.5721056018735
      }, {
        "activityType" : "WALKING",
        "probability" : 40.15024595769174
      }, {
        "activityType" : "CYCLING",
        "probability" : 7.073485593782368
      } ],
      "waypointPath" : {
        "waypoints" : [ {
          "latE7" : 423343963,
          "lngE7" : -711458206
        }, {
          "latE7" : 423483238,
          "lngE7" : -710838851
        } ]
      },
      "editConfirmationStatus" : "NOT_CONFIRMED",
      "parkingEvent" : {
        "timestampMs" : "1511829918818",
        "location" : {
          "latitudeE7" : 423483241,
          "longitudeE7" : -710838843
        }
      }
    }
  }, {
    "activitySegment" : {
      "startLocation" : {
        "latitudeE7" : 423346041,
        "longitudeE7" : -711455461
      },
      "endLocation" : {
        "latitudeE7" : 423483241,
        "longitudeE7" : -710838843
      },
      "duration" : {
        "startTimestampMs" : "1511827200000",
        "endTimestampMs" : "1511829918818"
      },
      "distance" : 11717,
      "activityType" : "WALKING",
      "confidence" : "LOW",
      "activities" : [ {
        "activityType" : "WALKING",
        "probability" : 45.71309678537532
      }, {
        "activityType" : "IN_PASSENGER_VEHICLE",
        "probability" : 35.31118221274628
      }, {
        "activityType" : "CYCLING",
        "probability" : 6.367432664594028
      } ],
      "waypointPath" : {
        "waypoints" : [ {
          "latE7" : 423343963,
          "lngE7" : -711458206
        }, {
          "latE7" : 423483581,
          "lngE7" : -710839004
        } ]
      },
      "editConfirmationStatus" : "NOT_CONFIRMED"
    }
  }, {
    "placeVisit" : {
      "location" : {
        "latitudeE7" : 423473449,
        "longitudeE7" : -710825030,
        "placeId" : "ChIJzdiyTA5644kRz3wEWcxaKGc",
        "address" : "800 Boylston St\nBoston, MA 02199\nUSA",
        "name" : "Prudential Center",
        "sourceInfo" : {
          "deviceTag" : 1259109606
        },
        "locationConfidence" : 99.08249
      },
      "duration" : {
        "startTimestampMs" : "1511829918818",
        "endTimestampMs" : "1511833551168"
      },
      "placeConfidence" : "HIGH_CONFIDENCE",
      "childVisits" : [ {
        "location" : {
          "latitudeE7" : 423473046,
          "longitudeE7" : -710819042,
          "placeId" : "ChIJ0VP3TA5644kRIDNe5oe_Evc",
          "address" : "Prudential Center\n800 Boylston St\nBoston, MA 02199\nUSA",
          "name" : "Eataly Boston",
          "sourceInfo" : {
            "deviceTag" : 1259109606
          },
          "locationConfidence" : 96.03718
        },
        "duration" : {
          "startTimestampMs" : "1511829918818",
          "endTimestampMs" : "1511833551168"
        },
        "placeConfidence" : "HIGH_CONFIDENCE",
        "centerLatE7" : 423477180,
        "centerLngE7" : -710827544,
        "visitConfidence" : 90,
        "otherCandidateLocations" : [ {
          "latitudeE7" : 423477897,
          "longitudeE7" : -710821366,
          "placeId" : "ChIJlQwTsw9644kRb1cE_jk7A7k",
          "name" : "SEPHORA",
          "locationConfidence" : 0.31233916
        }, {
          "latitudeE7" : 423473972,
          "longitudeE7" : -710841667,
          "placeId" : "ChIJi4Tu6w9644kRe2kAMKb55rw",
          "name" : "John B. Hynes Veterans Memorial Convention Center",
          "locationConfidence" : 0.22659984
        }, {
          "latitudeE7" : 423473046,
          "longitudeE7" : -710819042,
          "placeId" : "ChIJlQwTsw9644kRioxrB0LC4Zs",
          "name" : "Prudential Insurance Co",
          "locationConfidence" : 0.21714534
        }, {
          "latitudeE7" : 423473050,
          "longitudeE7" : -710818940,
          "placeId" : "ChIJ556rkQ9644kR1ybH2RMyUmU",
          "name" : "Pinkberry Boston Prudential",
          "locationConfidence" : 0.19353367
        }, {
          "latitudeE7" : 423469495,
          "longitudeE7" : -710828080,
          "placeId" : "ChIJ0VP3TA5644kRu32hFxS8TWw",
          "name" : "Skywalk Observatory",
          "locationConfidence" : 0.12651208
        }, {
          "latitudeE7" : 423476459,
          "longitudeE7" : -710808295,
          "placeId" : "ChIJkVDE1A9644kRjaC3feoq1OM",
          "name" : "Saks Fifth Avenue",
          "locationConfidence" : 0.11620531
        }, {
          "latitudeE7" : 423484452,
          "longitudeE7" : -710841015,
          "placeId" : "ChIJCzw8lQ9644kRBRl50ukidH4",
          "name" : "Trader Joe's",
          "locationConfidence" : 0.11407378
        }, {
          "latitudeE7" : 423484845,
          "longitudeE7" : -710824570,
          "placeId" : "ChIJzdiyTA5644kReEN_svYOKaI",
          "name" : "Prada Saks Boston WRTW",
          "locationConfidence" : 0.04572325
        }, {
          "latitudeE7" : 423484976,
          "longitudeE7" : -710823684,
          "placeId" : "ChIJlQwTsw9644kRFdpRH8tIzmc",
          "name" : "MAC Cosmetics",
          "locationConfidence" : 0.034813575
        } ],
        "editConfirmationStatus" : "NOT_CONFIRMED"
      } ],
      "centerLatE7" : 423477180,
      "centerLngE7" : -710827544,
      "visitConfidence" : 90,
      "otherCandidateLocations" : [ {
        "latitudeE7" : 423484452,
        "longitudeE7" : -710841015,
        "placeId" : "ChIJCzw8lQ9644kRBRl50ukidH4",
        "name" : "Trader Joe's",
        "locationConfidence" : 0.11769103
      }, {
        "latitudeE7" : 423487057,
        "longitudeE7" : -710832415,
        "placeId" : "ChIJU2gXsA9644kR9aDRvBjo66c",
        "name" : "Boston Marathon® adidas RunBase",
        "locationConfidence" : 0.031142116
      }, {
        "latitudeE7" : 423487725,
        "longitudeE7" : -710833102,
        "placeId" : "ChIJsX4kDcSD44kRGAE0AbdaVEE",
        "name" : "Feinberg Hanson LLP",
        "locationConfidence" : 0.028764782
      }, {
        "latitudeE7" : 423486410,
        "longitudeE7" : -710836870,
        "placeId" : "ChIJFbXWuA9644kRxnorjH_gg1s",
        "name" : "Whiskey's",
        "locationConfidence" : 0.026708422
      }, {
        "latitudeE7" : 423497363,
        "longitudeE7" : -710825964,
        "placeId" : "ChIJC3D_Ag9644kRAPYs6wzQSFk",
        "name" : "Boston Smoke Shop",
        "locationConfidence" : 0.02591354
      }, {
        "latitudeE7" : 423495466,
        "longitudeE7" : -710833701,
        "placeId" : "ChIJe6NOCA9644kRGq-MMCdGADU",
        "name" : "Boston Smoke Shop",
        "locationConfidence" : 0.024713455
      }, {
        "latitudeE7" : 423492207,
        "longitudeE7" : -710835496,
        "placeId" : "ChIJ2RZIpA9644kRklwQXYSRfD4",
        "name" : "Harry potter shop",
        "locationConfidence" : 0.024434358
      }, {
        "latitudeE7" : 423495114,
        "longitudeE7" : -710836520,
        "placeId" : "ChIJ4cOjoA9644kRc0B6QtJesYc",
        "name" : "Rachel’s Makeup & Eyebrow studio",
        "locationConfidence" : 0.023181265
      }, {
        "latitudeE7" : 423486959,
        "longitudeE7" : -710849450,
        "placeId" : "ChIJ9-zyjA9644kRNfuBqswF7h8",
        "name" : "304 Newbury Street",
        "locationConfidence" : 0.020445121
      } ],
      "editConfirmationStatus" : "NOT_CONFIRMED"
    }
  }, {
    "activitySegment" : {
      "startLocation" : {
        "latitudeE7" : 423345548,
        "longitudeE7" : -711456549
      },
      "endLocation" : {
        "latitudeE7" : 306915664,
        "longitudeE7" : -880398625
      },
      "duration" : {
        "startTimestampMs" : "1511968851909",
        "endTimestampMs" : "1512004957024"
      },
      "distance" : 2027472,
      "activityType" : "FLYING",
      "confidence" : "LOW",
      "activities" : [ {
        "activityType" : "FLYING",
        "probability" : 44.991306517941084
      }, {
        "activityType" : "IN_PASSENGER_VEHICLE",
        "probability" : 44.865817816213095
      }, {
        "activityType" : "WALKING",
        "probability" : 4.440289768026695
      } ],
      "simplifiedRawPath" : {
        "points" : [ {
          "latE7" : 423418007,
          "lngE7" : -711417491,
          "timestampMs" : "1511969433688",
          "accuracyMeters" : 20
        }, {
          "latE7" : 306799153,
          "lngE7" : -882463080,
          "timestampMs" : "1512003131000",
          "accuracyMeters" : 13
        }, {
          "latE7" : 306767825,
          "lngE7" : -882434718,
          "timestampMs" : "1512003177000",
          "accuracyMeters" : 16
        }, {
          "latE7" : 306840557,
          "lngE7" : -882229424,
          "timestampMs" : "1512003411000",
          "accuracyMeters" : 13
        }, {
          "latE7" : 306832825,
          "lngE7" : -882015822,
          "timestampMs" : "1512003580000",
          "accuracyMeters" : 13
        }, {
          "latE7" : 306814240,
          "lngE7" : -881975655,
          "timestampMs" : "1512003612000",
          "accuracyMeters" : 13
        }, {
          "latE7" : 306760313,
          "lngE7" : -881754220,
          "timestampMs" : "1512003752000",
          "accuracyMeters" : 13
        }, {
          "latE7" : 306760932,
          "lngE7" : -881301333,
          "timestampMs" : "1512004216000",
          "accuracyMeters" : 13
        }, {
          "latE7" : 306747423,
          "lngE7" : -881281628,
          "timestampMs" : "1512004232000",
          "accuracyMeters" : 16
        }, {
          "latE7" : 306345870,
          "lngE7" : -881184788,
          "timestampMs" : "1512004388000",
          "accuracyMeters" : 13
        }, {
          "latE7" : 306308994,
          "lngE7" : -881183836,
          "timestampMs" : "1512004403000",
          "accuracyMeters" : 13
        }, {
          "latE7" : 306286407,
          "lngE7" : -881154369,
          "timestampMs" : "1512004418000",
          "accuracyMeters" : 13
        }, {
          "latE7" : 306429508,
          "lngE7" : -880837387,
          "timestampMs" : "1512004528000",
          "accuracyMeters" : 13
        }, {
          "latE7" : 306593404,
          "lngE7" : -880606715,
          "timestampMs" : "1512004622000",
          "accuracyMeters" : 13
        }, {
          "latE7" : 306922823,
          "lngE7" : -880393338,
          "timestampMs" : "1512004809000",
          "accuracyMeters" : 16
        }, {
          "latE7" : 306923110,
          "lngE7" : -880403008,
          "timestampMs" : "1512004864845",
          "accuracyMeters" : 82
        }, {
          "latE7" : 306915664,
          "lngE7" : -880398625,
          "timestampMs" : "1512004957023",
          "accuracyMeters" : 26
        } ]
      },
      "editConfirmationStatus" : "NOT_CONFIRMED"
    }
  } ]
}