{
  "timelineObjects" : [ {
    "activitySegment" : {
      "startLocation" : {
        "latitudeE7" : 423281299,
        "longitudeE7" : -711433389
      },
      "endLocation" : {
        "latitudeE7" : 423390038,
        "longitudeE7" : -711397788
      },
      "duration" : {
        "startTimestampMs" : "1506907671767",
        "endTimestampMs" : "1506912168090"
      },
      "distance" : 1244,
      "activityType" : "WALKING",
      "confidence" : "LOW",
      "activities" : [ {
        "activityType" : "WALKING",
        "probability" : 36.74201643545374
      }, {
        "activityType" : "IN_PASSENGER_VEHICLE",
        "probability" : 35.82887571994771
      }, {
        "activityType" : "CYCLING",
        "probability" : 21.65932378764165
      } ],
      "waypointPath" : {
        "waypoints" : [ {
          "latE7" : 423281402,
          "lngE7" : -711433181
        }, {
          "latE7" : 423388938,
          "lngE7" : -711397247
        } ]
      },
      "editConfirmationStatus" : "NOT_CONFIRMED"
    }
  }, {
    "activitySegment" : {
      "startLocation" : {
        "latitudeE7" : 423393145,
        "longitudeE7" : -711396771
      },
      "endLocation" : {
        "latitudeE7" : 423423192,
        "longitudeE7" : -711386931
      },
      "duration" : {
        "startTimestampMs" : "1506912924774",
        "endTimestampMs" : "1506930885465"
      },
      "distance" : 343,
      "activityType" : "WALKING",
      "confidence" : "MEDIUM",
      "activities" : [ {
        "activityType" : "WALKING",
        "probability" : 70.78474208541671
      }, {
        "activityType" : "IN_PASSENGER_VEHICLE",
        "probability" : 18.925376464934498
      }, {
        "activityType" : "CYCLING",
        "probability" : 5.640850225269426
      } ],
      "waypointPath" : {
        "waypoints" : [ {
          "latE7" : 423392982,
          "lngE7" : -711396713
        }, {
          "latE7" : 423420639,
          "lngE7" : -711389541
        } ]
      },
      "editConfirmationStatus" : "NOT_CONFIRMED"
    }
  }, {
    "activitySegment" : {
      "startLocation" : {
        "latitudeE7" : 423423192,
        "longitudeE7" : -711386931
      },
      "endLocation" : {
        "latitudeE7" : 423611951,
        "longitudeE7" : -711325094
      },
      "duration" : {
        "startTimestampMs" : "1506930885465",
        "endTimestampMs" : "1506948846156"
      },
      "distance" : 2159,
      "activityType" : "IN_PASSENGER_VEHICLE",
      "confidence" : "LOW",
      "activities" : [ {
        "activityType" : "IN_PASSENGER_VEHICLE",
        "probability" : 54.378530381733526
      }, {
        "activityType" : "WALKING",
        "probability" : 32.65924577705953
      }, {
        "activityType" : "CYCLING",
        "probability" : 6.599265089571653
      } ],
      "waypointPath" : {
        "waypoints" : [ {
          "latE7" : 423420639,
          "lngE7" : -711389541
        }, {
          "latE7" : 423613357,
          "lngE7" : -711324615
        } ]
      },
      "editConfirmationStatus" : "NOT_CONFIRMED"
    }
  }, {
    "activitySegment" : {
      "startLocation" : {
        "latitudeE7" : 423623490,
        "longitudeE7" : -711321313
      },
      "endLocation" : {
        "latitudeE7" : 423789697,
        "longitudeE7" : -711266830
      },
      "duration" : {
        "startTimestampMs" : "1506950107317",
        "endTimestampMs" : "1506952419783"
      },
      "distance" : 1868,
      "activityType" : "IN_PASSENGER_VEHICLE",
      "confidence" : "LOW",
      "activities" : [ {
        "activityType" : "IN_PASSENGER_VEHICLE",
        "probability" : 56.830360159188395
      }, {
        "activityType" : "WALKING",
        "probability" : 24.362690834434204
      }, {
        "activityType" : "IN_BUS",
        "probability" : 12.876124484848283
      } ],
      "waypointPath" : {
        "waypoints" : [ {
          "latE7" : 423623390,
          "lngE7" : -711320648
        }, {
          "latE7" : 423789405,
          "lngE7" : -711267166
        } ]
      },
      "editConfirmationStatus" : "NOT_CONFIRMED"
    }
  }, {
    "activitySegment" : {
      "startLocation" : {
        "latitudeE7" : 423795258,
        "longitudeE7" : -711265007
      },
      "endLocation" : {
        "latitudeE7" : 423845404,
        "longitudeE7" : -711248563
      },
      "duration" : {
        "startTimestampMs" : "1506962242356",
        "endTimestampMs" : "1506970793512"
      },
      "distance" : 573,
      "activityType" : "WALKING",
      "confidence" : "MEDIUM",
      "activities" : [ {
        "activityType" : "WALKING",
        "probability" : 79.80814225074411
      }, {
        "activityType" : "IN_PASSENGER_VEHICLE",
        "probability" : 9.741828122760147
      }, {
        "activityType" : "CYCLING",
        "probability" : 5.106429993517419
      } ],
      "waypointPath" : {
        "waypoints" : [ {
          "latE7" : 423795776,
          "lngE7" : -711267623
        }, {
          "latE7" : 423843154,
          "lngE7" : -711247177
        } ]
      },
      "editConfirmationStatus" : "NOT_CONFIRMED"
    }
  }, {
    "activitySegment" : {
      "startLocation" : {
        "latitudeE7" : 423850272,
        "longitudeE7" : -711246966
      },
      "endLocation" : {
        "latitudeE7" : 423905657,
        "longitudeE7" : -711228801
      },
      "duration" : {
        "startTimestampMs" : "1506971710276",
        "endTimestampMs" : "1506979240233"
      },
      "distance" : 633,
      "activityType" : "WALKING",
      "confidence" : "LOW",
      "activities" : [ {
        "activityType" : "WALKING",
        "probability" : 55.888714087313716
      }, {
        "activityType" : "IN_PASSENGER_VEHICLE",
        "probability" : 24.080384656133305
      }, {
        "activityType" : "CYCLING",
        "probability" : 9.480089858045497
      } ],
      "waypointPath" : {
        "waypoints" : [ {
          "latE7" : 423850746,
          "lngE7" : -711246261
        }, {
          "latE7" : 423904838,
          "lngE7" : -711227111
        } ]
      },
      "editConfirmationStatus" : "NOT_CONFIRMED"
    }
  }, {
    "activitySegment" : {
      "startLocation" : {
        "latitudeE7" : 423904334,
        "longitudeE7" : -711214099
      },
      "endLocation" : {
        "latitudeE7" : 423635617,
        "longitudeE7" : -710996196,
        "placeId" : "ChIJ4-NjhVR344kRwZVE3SqscTg",
        "address" : "85 Windsor St\nCambridge, MA 02139\nUSA",
        "name" : "Patty Chen's Dumpling Room",
        "sourceInfo" : {
          "deviceTag" : 1259109606
        },
        "locationConfidence" : 99.4777
      },
      "duration" : {
        "startTimestampMs" : "1506979813000",
        "endTimestampMs" : "1506980716000"
      },
      "activityType" : "IN_PASSENGER_VEHICLE",
      "confidence" : "MEDIUM",
      "activities" : [ {
        "activityType" : "IN_PASSENGER_VEHICLE",
        "probability" : 67.48273201635998
      }, {
        "activityType" : "IN_BUS",
        "probability" : 26.467891101148368
      }, {
        "activityType" : "WALKING",
        "probability" : 4.172785509772483
      } ],
      "waypointPath" : {
        "waypoints" : [ {
          "latE7" : 423904571,
          "lngE7" : -711213836
        }, {
          "latE7" : 423751449,
          "lngE7" : -711190338
        }, {
          "latE7" : 423634452,
          "lngE7" : -710997238
        } ]
      },
      "simplifiedRawPath" : {
        "points" : [ {
          "latE7" : 423750964,
          "lngE7" : -711190925,
          "timestampMs" : "1506980203000",
          "accuracyMeters" : 4
        } ]
      },
      "editConfirmationStatus" : "NOT_CONFIRMED"
    }
  }, {
    "placeVisit" : {
      "location" : {
        "latitudeE7" : 423635617,
        "longitudeE7" : -710996196,
        "placeId" : "ChIJ4-NjhVR344kRwZVE3SqscTg",
        "address" : "85 Windsor St\nCambridge, MA 02139\nUSA",
        "name" : "Patty Chen's Dumpling Room",
        "sourceInfo" : {
          "deviceTag" : 1259109606
        },
        "locationConfidence" : 99.4777
      },
      "duration" : {
        "startTimestampMs" : "1506980716000",
        "endTimestampMs" : "1506989312269"
      },
      "placeConfidence" : "HIGH_CONFIDENCE",
      "centerLatE7" : 423634843,
      "centerLngE7" : -710997678,
      "visitConfidence" : 89,
      "otherCandidateLocations" : [ {
        "latitudeE7" : 423635242,
        "longitudeE7" : -710995336,
        "placeId" : "ChIJlWXZj1R344kR2TuX6dh0dDU",
        "name" : "Cinderella's Bar and Restaurant",
        "locationConfidence" : 0.21612196
      }, {
        "latitudeE7" : 423635716,
        "longitudeE7" : -710993300,
        "placeId" : "ChIJp73Yj1R344kRCQxnXACcm1g",
        "name" : "Toscanini's Ice Cream",
        "locationConfidence" : 0.10049278
      }, {
        "latitudeE7" : 423632989,
        "longitudeE7" : -710998910,
        "placeId" : "ChIJl4SpjlR344kR-a5J8f_YNvo",
        "name" : "Jill Brown-Rhone Park",
        "locationConfidence" : 0.04303596
      }, {
        "latitudeE7" : 423636241,
        "longitudeE7" : -710999369,
        "placeId" : "ChIJ3bIQhlR344kR-fFti_8jCDg",
        "name" : "Desi Dhaba",
        "locationConfidence" : 0.03761285
      }, {
        "latitudeE7" : 423600910,
        "longitudeE7" : -710941600,
        "placeId" : "ChIJh2oa9apw44kRPCAIs6WO4NA",
        "name" : "Massachusetts Institute of Technology",
        "locationConfidence" : 0.010004793
      }, {
        "latitudeE7" : 423636640,
        "longitudeE7" : -711011268,
        "placeId" : "ChIJJ5JOZVR344kRd62Nb9Yo06s",
        "name" : "Veggie Galaxy",
        "locationConfidence" : 0.0058096265
      }, {
        "latitudeE7" : 423628040,
        "longitudeE7" : -710995090,
        "placeId" : "ChIJiUl67VR344kRVlzPOzsIfRg",
        "name" : "Massachusetts Ave @ Sidney St",
        "locationConfidence" : 0.0056998003
      }, {
        "latitudeE7" : 423634670,
        "longitudeE7" : -711002782,
        "placeId" : "ChIJuS7YiVR344kR0MuUKq4OsDU",
        "name" : "Lafayette Square Hubway Station",
        "locationConfidence" : 0.003715255
      }, {
        "latitudeE7" : 423637874,
        "longitudeE7" : -711014011,
        "placeId" : "ChIJTxLlbVR344kRmTrohl7Eo94",
        "name" : "Middle East Restaurant and Nightclub",
        "locationConfidence" : 0.003267911
      } ],
      "editConfirmationStatus" : "NOT_CONFIRMED"
    }
  }, {
    "activitySegment" : {
      "startLocation" : {
        "latitudeE7" : 423635617,
        "longitudeE7" : -710996196
      },
      "endLocation" : {
        "latitudeE7" : 423345032,
        "longitudeE7" : -711455247
      },
      "duration" : {
        "startTimestampMs" : "1506989312269",
        "endTimestampMs" : "1506996450035"
      },
      "distance" : 4921,
      "activityType" : "IN_PASSENGER_VEHICLE",
      "confidence" : "MEDIUM",
      "activities" : [ {
        "activityType" : "IN_PASSENGER_VEHICLE",
        "probability" : 73.65052928064748
      }, {
        "activityType" : "IN_BUS",
        "probability" : 11.007283697943414
      }, {
        "activityType" : "WALKING",
        "probability" : 10.880948301150609
      } ],
      "waypointPath" : {
        "waypoints" : [ {
          "latE7" : 423634338,
          "lngE7" : -710996322
        }, {
          "latE7" : 423343505,
          "lngE7" : -711457672
        } ]
      },
      "editConfirmationStatus" : "NOT_CONFIRMED"
    }
  }, {
    "activitySegment" : {
      "startLocation" : {
        "latitudeE7" : 423345303,
        "longitudeE7" : -711456291
      },
      "endLocation" : {
        "latitudeE7" : 423417279,
        "longitudeE7" : -711417575
      },
      "duration" : {
        "startTimestampMs" : "1507155873896",
        "endTimestampMs" : "1507156199864"
      },
      "distance" : 1306,
      "activityType" : "IN_PASSENGER_VEHICLE",
      "confidence" : "MEDIUM",
      "activities" : [ {
        "activityType" : "IN_PASSENGER_VEHICLE",
        "probability" : 59.063575660571324
      }, {
        "activityType" : "CYCLING",
        "probability" : 34.69525669340734
      }, {
        "activityType" : "WALKING",
        "probability" : 2.9633071789062493
      } ],
      "waypointPath" : {
        "waypoints" : [ {
          "latE7" : 423343887,
          "lngE7" : -711458129
        }, {
          "latE7" : 423416595,
          "lngE7" : -711418304
        } ]
      },
      "editConfirmationStatus" : "NOT_CONFIRMED"
    }
  }, {
    "placeVisit" : {
      "location" : {
        "latitudeE7" : 371997172,
        "longitudeE7" : -36136670,
        "placeId" : "ChIJS8PvhQL9cQ0R7y1lEJWw1KA",
        "address" : "Av. de Juan Pablo II, s/n\n18014 Granada\nEspaña",
        "name" : "Estación de Autobuses de Granada",
        "sourceInfo" : {
          "deviceTag" : 1259109606
        },
        "locationConfidence" : 86.46344
      },
      "duration" : {
        "startTimestampMs" : "1507312900315",
        "endTimestampMs" : "1507313556000"
      },
      "placeConfidence" : "MEDIUM_CONFIDENCE",
      "centerLatE7" : 371997403,
      "centerLngE7" : -36131677,
      "visitConfidence" : 83,
      "otherCandidateLocations" : [ {
        "latitudeE7" : 371997172,
        "longitudeE7" : -36136670,
        "placeId" : "ChIJhYESgwL9cQ0Rll_tSLXVtfg",
        "name" : "Estacion De Autobuses De Granada",
        "locationConfidence" : 10.228074
      }, {
        "latitudeE7" : 371985090,
        "longitudeE7" : -36086650,
        "placeId" : "ChIJd0SsXgL9cQ0RaZKN2kjqeek",
        "name" : "Alcampo",
        "locationConfidence" : 0.34544766
      }, {
        "latitudeE7" : 372009232,
        "longitudeE7" : -36145720,
        "placeId" : "ChIJAxmcXAL9cQ0Rp1ZQ8atvLv4",
        "name" : "H2 Granada",
        "locationConfidence" : 0.1542986
      }, {
        "latitudeE7" : 372001511,
        "longitudeE7" : -36132915,
        "placeId" : "ChIJpVi78wL9cQ0RHJQ36ndq9sI",
        "name" : "Pizza Hut JUAN PABLO II",
        "locationConfidence" : 0.14881352
      }, {
        "latitudeE7" : 372017241,
        "longitudeE7" : -36155753,
        "placeId" : "ChIJ7-xJNgL9cQ0Rj3y7TrklnsI",
        "name" : "McDonald's",
        "locationConfidence" : 0.14672568
      }, {
        "latitudeE7" : 372007514,
        "longitudeE7" : -36134715,
        "placeId" : "ChIJi1vOwwf9cQ0RhJPNG4wQPQI",
        "name" : "Unicaja",
        "locationConfidence" : 0.14177166
      }, {
        "latitudeE7" : 372006465,
        "longitudeE7" : -36134706,
        "placeId" : "ChIJ9_LNyeL8cQ0R_qutsS_674w",
        "name" : "Restaurante Chino Oriental",
        "locationConfidence" : 0.1226536
      }, {
        "latitudeE7" : 372007937,
        "longitudeE7" : -36135618,
        "placeId" : "ChIJtcgLkAL9cQ0R4wo_oInNkuU",
        "name" : "Restoran china",
        "locationConfidence" : 0.104897074
      }, {
        "latitudeE7" : 371985924,
        "longitudeE7" : -36111535,
        "placeId" : "ChIJx8PRsOL8cQ0R94Z2gPmkBmo",
        "name" : "Mercería El Carrete",
        "locationConfidence" : 0.10114815
      } ],
      "editConfirmationStatus" : "NOT_CONFIRMED"
    }
  }, {
    "activitySegment" : {
      "startLocation" : {
        "latitudeE7" : 371997172,
        "longitudeE7" : -36136670
      },
      "endLocation" : {
        "latitudeE7" : 371783989,
        "longitudeE7" : -35997344
      },
      "duration" : {
        "startTimestampMs" : "1507313556000",
        "endTimestampMs" : "1507315740828"
      },
      "distance" : 3109,
      "activityType" : "WALKING",
      "confidence" : "HIGH",
      "activities" : [ {
        "activityType" : "WALKING",
        "probability" : 98.98639199637032
      }, {
        "activityType" : "IN_PASSENGER_VEHICLE",
        "probability" : 0.4463468302993669
      }, {
        "activityType" : "IN_BUS",
        "probability" : 0.4297361989797398
      } ],
      "waypointPath" : {
        "waypoints" : [ {
          "latE7" : 371999702,
          "lngE7" : -36132886
        }, {
          "latE7" : 371899948,
          "lngE7" : -36053698
        }, {
          "latE7" : 371784210,
          "lngE7" : -35997049
        } ]
      },
      "simplifiedRawPath" : {
        "points" : [ {
          "latE7" : 371899414,
          "lngE7" : -36053286,
          "timestampMs" : "1507314711988",
          "accuracyMeters" : 19
        } ]
      },
      "editConfirmationStatus" : "NOT_CONFIRMED"
    }
  }, {
    "placeVisit" : {
      "location" : {
        "latitudeE7" : 371783989,
        "longitudeE7" : -35997344,
        "placeId" : "ChIJiZCJeMD8cQ0RQdJ6ynvVXkQ",
        "address" : "Calle Postigo Velutti, 4\n18001 Granada\nEspaña",
        "name" : "Saint Germain",
        "sourceInfo" : {
          "deviceTag" : 1259109606
        },
        "locationConfidence" : 74.521164
      },
      "duration" : {
        "startTimestampMs" : "1507315740828",
        "endTimestampMs" : "1507318238478"
      },
      "placeConfidence" : "MEDIUM_CONFIDENCE",
      "centerLatE7" : 371782489,
      "centerLngE7" : -35992196,
      "visitConfidence" : 91,
      "otherCandidateLocations" : [ {
        "latitudeE7" : 371777460,
        "longitudeE7" : -35993951,
        "placeId" : "ChIJ6V47jr_8cQ0RngT-MKsT0go",
        "name" : "San Agustín Market",
        "locationConfidence" : 9.739498
      }, {
        "latitudeE7" : 371763510,
        "longitudeE7" : -35976040,
        "placeId" : "ChIJiyj_Ib_8cQ0R4dRkQBqXcSQ",
        "name" : "Heladería Los Italianos",
        "locationConfidence" : 0.3363961
      }, {
        "latitudeE7" : 371775340,
        "longitudeE7" : -35978437,
        "placeId" : "ChIJKavfa7_8cQ0RJvPP8Hvbtfk",
        "name" : "Boom Boom Room Granada",
        "locationConfidence" : 0.23712511
      }, {
        "latitudeE7" : 371782314,
        "longitudeE7" : -35989220,
        "placeId" : "ChIJLYVIf7_8cQ0RFC1J4bH-Vik",
        "name" : "Bazan",
        "locationConfidence" : 0.21818355
      }, {
        "latitudeE7" : 371780700,
        "longitudeE7" : -35966000,
        "placeId" : "ChIJx7nLU7_8cQ0RaAKmKW9_G_w",
        "name" : "Restaurante Arrayanes Granada SL",
        "locationConfidence" : 0.21400489
      }, {
        "latitudeE7" : 371775671,
        "longitudeE7" : -35996900,
        "placeId" : "ChIJZ96-kL_8cQ0RUr5HFgKul4s",
        "name" : "Comida Casera Para Llevar",
        "locationConfidence" : 0.19665211
      }, {
        "latitudeE7" : 371768196,
        "longitudeE7" : -35973009,
        "placeId" : "ChIJ83jsO7_8cQ0Ro3yIFLxlrSI",
        "name" : "La Vinoteca",
        "locationConfidence" : 0.18800296
      }, {
        "latitudeE7" : 371768490,
        "longitudeE7" : -35969729,
        "placeId" : "ChIJLTqlF7_8cQ0RHosavBRI48Q",
        "name" : "Bodegas Castañeda",
        "locationConfidence" : 0.18728937
      }, {
        "latitudeE7" : 371774100,
        "longitudeE7" : -35995600,
        "placeId" : "ChIJzYLBmb_8cQ0RR6z1x-MAjWY",
        "name" : "El Picaro",
        "locationConfidence" : 0.17217252
      } ],
      "editConfirmationStatus" : "NOT_CONFIRMED"
    }
  }, {
    "placeVisit" : {
      "location" : {
        "latitudeE7" : 371781958,
        "longitudeE7" : -35932910,
        "placeId" : "ChIJLVZoerj8cQ0RPfn81tUaoZU",
        "address" : "Carrera del Darro, 25\n18010 Granada\nEspaña",
        "name" : "Shine Albayzín",
        "sourceInfo" : {
          "deviceTag" : 1259109606
        },
        "locationConfidence" : 84.475945
      },
      "duration" : {
        "startTimestampMs" : "1507384570486",
        "endTimestampMs" : "1507387522493"
      },
      "placeConfidence" : "MEDIUM_CONFIDENCE",
      "centerLatE7" : 371786724,
      "centerLngE7" : -35946218,
      "visitConfidence" : 91,
      "otherCandidateLocations" : [ {
        "latitudeE7" : 371782127,
        "longitudeE7" : -35933914,
        "placeId" : "ChIJq6peerj8cQ0Rz06FkS6uj5M",
        "name" : "Duran coffee house",
        "locationConfidence" : 3.4788916
      }, {
        "latitudeE7" : 371760783,
        "longitudeE7" : -35881413,
        "placeId" : "ChIJO7l_l7f8cQ0Rf6IhEu_RjYA",
        "name" : "Alhambra",
        "locationConfidence" : 1.4286325
      }, {
        "latitudeE7" : 371783344,
        "longitudeE7" : -35928840,
        "placeId" : "ChIJ3Qt_c7j8cQ0R8aYWnhRTfxE",
        "name" : "El Bañuelo",
        "locationConfidence" : 1.385889
      }, {
        "latitudeE7" : 371811073,
        "longitudeE7" : -35926637,
        "placeId" : "ChIJlc_oycf8cQ0RmGSbIT5svlk",
        "name" : "Mirador San Nicolás",
        "locationConfidence" : 0.69905657
      }, {
        "latitudeE7" : 371782127,
        "longitudeE7" : -35933914,
        "placeId" : "ChIJcZu6pOX8cQ0Rqp8K5HqmcVk",
        "name" : "barista Durán",
        "locationConfidence" : 0.5554954
      }, {
        "latitudeE7" : 371777362,
        "longitudeE7" : -35939452,
        "placeId" : "ChIJOxKTi7j8cQ0R8_sV_f6zK20",
        "name" : "Hammam Al Ándalus Arab Baths",
        "locationConfidence" : 0.36581737
      }, {
        "latitudeE7" : 371787443,
        "longitudeE7" : -35931036,
        "placeId" : "ChIJ18jZdbj8cQ0RwrbLmX_Jl-M",
        "name" : "The tearoom Bañuelo",
        "locationConfidence" : 0.34664682
      }, {
        "latitudeE7" : 371788741,
        "longitudeE7" : -35925675,
        "placeId" : "ChIJ4fYe9cf8cQ0ROiSVNFYoz0U",
        "name" : "Casa de Zafra",
        "locationConfidence" : 0.34100077
      }, {
        "latitudeE7" : 371781395,
        "longitudeE7" : -35930848,
        "placeId" : "ChIJywwcbrj8cQ0RrG0Gyl9cTig",
        "name" : "Puente Espinosa",
        "locationConfidence" : 0.32420072
      } ],
      "editConfirmationStatus" : "NOT_CONFIRMED"
    }
  }, {
    "placeVisit" : {
      "location" : {
        "latitudeE7" : 556180236,
        "longitudeE7" : 126507628,
        "placeId" : "ChIJa5WHJxCrU0YRC7NaIP-8lfw",
        "address" : "Lufthavnsboulevarden 6\n2770 Kastrup\nDanmark",
        "name" : "Copenhagen Airport",
        "sourceInfo" : {
          "deviceTag" : 1259109606
        },
        "locationConfidence" : 99.94361
      },
      "duration" : {
        "startTimestampMs" : "1507797886251",
        "endTimestampMs" : "1507798767213"
      },
      "placeConfidence" : "HIGH_CONFIDENCE",
      "childVisits" : [ {
        "location" : {
          "latitudeE7" : 556295693,
          "longitudeE7" : 126491412,
          "placeId" : "ChIJ-1deu3qrU0YRy81b9hRGgt0",
          "address" : "2770 Kastrup\nDanmark",
          "name" : "Københavns Lufthavn",
          "sourceInfo" : {
            "deviceTag" : 1259109606
          },
          "locationConfidence" : 75.10042
        },
        "duration" : {
          "startTimestampMs" : "1507797886251",
          "endTimestampMs" : "1507798767213"
        },
        "placeConfidence" : "LOW_CONFIDENCE",
        "centerLatE7" : 556285947,
        "centerLngE7" : 126468653,
        "visitConfidence" : 92,
        "otherCandidateLocations" : [ {
          "latitudeE7" : 556301375,
          "longitudeE7" : 126493895,
          "placeId" : "ChIJPxCBx3qrU0YR2-771CihaX0",
          "name" : "Lufthavnen",
          "locationConfidence" : 11.581955
        }, {
          "latitudeE7" : 556287582,
          "longitudeE7" : 126484982,
          "placeId" : "ChIJ7dreDXqrU0YRl5ogcFWqrdg",
          "name" : "Hertz",
          "locationConfidence" : 0.46985996
        }, {
          "latitudeE7" : 556285729,
          "longitudeE7" : 126460943,
          "placeId" : "ChIJpfPm8G-rU0YR-_XdjoiyihQ",
          "name" : "WHSmith",
          "locationConfidence" : 0.44769523
        }, {
          "latitudeE7" : 556289654,
          "longitudeE7" : 126445716,
          "placeId" : "ChIJp1nviG-rU0YRQZclyqhH42k",
          "name" : "Rolling Luggage Copenhagen Airport",
          "locationConfidence" : 0.4340072
        }, {
          "latitudeE7" : 556291764,
          "longitudeE7" : 126451693,
          "placeId" : "ChIJF4XeYWWrU0YRONFmFpJ_nSA",
          "name" : "Bryggeren",
          "locationConfidence" : 0.4078704
        }, {
          "latitudeE7" : 556282046,
          "longitudeE7" : 126495318,
          "placeId" : "ChIJrbepc3CrU0YRkaTQhsTE1UY",
          "name" : "Murphy's",
          "locationConfidence" : 0.37044117
        }, {
          "latitudeE7" : 556286047,
          "longitudeE7" : 126458960,
          "placeId" : "ChIJQyht8W-rU0YREZQ5Bzf9Ass",
          "name" : "Baresso",
          "locationConfidence" : 0.36898014
        }, {
          "latitudeE7" : 556288350,
          "longitudeE7" : 126458324,
          "placeId" : "ChIJp6Y89G-rU0YRNtcTwkknWcw",
          "name" : "Fine Food",
          "locationConfidence" : 0.35653982
        }, {
          "latitudeE7" : 556289154,
          "longitudeE7" : 126447151,
          "placeId" : "ChIJY-Y_iW-rU0YRqCg-FzsuC8o",
          "name" : "Peter Beier Chokolade",
          "locationConfidence" : 0.3472089
        } ],
        "editConfirmationStatus" : "NOT_CONFIRMED"
      } ],
      "centerLatE7" : 556285947,
      "centerLngE7" : 126468653,
      "visitConfidence" : 92,
      "otherCandidateLocations" : [ {
        "latitudeE7" : 556298269,
        "longitudeE7" : 126510613,
        "placeId" : "ChIJOXsnvnqrU0YRxXo9u-DGvTs",
        "name" : "Københavns Lufthavn (Ellehammersvej)",
        "locationConfidence" : 0.019548679
      }, {
        "latitudeE7" : 556300236,
        "longitudeE7" : 126497129,
        "placeId" : "ChIJGe7Ov3qrU0YRtoKAxSwsoEM",
        "name" : "Københavns Lufthavn (Ellehammersvej)",
        "locationConfidence" : 0.014853735
      }, {
        "latitudeE7" : 556293730,
        "longitudeE7" : 126480753,
        "placeId" : "ChIJz-ZMrHqrU0YRC0rLfI1srSI",
        "locationConfidence" : 0.0071229236
      }, {
        "latitudeE7" : 556295430,
        "longitudeE7" : 126471840,
        "placeId" : "ChIJ6QuUUWWrU0YROOPQ8e_cd-E",
        "locationConfidence" : 0.005955516
      }, {
        "latitudeE7" : 556288921,
        "longitudeE7" : 126489563,
        "placeId" : "ChIJDz4Yp3qrU0YRiG_mZcH9FO0",
        "locationConfidence" : 0.005811443
      }, {
        "latitudeE7" : 556107703,
        "longitudeE7" : 126051632,
        "placeId" : "ChIJ-YLa07RUUkYRp04wpmKSp5c",
        "name" : "Amager",
        "locationConfidence" : 0.002871242
      }, {
        "latitudeE7" : 556315990,
        "longitudeE7" : 126457860,
        "placeId" : "ChIJNz2YHGWrU0YRP9edrUU2Mo4",
        "name" : "Nfr Consulting v/Niels Frederiksen",
        "locationConfidence" : 2.2512909E-4
      } ],
      "editConfirmationStatus" : "NOT_CONFIRMED",
      "simplifiedRawPath" : {
        "points" : [ {
          "latE7" : 556286820,
          "lngE7" : 126459990,
          "timestampMs" : "1507797886251",
          "accuracyMeters" : 21
        }, {
          "latE7" : 556285791,
          "lngE7" : 126475100,
          "timestampMs" : "1507798496711",
          "accuracyMeters" : 22
        } ]
      }
    }
  }, {
    "activitySegment" : {
      "startLocation" : {
        "latitudeE7" : 556180236,
        "longitudeE7" : 126507628
      },
      "endLocation" : {
        "latitudeE7" : 556307416,
        "longitudeE7" : 126491231
      },
      "duration" : {
        "startTimestampMs" : "1507798767213",
        "endTimestampMs" : "1507799173000"
      },
      "distance" : 175,
      "activityType" : "WALKING",
      "confidence" : "MEDIUM",
      "activities" : [ {
        "activityType" : "WALKING",
        "probability" : 59.33148431729186
      }, {
        "activityType" : "IN_PASSENGER_VEHICLE",
        "probability" : 17.4212752529926
      }, {
        "activityType" : "IN_BUS",
        "probability" : 8.819961481875707
      } ],
      "waypointPath" : {
        "waypoints" : [ {
          "latE7" : 556290092,
          "lngE7" : 126481428
        }, {
          "latE7" : 556307868,
          "lngE7" : 126491088
        } ]
      },
      "editConfirmationStatus" : "NOT_CONFIRMED"
    }
  }, {
    "activitySegment" : {
      "startLocation" : {
        "latitudeE7" : 556301375,
        "longitudeE7" : 126493895
      },
      "endLocation" : {
        "latitudeE7" : 556720540,
        "longitudeE7" : 125913850
      },
      "duration" : {
        "startTimestampMs" : "1507799173000",
        "endTimestampMs" : "1507800172334"
      },
      "distance" : 6793,
      "activityType" : "IN_SUBWAY",
      "confidence" : "MEDIUM",
      "activities" : [ {
        "activityType" : "IN_SUBWAY",
        "probability" : 85.18154960255265
      }, {
        "activityType" : "WALKING",
        "probability" : 10.48537442368095
      }, {
        "activityType" : "IN_TRAIN",
        "probability" : 2.191715640868575
      } ],
      "transitPath" : {
        "transitStops" : [ {
          "latitudeE7" : 556301375,
          "longitudeE7" : 126493895,
          "placeId" : "ChIJPxCBx3qrU0YR2-771CihaX0",
          "name" : "Lufthavnen"
        }, {
          "latitudeE7" : 556720540,
          "longitudeE7" : 125913850,
          "placeId" : "ChIJzYi92j5TUkYRiB2_wrPwwjQ",
          "name" : "Christianshavn St. (Metro)"
        } ],
        "name" : "M2",
        "hexRgbColor" : "000000"
      },
      "simplifiedRawPath" : {
        "points" : [ {
          "latE7" : 556312902,
          "lngE7" : 126489760,
          "timestampMs" : "1507799189000",
          "accuracyMeters" : 4
        } ]
      },
      "editConfirmationStatus" : "NOT_CONFIRMED"
    }
  }, {
    "activitySegment" : {
      "startLocation" : {
        "latitudeE7" : 556722298,
        "longitudeE7" : 125914581
      },
      "endLocation" : {
        "latitudeE7" : 556793652,
        "longitudeE7" : 125982767
      },
      "duration" : {
        "startTimestampMs" : "1507800172334",
        "endTimestampMs" : "1507800904000"
      },
      "distance" : 813,
      "activityType" : "WALKING",
      "confidence" : "HIGH",
      "activities" : [ {
        "activityType" : "WALKING",
        "probability" : 91.61218321308692
      }, {
        "activityType" : "IN_SUBWAY",
        "probability" : 2.268816168231056
      }, {
        "activityType" : "IN_BUS",
        "probability" : 2.08808925862836
      } ],
      "waypointPath" : {
        "waypoints" : [ {
          "latE7" : 556722412,
          "lngE7" : 125914793
        }, {
          "latE7" : 556778984,
          "lngE7" : 125994491
        } ]
      },
      "editConfirmationStatus" : "NOT_CONFIRMED"
    }
  }, {
    "placeVisit" : {
      "location" : {
        "latitudeE7" : 556793652,
        "longitudeE7" : 125982767,
        "placeId" : "ChIJ_TjiSjtTUkYR5_WyZV195MA",
        "address" : "Hal 7 & 8\nPapirøen\nTrangravsvej 14, 7/8\n1436 København\nDanmark",
        "name" : "Copenhagen Street Food",
        "sourceInfo" : {
          "deviceTag" : 1259109606
        },
        "locationConfidence" : 92.32538
      },
      "duration" : {
        "startTimestampMs" : "1507800904000",
        "endTimestampMs" : "1507807446000"
      },
      "placeConfidence" : "MEDIUM_CONFIDENCE",
      "centerLatE7" : 556786524,
      "centerLngE7" : 125988500,
      "visitConfidence" : 93,
      "otherCandidateLocations" : [ {
        "latitudeE7" : 556789867,
        "longitudeE7" : 125969065,
        "placeId" : "ChIJwW__TTtTUkYRXDgQGlbJN60",
        "name" : "Papirøen",
        "locationConfidence" : 2.6267335
      }, {
        "latitudeE7" : 556786446,
        "longitudeE7" : 125987649,
        "placeId" : "ChIJPTwlJS3V3UMRYyu7xGn5aUg",
        "name" : "Tommy Hilfiger",
        "locationConfidence" : 0.59214175
      }, {
        "latitudeE7" : 556792570,
        "longitudeE7" : 125974192,
        "placeId" : "ChIJ_TjiSjtTUkYREOQrVfycMFU",
        "name" : "Copenhagen Contemporary",
        "locationConfidence" : 0.40167144
      }, {
        "latitudeE7" : 556785311,
        "longitudeE7" : 125985020,
        "placeId" : "ChIJuaCLMDtTUkYR9e9BxUIBBAQ",
        "name" : "Papiroeen",
        "locationConfidence" : 0.39948845
      }, {
        "latitudeE7" : 556788346,
        "longitudeE7" : 125987277,
        "placeId" : "ChIJjavh20FTUkYRX_kK6EnUobs",
        "name" : "COBE",
        "locationConfidence" : 0.3760545
      }, {
        "latitudeE7" : 556783430,
        "longitudeE7" : 125988638,
        "placeId" : "ChIJ23ZsJTtTUkYR2lZA8MVKYOo",
        "name" : "Den Plettede Gris",
        "locationConfidence" : 0.27806064
      }, {
        "latitudeE7" : 556796236,
        "longitudeE7" : 125977504,
        "placeId" : "ChIJA8kOshpTUkYRfFSv_DIi5dY",
        "name" : "Paper Island",
        "locationConfidence" : 0.14633484
      }, {
        "latitudeE7" : 556795655,
        "longitudeE7" : 125987706,
        "placeId" : "ChIJr2THLTtTUkYRTWjJRwnxPJ4",
        "name" : "PapirHallen",
        "locationConfidence" : 0.13582231
      }, {
        "latitudeE7" : 556788346,
        "longitudeE7" : 125987277,
        "placeId" : "ChIJi-koLjtTUkYRcQAcBfBZ-YU",
        "locationConfidence" : 0.09544154
      } ],
      "editConfirmationStatus" : "NOT_CONFIRMED"
    }
  }, {
    "placeVisit" : {
      "location" : {
        "latitudeE7" : 423916779,
        "longitudeE7" : -711234436,
        "placeId" : "ChIJbwp3IBh344kRzQNj7q9iF9A",
        "address" : "2067 Massachusetts Ave\nCambridge, MA 02140\nUSA",
        "name" : "Industrial Economics Inc",
        "semanticType" : "TYPE_WORK",
        "sourceInfo" : {
          "deviceTag" : 1259109606
        },
        "locationConfidence" : 83.796906
      },
      "duration" : {
        "startTimestampMs" : "1508116961000",
        "endTimestampMs" : "1508117480477"
      },
      "placeConfidence" : "LOW_CONFIDENCE",
      "centerLatE7" : 423915178,
      "centerLngE7" : -711229267,
      "visitConfidence" : 88,
      "otherCandidateLocations" : [ {
        "latitudeE7" : 423915915,
        "longitudeE7" : -711228954,
        "placeId" : "ChIJX9NSiRd344kRsTt3MVJV1Ww",
        "semanticType" : "TYPE_SEARCHED_ADDRESS",
        "locationConfidence" : 11.139167
      }, {
        "latitudeE7" : 423912667,
        "longitudeE7" : -711223355,
        "placeId" : "ChIJHQf38hd344kRvjOHsIxLI3I",
        "name" : "Speedway",
        "locationConfidence" : 1.8569285
      }, {
        "latitudeE7" : 423915031,
        "longitudeE7" : -711229094,
        "placeId" : "ChIJbwp3IBh344kRdTXjvapbc5Y",
        "name" : "Pine Village Preschool",
        "locationConfidence" : 1.1575794
      }, {
        "latitudeE7" : 423915585,
        "longitudeE7" : -711229980,
        "placeId" : "ChIJbwp3IBh344kRE33LPsjOKFI",
        "name" : "Drinkwater's, Cambridge",
        "locationConfidence" : 0.2953139
      }, {
        "latitudeE7" : 423915585,
        "longitudeE7" : -711229980,
        "placeId" : "ChIJoUmyjhd344kRmfXDYTv23O8",
        "name" : "Henderson Carriage Building",
        "locationConfidence" : 0.27239573
      }, {
        "latitudeE7" : 423911640,
        "longitudeE7" : -711232090,
        "placeId" : "ChIJbYJfkBd344kRYYqBwTPOeeM",
        "name" : "Massachusetts Ave @ Walden St",
        "locationConfidence" : 0.12930329
      }, {
        "latitudeE7" : 423915050,
        "longitudeE7" : -711232350,
        "placeId" : "ChIJ76pZjhd344kROeJK3T20YF4",
        "name" : "Massachusetts Ave opp Walden St",
        "locationConfidence" : 0.11219856
      }, {
        "latitudeE7" : 423912635,
        "longitudeE7" : -711235000,
        "placeId" : "ChIJk_Qdmxd344kRfVk6FgMDA44",
        "name" : "Wasabi at Porter",
        "locationConfidence" : 0.104496025
      }, {
        "latitudeE7" : 423905895,
        "longitudeE7" : -711219196,
        "placeId" : "ChIJey2P6Bd344kRovky6mY8_v8",
        "name" : "Cambridge School of Culinary Arts",
        "locationConfidence" : 0.08492222
      } ],
      "editConfirmationStatus" : "NOT_CONFIRMED"
    }
  }, {
    "activitySegment" : {
      "startLocation" : {
        "latitudeE7" : 423900569,
        "longitudeE7" : -711241556
      },
      "endLocation" : {
        "latitudeE7" : 423750102,
        "longitudeE7" : -711389858
      },
      "duration" : {
        "startTimestampMs" : "1508117524666",
        "endTimestampMs" : "1508117918000"
      },
      "distance" : 2465,
      "activityType" : "IN_PASSENGER_VEHICLE",
      "confidence" : "HIGH",
      "activities" : [ {
        "activityType" : "IN_PASSENGER_VEHICLE",
        "probability" : 99.47239882372497
      }, {
        "activityType" : "WALKING",
        "probability" : 0.3721692073147921
      }, {
        "activityType" : "IN_BUS",
        "probability" : 0.0675928884049594
      } ],
      "waypointPath" : {
        "waypoints" : [ {
          "latE7" : 423900794,
          "lngE7" : -711242065
        }, {
          "latE7" : 423750228,
          "lngE7" : -711389770
        } ]
      },
      "editConfirmationStatus" : "NOT_CONFIRMED"
    }
  }, {
    "placeVisit" : {
      "location" : {
        "latitudeE7" : 423916779,
        "longitudeE7" : -711234436,
        "placeId" : "ChIJbwp3IBh344kRzQNj7q9iF9A",
        "address" : "2067 Massachusetts Ave\nCambridge, MA 02140\nUSA",
        "name" : "Industrial Economics Inc",
        "semanticType" : "TYPE_WORK",
        "sourceInfo" : {
          "deviceTag" : 1259109606
        },
        "locationConfidence" : 91.21342
      },
      "duration" : {
        "startTimestampMs" : "1508286367512",
        "endTimestampMs" : "1508286815014"
      },
      "placeConfidence" : "MEDIUM_CONFIDENCE",
      "centerLatE7" : 423912557,
      "centerLngE7" : -711227548,
      "visitConfidence" : 84,
      "otherCandidateLocations" : [ {
        "latitudeE7" : 423912667,
        "longitudeE7" : -711223355,
        "placeId" : "ChIJHQf38hd344kRvjOHsIxLI3I",
        "name" : "Speedway",
        "locationConfidence" : 2.8775668
      }, {
        "latitudeE7" : 423915915,
        "longitudeE7" : -711228954,
        "placeId" : "ChIJX9NSiRd344kRsTt3MVJV1Ww",
        "semanticType" : "TYPE_SEARCHED_ADDRESS",
        "locationConfidence" : 2.5490146
      }, {
        "latitudeE7" : 423911640,
        "longitudeE7" : -711232090,
        "placeId" : "ChIJbYJfkBd344kRYYqBwTPOeeM",
        "name" : "Massachusetts Ave @ Walden St",
        "locationConfidence" : 0.42482758
      }, {
        "latitudeE7" : 423915050,
        "longitudeE7" : -711232350,
        "placeId" : "ChIJ76pZjhd344kROeJK3T20YF4",
        "name" : "Massachusetts Ave opp Walden St",
        "locationConfidence" : 0.36011356
      }, {
        "latitudeE7" : 423915031,
        "longitudeE7" : -711229094,
        "placeId" : "ChIJbwp3IBh344kRdTXjvapbc5Y",
        "name" : "Pine Village Preschool",
        "locationConfidence" : 0.34009588
      }, {
        "latitudeE7" : 423915585,
        "longitudeE7" : -711229980,
        "placeId" : "ChIJoUmyjhd344kRECkz1L0awGo",
        "name" : "TERC",
        "locationConfidence" : 0.33064112
      }, {
        "latitudeE7" : 423915585,
        "longitudeE7" : -711229980,
        "placeId" : "ChIJbwp3IBh344kRE33LPsjOKFI",
        "name" : "Drinkwater's, Cambridge",
        "locationConfidence" : 0.15085146
      }, {
        "latitudeE7" : 423913731,
        "longitudeE7" : -711236372,
        "placeId" : "ChIJ0eckhRd344kRFq0_xrjO1_E",
        "name" : "Redemption Tattoo",
        "locationConfidence" : 0.10769769
      }, {
        "latitudeE7" : 423907696,
        "longitudeE7" : -711223061,
        "placeId" : "ChIJofr26xd344kRb8QQAMzi8_M",
        "name" : "General Optical Co.",
        "locationConfidence" : 0.10414002
      } ],
      "editConfirmationStatus" : "NOT_CONFIRMED"
    }
  }, {
    "activitySegment" : {
      "startLocation" : {
        "latitudeE7" : 423912557,
        "longitudeE7" : -711227548
      },
      "endLocation" : {
        "latitudeE7" : 423406909,
        "longitudeE7" : -711423156
      },
      "duration" : {
        "startTimestampMs" : "1508286815014",
        "endTimestampMs" : "1508627928000"
      },
      "activityType" : "UNKNOWN_ACTIVITY_TYPE",
      "activities" : [ {
        "activityType" : "UNKNOWN_ACTIVITY_TYPE",
        "probability" : 0.0
      } ],
      "simplifiedRawPath" : {
        "points" : [ {
          "latE7" : 423910621,
          "lngE7" : -711221628,
          "timestampMs" : "1508286815014",
          "accuracyMeters" : 10
        } ]
      }
    }
  }, {
    "activitySegment" : {
      "startLocation" : {
        "latitudeE7" : 423406909,
        "longitudeE7" : -711423156
      },
      "endLocation" : {
        "latitudeE7" : 422902840,
        "longitudeE7" : -713353470,
        "placeId" : "ChIJ0edxBFaG44kRM3yGefMZ5JY",
        "address" : "16A Pauline Dr\nNatick, MA 01760\nUSA",
        "name" : "ER Maps",
        "sourceInfo" : {
          "deviceTag" : 1259109606
        },
        "locationConfidence" : 68.48373
      },
      "duration" : {
        "startTimestampMs" : "1508627928000",
        "endTimestampMs" : "1508629450000"
      },
      "activityType" : "IN_PASSENGER_VEHICLE",
      "confidence" : "HIGH",
      "activities" : [ {
        "activityType" : "IN_PASSENGER_VEHICLE",
        "probability" : 98.94000875172961
      }, {
        "activityType" : "WALKING",
        "probability" : 0.49589920061417736
      }, {
        "activityType" : "IN_BUS",
        "probability" : 0.4255751159369811
      } ],
      "waypointPath" : {
        "waypoints" : [ {
          "latE7" : 423406753,
          "lngE7" : -711422653
        }, {
          "latE7" : 422895240,
          "lngE7" : -713363342
        } ]
      },
      "editConfirmationStatus" : "NOT_CONFIRMED"
    }
  }, {
    "placeVisit" : {
      "location" : {
        "latitudeE7" : 422902840,
        "longitudeE7" : -713353470,
        "placeId" : "ChIJ0edxBFaG44kRM3yGefMZ5JY",
        "address" : "16A Pauline Dr\nNatick, MA 01760\nUSA",
        "name" : "ER Maps",
        "sourceInfo" : {
          "deviceTag" : 1259109606
        },
        "locationConfidence" : 68.48373
      },
      "duration" : {
        "startTimestampMs" : "1508629450000",
        "endTimestampMs" : "1508645013000"
      },
      "placeConfidence" : "LOW_CONFIDENCE",
      "centerLatE7" : 422895900,
      "centerLngE7" : -713367650,
      "visitConfidence" : 90,
      "otherCandidateLocations" : [ {
        "latitudeE7" : 422874388,
        "longitudeE7" : -713345757,
        "placeId" : "ChIJZd7QeP-G44kR8AsmF8uhvQY",
        "name" : "US Petroleum",
        "locationConfidence" : 7.598706
      }, {
        "latitudeE7" : 422874670,
        "longitudeE7" : -713351409,
        "placeId" : "ChIJnb7Sf1WG44kRUzDhB7qxmH8",
        "name" : "Hogan Tire & Auto",
        "locationConfidence" : 4.093728
      }, {
        "latitudeE7" : 422883745,
        "longitudeE7" : -713329836,
        "placeId" : "ChIJq6zqPf-G44kRHad8wjhOMNI",
        "name" : "Frescafe Natick",
        "locationConfidence" : 3.6638093
      }, {
        "latitudeE7" : 422880818,
        "longitudeE7" : -713346130,
        "placeId" : "ChIJk8bFcP-G44kRnZVETChbDwY",
        "name" : "Natick Laundry Central",
        "locationConfidence" : 2.3318763
      }, {
        "latitudeE7" : 422901690,
        "longitudeE7" : -713368030,
        "placeId" : "ChIJMSUGdlaG44kRnpf0zimv3iM",
        "locationConfidence" : 1.9385358
      }, {
        "latitudeE7" : 422898776,
        "longitudeE7" : -713385974,
        "placeId" : "ChIJcSD5L1SG44kR05iZ52eSGRs",
        "locationConfidence" : 1.4367113
      }, {
        "latitudeE7" : 422889606,
        "longitudeE7" : -713363771,
        "placeId" : "ChIJj0-X6lWG44kRw_UlgWQdG_k",
        "locationConfidence" : 1.3862447
      }, {
        "latitudeE7" : 422881348,
        "longitudeE7" : -713345378,
        "placeId" : "ChIJ00AMvLKH44kRZ2ZnYCaJ1Yc",
        "name" : "Villari's Martial Arts",
        "locationConfidence" : 1.2466223
      }, {
        "latitudeE7" : 422884330,
        "longitudeE7" : -713371350,
        "placeId" : "ChIJkSuvulWG44kR8sDGJwaPNRg",
        "locationConfidence" : 0.8290809
      } ],
      "editConfirmationStatus" : "NOT_CONFIRMED"
    }
  }, {
    "activitySegment" : {
      "startLocation" : {
        "latitudeE7" : 422902840,
        "longitudeE7" : -713353470
      },
      "endLocation" : {
        "latitudeE7" : 420425072,
        "longitudeE7" : -726249109
      },
      "duration" : {
        "startTimestampMs" : "1508645013000",
        "endTimestampMs" : "1508690643392"
      },
      "distance" : 129365,
      "activityType" : "IN_PASSENGER_VEHICLE",
      "confidence" : "MEDIUM",
      "activities" : [ {
        "activityType" : "IN_PASSENGER_VEHICLE",
        "probability" : 85.25242115067539
      }, {
        "activityType" : "IN_BUS",
        "probability" : 7.143558586154228
      }, {
        "activityType" : "WALKING",
        "probability" : 5.146113352630488
      } ],
      "waypointPath" : {
        "waypoints" : [ {
          "latE7" : 422902450,
          "lngE7" : -713354492
        }, {
          "latE7" : 421200523,
          "lngE7" : -726085586
        }, {
          "latE7" : 420380630,
          "lngE7" : -726163406
        } ]
      },
      "simplifiedRawPath" : {
        "points" : [ {
          "latE7" : 421162459,
          "lngE7" : -726067655,
          "timestampMs" : "1508689233000",
          "accuracyMeters" : 4
        } ]
      },
      "editConfirmationStatus" : "NOT_CONFIRMED",
      "parkingEvent" : {
        "timestampMs" : "1508690643392",
        "location" : {
          "latitudeE7" : 420425072,
          "longitudeE7" : -726249109,
          "accuracyMetres" : 1899
        }
      }
    }
  }, {
    "activitySegment" : {
      "startLocation" : {
        "latitudeE7" : 420425072,
        "longitudeE7" : -726249109
      },
      "endLocation" : {
        "latitudeE7" : 420380013,
        "longitudeE7" : -726154621
      },
      "duration" : {
        "startTimestampMs" : "1508690643392",
        "endTimestampMs" : "1508690911846"
      },
      "distance" : 927,
      "activityType" : "WALKING",
      "confidence" : "MEDIUM",
      "activities" : [ {
        "activityType" : "WALKING",
        "probability" : 85.25242115067539
      }, {
        "activityType" : "IN_BUS",
        "probability" : 7.143558586154228
      }, {
        "activityType" : "IN_PASSENGER_VEHICLE",
        "probability" : 5.146113352630488
      } ],
      "waypointPath" : {
        "waypoints" : [ {
          "latE7" : 422902450,
          "lngE7" : -713354492
        }, {
          "latE7" : 421200523,
          "lngE7" : -726085586
        }, {
          "latE7" : 420380630,
          "lngE7" : -726163406
        } ]
      },
      "editConfirmationStatus" : "NOT_CONFIRMED"
    }
  }, {
    "placeVisit" : {
      "location" : {
        "latitudeE7" : 420380013,
        "longitudeE7" : -726154621,
        "placeId" : "ChIJOSPYtHjk5okRWXXiwLnpST0",
        "address" : "Route 159, 1623\nMain St\nAgawam, MA 01001\nUSA",
        "name" : "Six Flags New England",
        "sourceInfo" : {
          "deviceTag" : 1259109606
        },
        "locationConfidence" : 99.95852
      },
      "duration" : {
        "startTimestampMs" : "1508690911846",
        "endTimestampMs" : "1508691966081"
      },
      "placeConfidence" : "HIGH_CONFIDENCE",
      "centerLatE7" : 420380427,
      "centerLngE7" : -726155673,
      "visitConfidence" : 90,
      "otherCandidateLocations" : [ {
        "latitudeE7" : 420364410,
        "longitudeE7" : -726171130,
        "placeId" : "ChIJO9ojSYfj5okRNfMzRphLWTI",
        "name" : "Ferrentino's Pizzaria & Pub",
        "locationConfidence" : 0.009019757
      }, {
        "latitudeE7" : 420369409,
        "longitudeE7" : -726169587,
        "placeId" : "ChIJy8Nm6YDj5okR6WFgegYt0Cc",
        "name" : "Bobbie J'Z",
        "locationConfidence" : 0.008399894
      }, {
        "latitudeE7" : 420367342,
        "longitudeE7" : -726170110,
        "placeId" : "ChIJr-IcRofj5okRP3Xby1iHYOU",
        "name" : "E-Z Mart",
        "locationConfidence" : 0.0068333936
      }, {
        "latitudeE7" : 420559260,
        "longitudeE7" : -726387700,
        "placeId" : "ChIJNdC2WNrj5okRRxq5sUES_H8",
        "locationConfidence" : 0.0032863456
      }, {
        "latitudeE7" : 420365728,
        "longitudeE7" : -726174915,
        "placeId" : "ChIJOYyu5YDj5okRyNCc2umJm2w",
        "name" : "South Agawam Storage Facility",
        "locationConfidence" : 0.0027632045
      }, {
        "latitudeE7" : 420365728,
        "longitudeE7" : -726174915,
        "placeId" : "ChIJOYyu5YDj5okRqzIC0n1Icpw",
        "name" : "TAUGWANK SPUR CORP",
        "locationConfidence" : 0.0020889086
      }, {
        "latitudeE7" : 420398095,
        "longitudeE7" : -726321171,
        "placeId" : "ChIJsToBX5zj5okRPCbu1b5Wh64",
        "name" : "Worthington Brook",
        "locationConfidence" : 0.0015309768
      }, {
        "latitudeE7" : 420368372,
        "longitudeE7" : -726166570,
        "placeId" : "ChIJb7txRofj5okR1vuj7NDwA4M",
        "name" : "U-Haul Neighborhood Dealer",
        "locationConfidence" : 0.00107578
      }, {
        "latitudeE7" : 420182177,
        "longitudeE7" : -726276825,
        "placeId" : "ChIJkdE-hX7j5okRuGmJBJo-HMQ",
        "name" : "Fourmile Brook",
        "locationConfidence" : 0.0010186641
      } ],
      "editConfirmationStatus" : "NOT_CONFIRMED",
      "simplifiedRawPath" : {
        "points" : [ {
          "latE7" : 420379743,
          "lngE7" : -726165274,
          "timestampMs" : "1508690911846",
          "accuracyMeters" : 77
        }, {
          "latE7" : 420379743,
          "lngE7" : -726165274,
          "timestampMs" : "1508691031915",
          "accuracyMeters" : 20
        }, {
          "latE7" : 420372462,
          "lngE7" : -726151746,
          "timestampMs" : "1508691093186",
          "accuracyMeters" : 50
        }, {
          "latE7" : 420378937,
          "lngE7" : -726156178,
          "timestampMs" : "1508691359457",
          "accuracyMeters" : 28
        }, {
          "latE7" : 420379743,
          "lngE7" : -726165274,
          "timestampMs" : "1508691547736",
          "accuracyMeters" : 64
        }, {
          "latE7" : 420379743,
          "lngE7" : -726165274,
          "timestampMs" : "1508691666781",
          "accuracyMeters" : 64
        }, {
          "latE7" : 420379743,
          "lngE7" : -726165274,
          "timestampMs" : "1508691741823",
          "accuracyMeters" : 64
        }, {
          "latE7" : 420383579,
          "lngE7" : -726145971,
          "timestampMs" : "1508691777758",
          "accuracyMeters" : 50
        } ]
      }
    }
  }, {
    "activitySegment" : {
      "startLocation" : {
        "latitudeE7" : 420367021,
        "longitudeE7" : -726211645
      },
      "endLocation" : {
        "latitudeE7" : 421469477,
        "longitudeE7" : -725493320
      },
      "duration" : {
        "startTimestampMs" : "1508721503000",
        "endTimestampMs" : "1508722698000"
      },
      "distance" : 18180,
      "activityType" : "IN_PASSENGER_VEHICLE",
      "confidence" : "HIGH",
      "activities" : [ {
        "activityType" : "IN_PASSENGER_VEHICLE",
        "probability" : 99.58702969231804
      }, {
        "activityType" : "WALKING",
        "probability" : 0.2714269559698785
      }, {
        "activityType" : "IN_BUS",
        "probability" : 0.0479585256556312
      } ],
      "waypointPath" : {
        "waypoints" : [ {
          "latE7" : 420367012,
          "lngE7" : -726211547
        }, {
          "latE7" : 421469459,
          "lngE7" : -725493545
        } ]
      },
      "editConfirmationStatus" : "NOT_CONFIRMED"
    }
  }, {
    "placeVisit" : {
      "location" : {
        "latitudeE7" : 423345833,
        "longitudeE7" : -711456070,
        "placeId" : "ChIJL6P4T1N444kRUxwGfnTlDvI",
        "address" : "247 Fisher Ave\nBrookline, MA 02445\nUSA",
        "name" : "247 Fisher Ave",
        "semanticType" : "TYPE_HOME",
        "sourceInfo" : {
          "deviceTag" : 1259109606
        },
        "locationConfidence" : 93.522995
      },
      "duration" : {
        "startTimestampMs" : "1508803200000",
        "endTimestampMs" : "1508855426507"
      },
      "placeConfidence" : "HIGH_CONFIDENCE",
      "centerLatE7" : 423344733,
      "centerLngE7" : -711456117,
      "visitConfidence" : 85,
      "otherCandidateLocations" : [ {
        "latitudeE7" : 423350916,
        "longitudeE7" : -711488306,
        "placeId" : "ChIJlzvejVN444kRA845bwOxjVI",
        "name" : "Reservoir - Inbound",
        "locationConfidence" : 1.8016919
      }, {
        "latitudeE7" : 423323150,
        "longitudeE7" : -711467930,
        "placeId" : "ChIJwwDt5VR444kRWF1WfImPQ-M",
        "name" : "Chestnut Hill Ave opp Buckminster Rd",
        "locationConfidence" : 1.1111238
      }, {
        "latitudeE7" : 423359503,
        "longitudeE7" : -711490210,
        "placeId" : "ChIJIyQrulN444kR_XIChsjuFs4",
        "name" : "CVS",
        "locationConfidence" : 0.5091896
      }, {
        "latitudeE7" : 423362355,
        "longitudeE7" : -711450514,
        "placeId" : "ChIJbWiE1VJ444kRAkuB-NQF0co",
        "name" : "Netresults Tennis",
        "locationConfidence" : 0.3446833
      }, {
        "latitudeE7" : 423361155,
        "longitudeE7" : -711456158,
        "placeId" : "ChIJb1MhJlN444kRe-0qa4Ipj_U",
        "name" : "RentViva Apartments for Rent",
        "locationConfidence" : 0.33410433
      }, {
        "latitudeE7" : 423351201,
        "longitudeE7" : -711450939,
        "placeId" : "ChIJcRGiNVN444kRx2TCaPoBYgc",
        "name" : "Abromson Nissman Ltd",
        "locationConfidence" : 0.2886355
      }, {
        "latitudeE7" : 423337611,
        "longitudeE7" : -711453306,
        "placeId" : "ChIJpR-HqVR444kRtez1en3WnXM",
        "name" : "J. Clarke Painting",
        "locationConfidence" : 0.15995742
      }, {
        "latitudeE7" : 423364425,
        "longitudeE7" : -711435818,
        "placeId" : "ChIJx-F9F61544kRQrHqJTEJ8MU",
        "name" : "Jean B. Waldstein Playground",
        "locationConfidence" : 0.15925764
      }, {
        "latitudeE7" : 422384898,
        "longitudeE7" : -712873461,
        "placeId" : "ChIJ63meK7F45IkRRZjNjplVYlo",
        "name" : "Charles River",
        "locationConfidence" : 0.13895527
      } ],
      "editConfirmationStatus" : "NOT_CONFIRMED"
    }
  }, {
    "activitySegment" : {
      "startLocation" : {
        "latitudeE7" : 423341949,
        "longitudeE7" : -711458960
      },
      "endLocation" : {
        "latitudeE7" : 423663168,
        "longitudeE7" : -710904811
      },
      "duration" : {
        "startTimestampMs" : "1508855426507",
        "endTimestampMs" : "1508879900304"
      },
      "distance" : 10669,
      "activityType" : "CYCLING",
      "confidence" : "LOW",
      "activities" : [ {
        "activityType" : "CYCLING",
        "probability" : 51.48917151730855
      }, {
        "activityType" : "WALKING",
        "probability" : 28.06837942728023
      }, {
        "activityType" : "IN_BUS",
        "probability" : 10.742614413609196
      } ],
      "waypointPath" : {
        "waypoints" : [ {
          "latE7" : 423343086,
          "lngE7" : -711457138
        }, {
          "latE7" : 423914260,
          "lngE7" : -711231994
        }, {
          "latE7" : 423910102,
          "lngE7" : -711235504
        }, {
          "latE7" : 423662872,
          "lngE7" : -710903854
        } ]
      },
      "simplifiedRawPath" : {
        "points" : [ {
          "latE7" : 423916893,
          "lngE7" : -711231537,
          "timestampMs" : "1508876017031",
          "accuracyMeters" : 20
        }, {
          "latE7" : 423909492,
          "lngE7" : -711234283,
          "timestampMs" : "1508876074000",
          "accuracyMeters" : 19
        } ]
      },
      "editConfirmationStatus" : "NOT_CONFIRMED"
    }
  }, {
    "activitySegment" : {
      "startLocation" : {
        "latitudeE7" : 423663168,
        "longitudeE7" : -710904811
      },
      "endLocation" : {
        "latitudeE7" : 423345202,
        "longitudeE7" : -711455081
      },
      "duration" : {
        "startTimestampMs" : "1508879900304",
        "endTimestampMs" : "1509056057012"
      },
      "activityType" : "UNKNOWN_ACTIVITY_TYPE",
      "activities" : [ {
        "activityType" : "UNKNOWN_ACTIVITY_TYPE",
        "probability" : 0.0
      } ],
      "simplifiedRawPath" : {
        "points" : [ {
          "latE7" : 423339414,
          "lngE7" : -711450605,
          "timestampMs" : "1509055837872",
          "accuracyMeters" : 50
        }, {
          "latE7" : 423348987,
          "lngE7" : -711455928,
          "timestampMs" : "1509055876631",
          "accuracyMeters" : 96
        }, {
          "latE7" : 423344607,
          "lngE7" : -711454340,
          "timestampMs" : "1509055976867",
          "accuracyMeters" : 41
        } ]
      }
    }
  }, {
    "activitySegment" : {
      "startLocation" : {
        "latitudeE7" : 423345202,
        "longitudeE7" : -711455081
      },
      "endLocation" : {
        "latitudeE7" : 423417865,
        "longitudeE7" : -711417764
      },
      "duration" : {
        "startTimestampMs" : "1509056057012",
        "endTimestampMs" : "1509066235277"
      },
      "distance" : 864,
      "activityType" : "IN_PASSENGER_VEHICLE",
      "confidence" : "LOW",
      "activities" : [ {
        "activityType" : "IN_PASSENGER_VEHICLE",
        "probability" : 56.98463931686219
      }, {
        "activityType" : "WALKING",
        "probability" : 29.28206547671655
      }, {
        "activityType" : "CYCLING",
        "probability" : 7.127721708713826
      } ],
      "waypointPath" : {
        "waypoints" : [ {
          "latE7" : 423343544,
          "lngE7" : -711457672
        }, {
          "latE7" : 423416900,
          "lngE7" : -711418838
        } ]
      },
      "editConfirmationStatus" : "NOT_CONFIRMED"
    }
  }, {
    "placeVisit" : {
      "location" : {
        "latitudeE7" : 423417794,
        "longitudeE7" : -711418329,
        "placeId" : "ChIJh3kynrN544kR3GC549zdfQE",
        "address" : "11 Mt Hood Rd\nBoston, MA 02135\nUSA",
        "name" : "11 Mt Hood Rd",
        "semanticType" : "TYPE_SEARCHED_ADDRESS",
        "sourceInfo" : {
          "deviceTag" : 1259109606
        },
        "locationConfidence" : 84.63656
      },
      "duration" : {
        "startTimestampMs" : "1509066235277",
        "endTimestampMs" : "1509066614000"
      },
      "placeConfidence" : "MEDIUM_CONFIDENCE",
      "centerLatE7" : 423417857,
      "centerLngE7" : -711417138,
      "visitConfidence" : 75,
      "otherCandidateLocations" : [ {
        "latitudeE7" : 423416880,
        "longitudeE7" : -711416888,
        "placeId" : "ChIJeSAKn7N544kRbBdDf6c4sCI",
        "semanticType" : "TYPE_SEARCHED_ADDRESS",
        "locationConfidence" : 7.7617593
      }, {
        "latitudeE7" : 423413675,
        "longitudeE7" : -711414438,
        "placeId" : "ChIJYZ_Io7N544kRw7xOy84UP2g",
        "semanticType" : "TYPE_SEARCHED_ADDRESS",
        "locationConfidence" : 6.645588
      }, {
        "latitudeE7" : 423427971,
        "longitudeE7" : -711404053,
        "placeId" : "ChIJsfKmirN544kRylMgqzh7LRI",
        "name" : "Whole Foods Market",
        "locationConfidence" : 0.32979304
      }, {
        "latitudeE7" : 423416880,
        "longitudeE7" : -711416888,
        "placeId" : "ChIJPUBmdbN544kRO8aVF0QREL0",
        "name" : "Stan Forrest",
        "locationConfidence" : 0.07302071
      }, {
        "latitudeE7" : 423423055,
        "longitudeE7" : -711434896,
        "placeId" : "ChIJCzMxQrN544kRTmONNDsCdI0",
        "name" : "Boston International Academy",
        "locationConfidence" : 0.052447893
      }, {
        "latitudeE7" : 423432520,
        "longitudeE7" : -711427380,
        "placeId" : "ChIJmcUKnLR544kRcX9RHDvEEyo",
        "name" : "Bamboo Thai Restaurant",
        "locationConfidence" : 0.04475031
      }, {
        "latitudeE7" : 423417583,
        "longitudeE7" : -711436661,
        "placeId" : "ChIJJakYOLN544kRo6XTkO8bv48",
        "name" : "Hotel Boston",
        "locationConfidence" : 0.039934337
      }, {
        "latitudeE7" : 423433526,
        "longitudeE7" : -711426453,
        "placeId" : "ChIJSYoDm7R544kRziVGv_pPJuI",
        "name" : "Tasca",
        "locationConfidence" : 0.03375555
      }, {
        "latitudeE7" : 423440825,
        "longitudeE7" : -711425553,
        "placeId" : "ChIJbyh9kbR544kR9T5A86AP4_g",
        "name" : "Washington Street - Inbound",
        "locationConfidence" : 0.03166194
      } ],
      "editConfirmationStatus" : "NOT_CONFIRMED"
    }
  }, {
    "activitySegment" : {
      "startLocation" : {
        "latitudeE7" : 423417857,
        "longitudeE7" : -711417138
      },
      "endLocation" : {
        "latitudeE7" : 423693375,
        "longitudeE7" : -711989626
      },
      "duration" : {
        "startTimestampMs" : "1509066614000",
        "endTimestampMs" : "1509906376000"
      },
      "activityType" : "UNKNOWN_ACTIVITY_TYPE",
      "activities" : [ {
        "activityType" : "UNKNOWN_ACTIVITY_TYPE",
        "probability" : 0.0
      } ],
      "simplifiedRawPath" : {
        "points" : [ {
          "latE7" : 423694175,
          "lngE7" : -711987738,
          "timestampMs" : "1509906154362",
          "accuracyMeters" : 20
        }, {
          "latE7" : 423688754,
          "lngE7" : -711988556,
          "timestampMs" : "1509906346000",
          "accuracyMeters" : 34
        } ]
      }
    }
  } ]
}