{
  "timelineObjects" : [ {
    "activitySegment" : {
      "startLocation" : {
        "latitudeE7" : 423936518,
        "longitudeE7" : -711511226
      },
      "endLocation" : {
        "latitudeE7" : 423433432,
        "longitudeE7" : -711391935
      },
      "duration" : {
        "startTimestampMs" : "1517527006000",
        "endTimestampMs" : "1517528734000"
      },
      "distance" : 9453,
      "activityType" : "IN_PASSENGER_VEHICLE",
      "confidence" : "HIGH",
      "activities" : [ {
        "activityType" : "IN_PASSENGER_VEHICLE",
        "probability" : 97.41376997230984
      }, {
        "activityType" : "WALKING",
        "probability" : 1.6389686908082801
      }, {
        "activityType" : "IN_BUS",
        "probability" : 0.6081321396786394
      } ],
      "waypointPath" : {
        "waypoints" : [ {
          "latE7" : 423934783,
          "lngE7" : -711504058
        }, {
          "latE7" : 423488540,
          "lngE7" : -711406936
        }, {
          "latE7" : 423433570,
          "lngE7" : -711392135
        } ]
      },
      "simplifiedRawPath" : {
        "points" : [ {
          "latE7" : 423488998,
          "lngE7" : -711406511,
          "timestampMs" : "1517528547000",
          "accuracyMeters" : 4
        } ]
      },
      "editConfirmationStatus" : "NOT_CONFIRMED"
    }
  }, {
    "activitySegment" : {
      "startLocation" : {
        "latitudeE7" : 423936518,
        "longitudeE7" : -711511226
      },
      "endLocation" : {
        "latitudeE7" : 423345642,
        "longitudeE7" : -711455917,
        "placeId" : "ChIJL6P4T1N444kRUxwGfnTlDvI",
        "address" : "247 Fisher Ave\nBrookline, MA 02445\nUSA",
        "name" : "247 Fisher Ave",
        "semanticType" : "TYPE_HOME",
        "sourceInfo" : {
          "deviceTag" : 1259109606
        },
        "locationConfidence" : 73.3512
      },
      "duration" : {
        "startTimestampMs" : "1517616000000",
        "endTimestampMs" : "1517623773547"
      },
      "activityType" : "IN_PASSENGER_VEHICLE",
      "confidence" : "HIGH",
      "activities" : [ {
        "activityType" : "IN_PASSENGER_VEHICLE",
        "probability" : 92.47165016890675
      }, {
        "activityType" : "WALKING",
        "probability" : 4.309278125805357
      }, {
        "activityType" : "IN_BUS",
        "probability" : 2.7055103161074805
      } ],
      "waypointPath" : {
        "waypoints" : [ {
          "latE7" : 423934783,
          "lngE7" : -711504058
        }, {
          "latE7" : 423471603,
          "lngE7" : -711033782
        }, {
          "latE7" : 423345031,
          "lngE7" : -711459808
        } ]
      },
      "simplifiedRawPath" : {
        "points" : [ {
          "latE7" : 423471152,
          "lngE7" : -711033538,
          "timestampMs" : "1517622923000",
          "accuracyMeters" : 4
        } ]
      },
      "editConfirmationStatus" : "NOT_CONFIRMED"
    }
  }, {
    "placeVisit" : {
      "location" : {
        "latitudeE7" : 423345642,
        "longitudeE7" : -711455917,
        "placeId" : "ChIJL6P4T1N444kRUxwGfnTlDvI",
        "address" : "247 Fisher Ave\nBrookline, MA 02445\nUSA",
        "name" : "247 Fisher Ave",
        "semanticType" : "TYPE_HOME",
        "sourceInfo" : {
          "deviceTag" : 1259109606
        },
        "locationConfidence" : 73.3512
      },
      "duration" : {
        "startTimestampMs" : "1517623773547",
        "endTimestampMs" : "1517629105587"
      },
      "placeConfidence" : "MEDIUM_CONFIDENCE",
      "centerLatE7" : 423345079,
      "centerLngE7" : -711453779,
      "visitConfidence" : 90,
      "otherCandidateLocations" : [ {
        "latitudeE7" : 423350570,
        "longitudeE7" : -711488775,
        "placeId" : "ChIJlzvejVN444kRA845bwOxjVI",
        "name" : "Reservoir",
        "locationConfidence" : 23.044083
      }, {
        "latitudeE7" : 423359503,
        "longitudeE7" : -711490210,
        "placeId" : "ChIJIyQrulN444kR_XIChsjuFs4",
        "name" : "CVS",
        "locationConfidence" : 0.9489195
      }, {
        "latitudeE7" : 423355121,
        "longitudeE7" : -711484346,
        "placeId" : "ChIJA_JEmFN444kRBFnz8A_7vvo",
        "name" : "Reservoir Carhouse",
        "locationConfidence" : 0.40575358
      }, {
        "latitudeE7" : 423362355,
        "longitudeE7" : -711450514,
        "placeId" : "ChIJbWiE1VJ444kRAkuB-NQF0co",
        "name" : "Netresults Tennis",
        "locationConfidence" : 0.27577516
      }, {
        "latitudeE7" : 423370329,
        "longitudeE7" : -711474046,
        "placeId" : "ChIJ5SE2_FJ444kR0Kww_1Y3fKY",
        "name" : "Galatis C J OD",
        "locationConfidence" : 0.14396556
      }, {
        "latitudeE7" : 423375006,
        "longitudeE7" : -711454988,
        "placeId" : "ChIJa1YD8rF544kRBeFd4UTPfW0",
        "name" : "Chike O. Nwankwo, MD",
        "locationConfidence" : 0.12950751
      }, {
        "latitudeE7" : 423373970,
        "longitudeE7" : -711455075,
        "placeId" : "ChIJ2YppyFJ444kRgN-DPmdikzM",
        "name" : "The Smile Institute",
        "locationConfidence" : 0.10216145
      }, {
        "latitudeE7" : 423368407,
        "longitudeE7" : -711461306,
        "placeId" : "ChIJzWJMyFJ444kRP5zGBQ4oUGI",
        "name" : "Brookline Denture Center",
        "locationConfidence" : 0.08969128
      }, {
        "latitudeE7" : 423375006,
        "longitudeE7" : -711454988,
        "placeId" : "ChIJHW1kyVJ444kRbkG9qC0bGj0",
        "name" : "Brookline Family Chiropractic Center",
        "locationConfidence" : 0.08480726
      } ],
      "editConfirmationStatus" : "NOT_CONFIRMED"
    }
  }, {
    "placeVisit" : {
      "location" : {
        "latitudeE7" : 423345642,
        "longitudeE7" : -711455917,
        "placeId" : "ChIJL6P4T1N444kRUxwGfnTlDvI",
        "address" : "247 Fisher Ave\nBrookline, MA 02445\nUSA",
        "name" : "247 Fisher Ave",
        "semanticType" : "TYPE_HOME",
        "sourceInfo" : {
          "deviceTag" : 1259109606
        },
        "locationConfidence" : 87.21963
      },
      "duration" : {
        "startTimestampMs" : "1517777255246",
        "endTimestampMs" : "1517783894552"
      },
      "placeConfidence" : "MEDIUM_CONFIDENCE",
      "centerLatE7" : 423345230,
      "centerLngE7" : -711455015,
      "visitConfidence" : 77,
      "otherCandidateLocations" : [ {
        "latitudeE7" : 423350570,
        "longitudeE7" : -711488775,
        "placeId" : "ChIJlzvejVN444kRA845bwOxjVI",
        "name" : "Reservoir",
        "locationConfidence" : 10.242317
      }, {
        "latitudeE7" : 423359503,
        "longitudeE7" : -711490210,
        "placeId" : "ChIJIyQrulN444kR_XIChsjuFs4",
        "name" : "CVS",
        "locationConfidence" : 0.428303
      }, {
        "latitudeE7" : 423362355,
        "longitudeE7" : -711450514,
        "placeId" : "ChIJbWiE1VJ444kRAkuB-NQF0co",
        "name" : "Netresults Tennis",
        "locationConfidence" : 0.28337616
      }, {
        "latitudeE7" : 422384898,
        "longitudeE7" : -712873461,
        "placeId" : "ChIJ63meK7F45IkRRZjNjplVYlo",
        "name" : "Charles River",
        "locationConfidence" : 0.12688014
      }, {
        "latitudeE7" : 423368407,
        "longitudeE7" : -711461306,
        "placeId" : "ChIJzWJMyFJ444kRP5zGBQ4oUGI",
        "name" : "Brookline Denture Center",
        "locationConfidence" : 0.11038531
      }, {
        "latitudeE7" : 423370329,
        "longitudeE7" : -711474046,
        "placeId" : "ChIJ5SE2_FJ444kR0Kww_1Y3fKY",
        "name" : "Galatis C J OD",
        "locationConfidence" : 0.10878529
      }, {
        "latitudeE7" : 423375006,
        "longitudeE7" : -711454988,
        "placeId" : "ChIJa1YD8rF544kRBeFd4UTPfW0",
        "name" : "Chike O. Nwankwo, MD",
        "locationConfidence" : 0.10460045
      }, {
        "latitudeE7" : 423373970,
        "longitudeE7" : -711455075,
        "placeId" : "ChIJ2YppyFJ444kRgN-DPmdikzM",
        "name" : "The Smile Institute",
        "locationConfidence" : 0.07479294
      }, {
        "latitudeE7" : 423374816,
        "longitudeE7" : -711455766,
        "placeId" : "ChIJzWJMyFJ444kRyeSzg24LRQY",
        "name" : "Comfort Dental Care of Brookline",
        "locationConfidence" : 0.0722233
      } ],
      "editConfirmationStatus" : "NOT_CONFIRMED"
    }
  }, {
    "activitySegment" : {
      "startLocation" : {
        "latitudeE7" : 423345642,
        "longitudeE7" : -711455917
      },
      "endLocation" : {
        "latitudeE7" : 423358796,
        "longitudeE7" : -711496636
      },
      "duration" : {
        "startTimestampMs" : "1517783894552",
        "endTimestampMs" : "1517784631387"
      },
      "distance" : 570,
      "activityType" : "WALKING",
      "confidence" : "MEDIUM",
      "activities" : [ {
        "activityType" : "WALKING",
        "probability" : 68.17144982419292
      }, {
        "activityType" : "IN_PASSENGER_VEHICLE",
        "probability" : 23.74557150671805
      }, {
        "activityType" : "IN_TRAM",
        "probability" : 3.100610940012278
      } ],
      "waypointPath" : {
        "waypoints" : [ {
          "latE7" : 423343925,
          "lngE7" : -711458129
        }, {
          "latE7" : 423358650,
          "lngE7" : -711497421
        } ]
      },
      "editConfirmationStatus" : "NOT_CONFIRMED"
    }
  }, {
    "activitySegment" : {
      "startLocation" : {
        "latitudeE7" : 423358796,
        "longitudeE7" : -711496636
      },
      "endLocation" : {
        "latitudeE7" : 424555096,
        "longitudeE7" : -711280215
      },
      "duration" : {
        "startTimestampMs" : "1517784631387",
        "endTimestampMs" : "1517786712555"
      },
      "distance" : 15216,
      "activityType" : "IN_PASSENGER_VEHICLE",
      "confidence" : "HIGH",
      "activities" : [ {
        "activityType" : "IN_PASSENGER_VEHICLE",
        "probability" : 94.31087922553972
      }, {
        "activityType" : "IN_BUS",
        "probability" : 2.831754669703096
      }, {
        "activityType" : "WALKING",
        "probability" : 2.2155985214483165
      } ],
      "waypointPath" : {
        "waypoints" : [ {
          "latE7" : 423358650,
          "lngE7" : -711497421
        }, {
          "latE7" : 423538894,
          "lngE7" : -711505126
        }, {
          "latE7" : 423854217,
          "lngE7" : -711412506
        }, {
          "latE7" : 424312705,
          "lngE7" : -711307296
        }, {
          "latE7" : 424526939,
          "lngE7" : -711032714
        } ]
      },
      "simplifiedRawPath" : {
        "points" : [ {
          "latE7" : 423538801,
          "lngE7" : -711505682,
          "timestampMs" : "1517785077050",
          "accuracyMeters" : 23
        } ]
      },
      "editConfirmationStatus" : "NOT_CONFIRMED",
      "parkingEvent" : {
        "timestampMs" : "1517786853184",
        "location" : {
          "latitudeE7" : 424555096,
          "longitudeE7" : -711280215,
          "accuracyMetres" : 20
        }
      }
    }
  }, {
    "placeVisit" : {
      "location" : {
        "latitudeE7" : 424523970,
        "longitudeE7" : -711014455,
        "placeId" : "ChIJ1RRsiI5z44kRUfMgHDQYOBE",
        "address" : "4 Woodland Rd\nStoneham, MA 02180\nUSA",
        "name" : "Middlesex Fells Reservation",
        "sourceInfo" : {
          "deviceTag" : 1259109606
        },
        "locationConfidence" : 93.31419
      },
      "duration" : {
        "startTimestampMs" : "1517786712555",
        "endTimestampMs" : "1517791247445"
      },
      "placeConfidence" : "HIGH_CONFIDENCE",
      "centerLatE7" : 424550039,
      "centerLngE7" : -711280480,
      "visitConfidence" : 92,
      "otherCandidateLocations" : [ {
        "latitudeE7" : 424551550,
        "longitudeE7" : -711284950,
        "placeId" : "ChIJbzWhQjl044kR4E3T8AfjXs8",
        "locationConfidence" : 1.9501982
      }, {
        "latitudeE7" : 424551557,
        "longitudeE7" : -711321051,
        "placeId" : "ChIJD-5iHTp044kRyr2bJBvVNQ4",
        "name" : "St Mary's School",
        "locationConfidence" : 0.64594746
      }, {
        "latitudeE7" : 424551078,
        "longitudeE7" : -711313243,
        "placeId" : "ChIJMf8t9Tl044kR3p61tKEba10",
        "name" : "Costello Funeral Home",
        "locationConfidence" : 0.6084082
      }, {
        "latitudeE7" : 424543501,
        "longitudeE7" : -711317152,
        "placeId" : "ChIJ53ETEDp044kRhiI_upnRIIA",
        "name" : "St Mary's Church",
        "locationConfidence" : 0.5901785
      }, {
        "latitudeE7" : 424565461,
        "longitudeE7" : -711310890,
        "placeId" : "ChIJ8dLZuzl044kRyNnVeTrkR6Q",
        "name" : "Winchester Housing Authority",
        "locationConfidence" : 0.56188726
      }, {
        "latitudeE7" : 424554240,
        "longitudeE7" : -711286720,
        "placeId" : "ChIJj1CHaTl044kRjiquUZeRNQM",
        "locationConfidence" : 0.47508556
      }, {
        "latitudeE7" : 424547563,
        "longitudeE7" : -711238702,
        "placeId" : "ChIJiUWrij5044kRgxMMUA-FgsA",
        "name" : "Long Pond",
        "locationConfidence" : 0.38689712
      }, {
        "latitudeE7" : 424539463,
        "longitudeE7" : -711271660,
        "placeId" : "ChIJM33G-Dt044kRedl5q75t1Ns",
        "name" : "Tri State Fire Protection, LLC.",
        "locationConfidence" : 0.33238924
      }, {
        "latitudeE7" : 424557730,
        "longitudeE7" : -711283870,
        "placeId" : "ChIJb6W7Pzl044kRHDobADswLAw",
        "locationConfidence" : 0.2739954
      } ],
      "editConfirmationStatus" : "NOT_CONFIRMED",
      "simplifiedRawPath" : {
        "points" : [ {
          "latE7" : 424554492,
          "lngE7" : -711279942,
          "timestampMs" : "1517786777296",
          "accuracyMeters" : 21
        }, {
          "latE7" : 424549048,
          "lngE7" : -711280187,
          "timestampMs" : "1517790531000",
          "accuracyMeters" : 19
        } ]
      }
    }
  }, {
    "activitySegment" : {
      "startLocation" : {
        "latitudeE7" : 424550039,
        "longitudeE7" : -711280480
      },
      "endLocation" : {
        "latitudeE7" : 423364031,
        "longitudeE7" : -711493383
      },
      "duration" : {
        "startTimestampMs" : "1517791247445",
        "endTimestampMs" : "1518901049034"
      },
      "activityType" : "UNKNOWN_ACTIVITY_TYPE",
      "activities" : [ {
        "activityType" : "UNKNOWN_ACTIVITY_TYPE",
        "probability" : 0.0
      } ],
      "simplifiedRawPath" : {
        "points" : [ {
          "latE7" : 423360574,
          "lngE7" : -711494374,
          "timestampMs" : "1518900876723",
          "accuracyMeters" : 100
        }, {
          "latE7" : 423365151,
          "lngE7" : -711495339,
          "timestampMs" : "1518900896000",
          "accuracyMeters" : 18
        } ]
      }
    }
  }, {
    "activitySegment" : {
      "startLocation" : {
        "latitudeE7" : 423364031,
        "longitudeE7" : -711493383
      },
      "endLocation" : {
        "latitudeE7" : 423495277,
        "longitudeE7" : -711036250
      },
      "duration" : {
        "startTimestampMs" : "1518901049034",
        "endTimestampMs" : "1518914402173"
      },
      "distance" : 4097,
      "activityType" : "IN_PASSENGER_VEHICLE",
      "confidence" : "MEDIUM",
      "activities" : [ {
        "activityType" : "IN_PASSENGER_VEHICLE",
        "probability" : 67.35992805428333
      }, {
        "activityType" : "IN_TRAM",
        "probability" : 21.073187233589127
      }, {
        "activityType" : "IN_BUS",
        "probability" : 5.683332444419699
      } ],
      "waypointPath" : {
        "waypoints" : [ {
          "latE7" : 423362922,
          "lngE7" : -711493759
        }, {
          "latE7" : 423495483,
          "lngE7" : -711036148
        } ]
      },
      "editConfirmationStatus" : "NOT_CONFIRMED"
    }
  }, {
    "placeVisit" : {
      "location" : {
        "latitudeE7" : 423723950,
        "longitudeE7" : -711214850,
        "placeId" : "ChIJx6Yt_Gd344kRoWELNGLeKDw",
        "address" : "10 Eliot St\nCambridge, MA 02138\nUSA",
        "name" : "Charlie's Kitchen",
        "sourceInfo" : {
          "deviceTag" : 1259109606
        },
        "locationConfidence" : 58.285767
      },
      "duration" : {
        "startTimestampMs" : "1519173820716",
        "endTimestampMs" : "1519174222513"
      },
      "placeConfidence" : "LOW_CONFIDENCE",
      "centerLatE7" : 423718409,
      "centerLngE7" : -711213891,
      "visitConfidence" : 83,
      "otherCandidateLocations" : [ {
        "latitudeE7" : 423770029,
        "longitudeE7" : -711166601,
        "placeId" : "ChIJmQF_fUJ344kR8Cck7lzGN1k",
        "name" : "Harvard University",
        "locationConfidence" : 13.022151
      }, {
        "latitudeE7" : 423725084,
        "longitudeE7" : -711214502,
        "placeId" : "ChIJp5-P_Wd344kRQrQX8rhF_k4",
        "name" : "Falafel Corner",
        "locationConfidence" : 5.426904
      }, {
        "latitudeE7" : 423733705,
        "longitudeE7" : -711189594,
        "placeId" : "ChIJ0WEQ3kJ344kRgqD4jNgR18s",
        "name" : "Harvard",
        "locationConfidence" : 2.1548364
      }, {
        "latitudeE7" : 423735695,
        "longitudeE7" : -711189662,
        "placeId" : "ChIJecplvEJ344kRdjumhjIYylk",
        "name" : "Harvard Square",
        "locationConfidence" : 1.746999
      }, {
        "latitudeE7" : 423740350,
        "longitudeE7" : -711217250,
        "placeId" : "ChIJ8dgtI2h344kRc9M7NMWkCyc",
        "name" : "Anthropologie",
        "locationConfidence" : 0.5105934
      }, {
        "latitudeE7" : 423732280,
        "longitudeE7" : -711200820,
        "placeId" : "ChIJqxwuwEJ344kRGjrkoLrQTSk",
        "name" : "Urban Outfitters",
        "locationConfidence" : 0.4581733
      }, {
        "latitudeE7" : 423735134,
        "longitudeE7" : -711200719,
        "placeId" : "ChIJEXu8lEJ344kRz9wIwUWLa5c",
        "name" : "Harvard Coop",
        "locationConfidence" : 0.4082848
      }, {
        "latitudeE7" : 423719400,
        "longitudeE7" : -711204480,
        "placeId" : "ChIJ6UhsUF1344kRNNJ63jwhtWA",
        "name" : "The Harvard Shop",
        "locationConfidence" : 0.38153663
      }, {
        "latitudeE7" : 423739360,
        "longitudeE7" : -711216140,
        "placeId" : "ChIJyaRIImh344kRvg0DwQdGIr0",
        "name" : "Ann Taylor",
        "locationConfidence" : 0.3611629
      } ],
      "editConfirmationStatus" : "NOT_CONFIRMED"
    }
  }, {
    "placeVisit" : {
      "location" : {
        "latitudeE7" : 423345642,
        "longitudeE7" : -711455917,
        "placeId" : "ChIJL6P4T1N444kRUxwGfnTlDvI",
        "address" : "247 Fisher Ave\nBrookline, MA 02445\nUSA",
        "name" : "247 Fisher Ave",
        "semanticType" : "TYPE_HOME",
        "sourceInfo" : {
          "deviceTag" : 1259109606
        },
        "locationConfidence" : 94.388405
      },
      "duration" : {
        "startTimestampMs" : "1519581394341",
        "endTimestampMs" : "1519584354712"
      },
      "placeConfidence" : "HIGH_CONFIDENCE",
      "centerLatE7" : 423345300,
      "centerLngE7" : -711456421,
      "visitConfidence" : 92,
      "otherCandidateLocations" : [ {
        "latitudeE7" : 423350570,
        "longitudeE7" : -711488775,
        "placeId" : "ChIJlzvejVN444kRA845bwOxjVI",
        "name" : "Reservoir",
        "locationConfidence" : 1.8251232
      }, {
        "latitudeE7" : 423359503,
        "longitudeE7" : -711490210,
        "placeId" : "ChIJIyQrulN444kR_XIChsjuFs4",
        "name" : "CVS",
        "locationConfidence" : 0.884409
      }, {
        "latitudeE7" : 422384898,
        "longitudeE7" : -712873461,
        "placeId" : "ChIJ63meK7F45IkRRZjNjplVYlo",
        "name" : "Charles River",
        "locationConfidence" : 0.2703373
      }, {
        "latitudeE7" : 423343785,
        "longitudeE7" : -711438654,
        "placeId" : "ChIJ2QoTu6x544kRrlA-yAxFtv0",
        "name" : "Dr. Toni S. Greatrex, MD",
        "locationConfidence" : 0.2597142
      }, {
        "latitudeE7" : 423361155,
        "longitudeE7" : -711456158,
        "placeId" : "ChIJb1MhJlN444kRe-0qa4Ipj_U",
        "name" : "RentViva Apartments for Rent",
        "locationConfidence" : 0.24932699
      }, {
        "latitudeE7" : 423333799,
        "longitudeE7" : -711439340,
        "placeId" : "ChIJnWfSW6t544kRiSUmcnpRK8E",
        "name" : "Dr. Kenneth M. Settel, MD",
        "locationConfidence" : 0.18324338
      }, {
        "latitudeE7" : 423341585,
        "longitudeE7" : -711443867,
        "placeId" : "ChIJlVq5r6x544kREkegyJTa4IM",
        "name" : "Linda Fleger-Berman, LICSW",
        "locationConfidence" : 0.17950879
      }, {
        "latitudeE7" : 423373414,
        "longitudeE7" : -711452842,
        "placeId" : "ChIJHW1kyVJ444kRII_yMs-Qyuc",
        "name" : "Nun Samuel MD",
        "locationConfidence" : 0.1357528
      }, {
        "latitudeE7" : 423364425,
        "longitudeE7" : -711435818,
        "placeId" : "ChIJx-F9F61544kRQrHqJTEJ8MU",
        "name" : "Jean B. Waldstein Playground",
        "locationConfidence" : 0.10031941
      } ],
      "editConfirmationStatus" : "NOT_CONFIRMED"
    }
  }, {
    "activitySegment" : {
      "startLocation" : {
        "latitudeE7" : 423345642,
        "longitudeE7" : -711455917
      },
      "endLocation" : {
        "latitudeE7" : 423213351,
        "longitudeE7" : -711759894
      },
      "duration" : {
        "startTimestampMs" : "1519584354712",
        "endTimestampMs" : "1519584963736"
      },
      "distance" : 4156,
      "activityType" : "IN_PASSENGER_VEHICLE",
      "confidence" : "HIGH",
      "activities" : [ {
        "activityType" : "IN_PASSENGER_VEHICLE",
        "probability" : 98.1162129716193
      }, {
        "activityType" : "MOTORCYCLING",
        "probability" : 0.7040885365593887
      }, {
        "activityType" : "WALKING",
        "probability" : 0.5529195551523974
      } ],
      "waypointPath" : {
        "waypoints" : [ {
          "latE7" : 423343925,
          "lngE7" : -711458129
        }, {
          "latE7" : 423267974,
          "lngE7" : -711518096
        }, {
          "latE7" : 423209266,
          "lngE7" : -711759796
        } ]
      },
      "editConfirmationStatus" : "NOT_CONFIRMED",
      "parkingEvent" : {
        "timestampMs" : "1519584963736",
        "location" : {
          "latitudeE7" : 423213351,
          "longitudeE7" : -711759894,
          "accuracyMetres" : 170
        }
      }
    }
  }, {
    "placeVisit" : {
      "location" : {
        "latitudeE7" : 423213351,
        "longitudeE7" : -711759894,
        "placeId" : "ChIJkcWRbZF444kRJUJjXdUFIOw",
        "address" : "199 Boylston St\nChestnut Hill, MA 02467\nUSA",
        "name" : "The Shops at Chestnut Hill",
        "sourceInfo" : {
          "deviceTag" : 1259109606
        },
        "locationConfidence" : 71.64341
      },
      "duration" : {
        "startTimestampMs" : "1519584963736",
        "endTimestampMs" : "1519590448156"
      },
      "placeConfidence" : "MEDIUM_CONFIDENCE",
      "childVisits" : [ {
        "location" : {
          "latitudeE7" : 423213853,
          "longitudeE7" : -711759660,
          "placeId" : "ChIJZQDrFZF444kRuOU6M3KFoqE",
          "address" : "Shops at\n199 Boylston St\nChestnut Hill, MA 02467\nUSA",
          "name" : "Morano Gelato Chestnut Hill",
          "sourceInfo" : {
            "deviceTag" : 1259109606
          },
          "locationConfidence" : 15.079441
        },
        "duration" : {
          "startTimestampMs" : "1519585174133",
          "endTimestampMs" : "1519590101092"
        },
        "placeConfidence" : "LOW_CONFIDENCE",
        "centerLatE7" : 423217838,
        "centerLngE7" : -711760363,
        "visitConfidence" : 95,
        "otherCandidateLocations" : [ {
          "latitudeE7" : 423215744,
          "longitudeE7" : -711759271,
          "placeId" : "ChIJwWXyFZF444kRcm9OqodZU-g",
          "name" : "The Threading Spa",
          "locationConfidence" : 13.936418
        }, {
          "latitudeE7" : 423217610,
          "longitudeE7" : -711761650,
          "placeId" : "ChIJH_R-UgB544kRxKkbDLsiwxk",
          "name" : "Frank Pepe Pizzeria Napoletana",
          "locationConfidence" : 11.468395
        }, {
          "latitudeE7" : 423218272,
          "longitudeE7" : -711758216,
          "placeId" : "ChIJU0t1bZF444kRUNHH1GOncDg",
          "name" : "Tokyo Japanese Steak House",
          "locationConfidence" : 9.706043
        }, {
          "latitudeE7" : 423213351,
          "longitudeE7" : -711759894,
          "placeId" : "ChIJkcWRbZF444kRJUJjXdUFIOw",
          "name" : "The Shops at Chestnut Hill",
          "locationConfidence" : 9.108002
        }, {
          "latitudeE7" : 423213476,
          "longitudeE7" : -711761207,
          "placeId" : "ChIJd40IdPZ444kRMxU3_jCsR5Q",
          "name" : "Gold Elements Spa",
          "locationConfidence" : 2.1604958
        }, {
          "latitudeE7" : 423212471,
          "longitudeE7" : -711761492,
          "placeId" : "ChIJwWXyFZF444kRI6hPM5GUPNo",
          "name" : "Kiehl's Since 1851",
          "locationConfidence" : 1.1555533
        }, {
          "latitudeE7" : 423215136,
          "longitudeE7" : -711757878,
          "placeId" : "ChIJwWXyFZF444kRQTUMCEh-KD0",
          "name" : "Opticians 3",
          "locationConfidence" : 0.76393354
        }, {
          "latitudeE7" : 423214989,
          "longitudeE7" : -711758479,
          "placeId" : "ChIJAQAAbJF444kRQQbEpx5_aGs",
          "name" : "LUSH",
          "locationConfidence" : 0.6723331
        }, {
          "latitudeE7" : 423215354,
          "longitudeE7" : -711761435,
          "placeId" : "ChIJNQDrFZF444kRj9DsqmZnXLE",
          "name" : "Eileen Fisher",
          "locationConfidence" : 0.6292664
        } ],
        "editConfirmationStatus" : "NOT_CONFIRMED"
      } ],
      "centerLatE7" : 423217548,
      "centerLngE7" : -711760259,
      "visitConfidence" : 95,
      "otherCandidateLocations" : [ {
        "latitudeE7" : 423216240,
        "longitudeE7" : -711758710,
        "placeId" : "ChIJj9v0bJF444kRNt8i3xrph2s",
        "name" : "Starbucks",
        "locationConfidence" : 27.957125
      }, {
        "latitudeE7" : 423213853,
        "longitudeE7" : -711759660,
        "placeId" : "ChIJz9WXa5F444kR28cAPh-kifs",
        "locationConfidence" : 0.116859734
      }, {
        "latitudeE7" : 423191343,
        "longitudeE7" : -711756718,
        "placeId" : "ChIJ15DVyJZ444kR0J211XmSfo0",
        "name" : "Chestnut Hill Square",
        "locationConfidence" : 0.09989233
      }, {
        "latitudeE7" : 423232256,
        "longitudeE7" : -711682455,
        "placeId" : "ChIJwQ9rfvJ444kRgR4ioRFQ8cs",
        "name" : "The Street Chestnut Hill",
        "locationConfidence" : 0.05334057
      } ],
      "editConfirmationStatus" : "NOT_CONFIRMED",
      "simplifiedRawPath" : {
        "points" : [ {
          "latE7" : 423213202,
          "lngE7" : -711758491,
          "timestampMs" : "1519584963736",
          "accuracyMeters" : 20
        }, {
          "latE7" : 423214001,
          "lngE7" : -711751490,
          "timestampMs" : "1519585051085",
          "accuracyMeters" : 22
        }, {
          "latE7" : 423218208,
          "lngE7" : -711760510,
          "timestampMs" : "1519585595460",
          "accuracyMeters" : 19
        }, {
          "latE7" : 423218208,
          "lngE7" : -711760510,
          "timestampMs" : "1519585672103",
          "accuracyMeters" : 19
        }, {
          "latE7" : 423218208,
          "lngE7" : -711760510,
          "timestampMs" : "1519585732610",
          "accuracyMeters" : 19
        }, {
          "latE7" : 423218208,
          "lngE7" : -711760510,
          "timestampMs" : "1519585909152",
          "accuracyMeters" : 19
        }, {
          "latE7" : 423218208,
          "lngE7" : -711760510,
          "timestampMs" : "1519585913120",
          "accuracyMeters" : 19
        } ]
      }
    }
  }, {
    "activitySegment" : {
      "startLocation" : {
        "latitudeE7" : 423213351,
        "longitudeE7" : -711759894
      },
      "endLocation" : {
        "latitudeE7" : 423347706,
        "longitudeE7" : -711453303
      },
      "duration" : {
        "startTimestampMs" : "1519590448156",
        "endTimestampMs" : "1519591138442"
      },
      "distance" : 4415,
      "activityType" : "IN_PASSENGER_VEHICLE",
      "confidence" : "HIGH",
      "activities" : [ {
        "activityType" : "IN_PASSENGER_VEHICLE",
        "probability" : 99.04626264893083
      }, {
        "activityType" : "WALKING",
        "probability" : 0.5532915049582112
      }, {
        "activityType" : "IN_BUS",
        "probability" : 0.316161504078888
      } ],
      "waypointPath" : {
        "waypoints" : [ {
          "latE7" : 423209266,
          "lngE7" : -711759796
        }, {
          "latE7" : 423265113,
          "lngE7" : -711485519
        }, {
          "latE7" : 423343925,
          "lngE7" : -711458129
        } ]
      },
      "simplifiedRawPath" : {
        "points" : [ {
          "latE7" : 423289244,
          "lngE7" : -711454450,
          "timestampMs" : "1519591078304",
          "accuracyMeters" : 28
        } ]
      },
      "editConfirmationStatus" : "NOT_CONFIRMED",
      "parkingEvent" : {
        "timestampMs" : "1519591273559",
        "location" : {
          "latitudeE7" : 423347706,
          "longitudeE7" : -711453303,
          "accuracyMetres" : 45
        }
      }
    }
  }, {
    "placeVisit" : {
      "location" : {
        "latitudeE7" : 423345642,
        "longitudeE7" : -711455917,
        "placeId" : "ChIJL6P4T1N444kRUxwGfnTlDvI",
        "address" : "247 Fisher Ave\nBrookline, MA 02445\nUSA",
        "name" : "247 Fisher Ave",
        "semanticType" : "TYPE_HOME",
        "sourceInfo" : {
          "deviceTag" : 1259109606
        },
        "locationConfidence" : 95.13284
      },
      "duration" : {
        "startTimestampMs" : "1519591138442",
        "endTimestampMs" : "1519598542157"
      },
      "placeConfidence" : "HIGH_CONFIDENCE",
      "centerLatE7" : 423345165,
      "centerLngE7" : -711455792,
      "visitConfidence" : 91,
      "otherCandidateLocations" : [ {
        "latitudeE7" : 423350570,
        "longitudeE7" : -711488775,
        "placeId" : "ChIJlzvejVN444kRA845bwOxjVI",
        "name" : "Reservoir",
        "locationConfidence" : 1.7591466
      }, {
        "latitudeE7" : 423359503,
        "longitudeE7" : -711490210,
        "placeId" : "ChIJIyQrulN444kR_XIChsjuFs4",
        "name" : "CVS",
        "locationConfidence" : 0.5892201
      }, {
        "latitudeE7" : 423361155,
        "longitudeE7" : -711456158,
        "placeId" : "ChIJb1MhJlN444kRe-0qa4Ipj_U",
        "name" : "RentViva Apartments for Rent",
        "locationConfidence" : 0.24002385
      }, {
        "latitudeE7" : 423343785,
        "longitudeE7" : -711438654,
        "placeId" : "ChIJ2QoTu6x544kRrlA-yAxFtv0",
        "name" : "Dr. Toni S. Greatrex, MD",
        "locationConfidence" : 0.22462362
      }, {
        "latitudeE7" : 422384898,
        "longitudeE7" : -712873461,
        "placeId" : "ChIJ63meK7F45IkRRZjNjplVYlo",
        "name" : "Charles River",
        "locationConfidence" : 0.21905904
      }, {
        "latitudeE7" : 423341585,
        "longitudeE7" : -711443867,
        "placeId" : "ChIJlVq5r6x544kREkegyJTa4IM",
        "name" : "Linda Fleger-Berman, LICSW",
        "locationConfidence" : 0.15584354
      }, {
        "latitudeE7" : 423333799,
        "longitudeE7" : -711439340,
        "placeId" : "ChIJnWfSW6t544kRiSUmcnpRK8E",
        "name" : "Dr. Kenneth M. Settel, MD",
        "locationConfidence" : 0.15183656
      }, {
        "latitudeE7" : 423366123,
        "longitudeE7" : -711449342,
        "placeId" : "ChIJSdlj0lJ444kR-pICfANtUsk",
        "name" : "Chinese Christian Church of New England",
        "locationConfidence" : 0.13843666
      }, {
        "latitudeE7" : 423373414,
        "longitudeE7" : -711452842,
        "placeId" : "ChIJHW1kyVJ444kRII_yMs-Qyuc",
        "name" : "Nun Samuel MD",
        "locationConfidence" : 0.10389049
      } ],
      "editConfirmationStatus" : "NOT_CONFIRMED"
    }
  }, {
    "activitySegment" : {
      "startLocation" : {
        "latitudeE7" : 423345642,
        "longitudeE7" : -711455917
      },
      "endLocation" : {
        "latitudeE7" : 304472224,
        "longitudeE7" : -911854693
      },
      "duration" : {
        "startTimestampMs" : "1519598542157",
        "endTimestampMs" : "1519770691621"
      },
      "distance" : 2225097,
      "activityType" : "FLYING",
      "confidence" : "LOW",
      "activities" : [ {
        "activityType" : "FLYING",
        "probability" : 43.6000925451462
      }, {
        "activityType" : "IN_PASSENGER_VEHICLE",
        "probability" : 38.97139436415182
      }, {
        "activityType" : "WALKING",
        "probability" : 10.375876550049961
      } ],
      "editConfirmationStatus" : "NOT_CONFIRMED"
    }
  }, {
    "placeVisit" : {
      "location" : {
        "latitudeE7" : 304480610,
        "longitudeE7" : -911879340,
        "placeId" : "ChIJ7Tgx_MOgJoYRdLoP5inHya4",
        "address" : "150 3rd St\nBaton Rouge, LA 70801\nUSA",
        "name" : "WATERMARK Baton Rouge, Autograph Collection",
        "sourceInfo" : {
          "deviceTag" : 1259109606
        },
        "locationConfidence" : 95.3177
      },
      "duration" : {
        "startTimestampMs" : "1519770691621",
        "endTimestampMs" : "1519827748362"
      },
      "placeConfidence" : "HIGH_CONFIDENCE",
      "centerLatE7" : 304482138,
      "centerLngE7" : -911875745,
      "visitConfidence" : 92,
      "otherCandidateLocations" : [ {
        "latitudeE7" : 304480607,
        "longitudeE7" : -911879337,
        "placeId" : "ChIJo10u_MOgJoYR_QqMLgAaLZ4",
        "name" : "The Gregory",
        "locationConfidence" : 0.6352886
      }, {
        "latitudeE7" : 304480655,
        "longitudeE7" : -911892621,
        "placeId" : "ChIJeabTycagJoYRu3PC15a7e98",
        "name" : "PJ's Coffee",
        "locationConfidence" : 0.11569516
      }, {
        "latitudeE7" : 304480607,
        "longitudeE7" : -911879337,
        "placeId" : "ChIJo10u_MOgJoYRaqiLdqf9zXM",
        "name" : "Milford's on Third",
        "locationConfidence" : 0.110831596
      }, {
        "latitudeE7" : 304472803,
        "longitudeE7" : -911880607,
        "placeId" : "ChIJxXgCAsSgJoYRmUJQjnG68pA",
        "name" : "SUBWAY®Restaurants",
        "locationConfidence" : 0.073971905
      } ],
      "editConfirmationStatus" : "NOT_CONFIRMED"
    }
  }, {
    "activitySegment" : {
      "startLocation" : {
        "latitudeE7" : 304480610,
        "longitudeE7" : -911879340
      },
      "endLocation" : {
        "latitudeE7" : 304367078,
        "longitudeE7" : -911887034
      },
      "duration" : {
        "startTimestampMs" : "1519827748362",
        "endTimestampMs" : "1519828341000"
      },
      "distance" : 2145,
      "activityType" : "IN_PASSENGER_VEHICLE",
      "confidence" : "HIGH",
      "activities" : [ {
        "activityType" : "IN_PASSENGER_VEHICLE",
        "probability" : 94.74642157862625
      }, {
        "activityType" : "WALKING",
        "probability" : 2.9342045409984805
      }, {
        "activityType" : "CYCLING",
        "probability" : 1.932812945593847
      } ],
      "waypointPath" : {
        "waypoints" : [ {
          "latE7" : 304482612,
          "lngE7" : -911879425
        }, {
          "latE7" : 304412574,
          "lngE7" : -911883926
        }, {
          "latE7" : 304364776,
          "lngE7" : -911887283
        } ]
      },
      "simplifiedRawPath" : {
        "points" : [ {
          "latE7" : 304398737,
          "lngE7" : -911883544,
          "timestampMs" : "1519828264000",
          "accuracyMeters" : 4
        } ]
      },
      "editConfirmationStatus" : "NOT_CONFIRMED",
      "parkingEvent" : {
        "timestampMs" : "1519828447050",
        "location" : {
          "latitudeE7" : 304367078,
          "longitudeE7" : -911887034,
          "accuracyMetres" : 33
        }
      }
    }
  }, {
    "placeVisit" : {
      "location" : {
        "latitudeE7" : 304359080,
        "longitudeE7" : -911892484,
        "placeId" : "ChIJxaOAssOgJoYR1fmCDCvs9po",
        "address" : "150 Terrace Ave\nBaton Rouge, LA 70802\nUSA",
        "name" : "Coastal Protection and Restoration Authority",
        "sourceInfo" : {
          "deviceTag" : 1259109606
        },
        "locationConfidence" : 88.55139
      },
      "duration" : {
        "startTimestampMs" : "1519828341000",
        "endTimestampMs" : "1519842935000"
      },
      "placeConfidence" : "MEDIUM_CONFIDENCE",
      "centerLatE7" : 304362054,
      "centerLngE7" : -911888523,
      "visitConfidence" : 93,
      "otherCandidateLocations" : [ {
        "latitudeE7" : 304359080,
        "longitudeE7" : -911892484,
        "placeId" : "ChIJ7fWN4MugJoYR12QDR54AYFI",
        "semanticType" : "TYPE_SEARCHED_ADDRESS",
        "locationConfidence" : 10.264953
      }, {
        "latitudeE7" : 304364352,
        "longitudeE7" : -911885043,
        "placeId" : "ChIJQ5MAAcmgJoYR0GzE0t9b2mw",
        "name" : "Mail Operations Office",
        "locationConfidence" : 0.63510126
      }, {
        "latitudeE7" : 304371696,
        "longitudeE7" : -911904868,
        "placeId" : "ChIJwWYEdsmgJoYRHhrwVDJ-bC0",
        "name" : "Waterworking",
        "locationConfidence" : 0.21793993
      }, {
        "latitudeE7" : 304360009,
        "longitudeE7" : -911880965,
        "placeId" : "ChIJ0_nDVcmgJoYRrkBcgaUrF5Y",
        "name" : "Unit Design Inc",
        "locationConfidence" : 0.062915124
      } ],
      "editConfirmationStatus" : "NOT_CONFIRMED"
    }
  }, {
    "activitySegment" : {
      "startLocation" : {
        "latitudeE7" : 304359080,
        "longitudeE7" : -911892484
      },
      "endLocation" : {
        "latitudeE7" : 304474493,
        "longitudeE7" : -911868582
      },
      "duration" : {
        "startTimestampMs" : "1519842935000",
        "endTimestampMs" : "1519843427527"
      },
      "distance" : 2390,
      "activityType" : "IN_PASSENGER_VEHICLE",
      "confidence" : "HIGH",
      "activities" : [ {
        "activityType" : "IN_PASSENGER_VEHICLE",
        "probability" : 98.97945080882774
      }, {
        "activityType" : "WALKING",
        "probability" : 0.6719437460500783
      }, {
        "activityType" : "IN_BUS",
        "probability" : 0.10448773128844988
      } ],
      "waypointPath" : {
        "waypoints" : [ {
          "latE7" : 304358978,
          "lngE7" : -911896209
        }, {
          "latE7" : 304408988,
          "lngE7" : -911874084
        }, {
          "latE7" : 304471912,
          "lngE7" : -911876144
        } ]
      },
      "simplifiedRawPath" : {
        "points" : [ {
          "latE7" : 304430607,
          "lngE7" : -911874606,
          "timestampMs" : "1519843044000",
          "accuracyMeters" : 4
        } ]
      },
      "editConfirmationStatus" : "NOT_CONFIRMED",
      "parkingEvent" : {
        "timestampMs" : "1519843556520",
        "location" : {
          "latitudeE7" : 304474493,
          "longitudeE7" : -911868582,
          "accuracyMetres" : 55
        }
      }
    }
  }, {
    "placeVisit" : {
      "location" : {
        "latitudeE7" : 304473649,
        "longitudeE7" : -911875977,
        "placeId" : "ChIJdTNsBsSgJoYRDDdny-vfBL8",
        "address" : "327 North Blvd\nBaton Rouge, LA 70801\nUSA",
        "name" : "Roly Poly Sandwiches",
        "sourceInfo" : {
          "deviceTag" : 1259109606
        },
        "locationConfidence" : 79.29542
      },
      "duration" : {
        "startTimestampMs" : "1519843427527",
        "endTimestampMs" : "1519845245000"
      },
      "placeConfidence" : "MEDIUM_CONFIDENCE",
      "centerLatE7" : 304471526,
      "centerLngE7" : -911872081,
      "visitConfidence" : 92,
      "otherCandidateLocations" : [ {
        "latitudeE7" : 304480610,
        "longitudeE7" : -911879340,
        "placeId" : "ChIJ7Tgx_MOgJoYRdLoP5inHya4",
        "name" : "Watermark Baton Rouge",
        "locationConfidence" : 6.994101
      }, {
        "latitudeE7" : 304470327,
        "longitudeE7" : -911881826,
        "placeId" : "ChIJv5AkHcSgJoYRedjbHCZm6mU",
        "name" : "North Boulevard Town Square",
        "locationConfidence" : 3.8798974
      }, {
        "latitudeE7" : 304474367,
        "longitudeE7" : -911889332,
        "placeId" : "ChIJeabTycagJoYRMKp-9MO_8Pc",
        "name" : "Tsunami Sushi",
        "locationConfidence" : 0.5515182
      }, {
        "latitudeE7" : 304473066,
        "longitudeE7" : -911876570,
        "placeId" : "ChIJ3VTVBcSgJoYRXEmmk8Hvwes",
        "name" : "The Big Squeezy",
        "locationConfidence" : 0.48042512
      }, {
        "latitudeE7" : 304478691,
        "longitudeE7" : -911883295,
        "placeId" : "ChIJ6-xdVMGgJoYRlAvp5g0Lja0",
        "name" : "Lava Cantina Downtown",
        "locationConfidence" : 0.36913753
      }, {
        "latitudeE7" : 304478210,
        "longitudeE7" : -911879200,
        "placeId" : "ChIJfVVPVcGgJoYRzL1f5L-0PGA",
        "name" : "Happy's Irish Pub",
        "locationConfidence" : 0.26070964
      }, {
        "latitudeE7" : 304480447,
        "longitudeE7" : -911879343,
        "placeId" : "ChIJoZA5_MOgJoYR3UTSCFWi9BU",
        "name" : "IBERIABANK",
        "locationConfidence" : 0.25371882
      }, {
        "latitudeE7" : 304472803,
        "longitudeE7" : -911880607,
        "placeId" : "ChIJxXgCAsSgJoYRmUJQjnG68pA",
        "name" : "SUBWAY®Restaurants",
        "locationConfidence" : 0.2434147
      }, {
        "latitudeE7" : 304472936,
        "longitudeE7" : -911877900,
        "placeId" : "ChIJWSfIDMSgJoYRN-VWnCgaQdo",
        "name" : "Jolie Pearl Oyster Bar",
        "locationConfidence" : 0.19714785
      } ],
      "editConfirmationStatus" : "NOT_CONFIRMED"
    }
  }, {
    "activitySegment" : {
      "startLocation" : {
        "latitudeE7" : 304473649,
        "longitudeE7" : -911875977
      },
      "endLocation" : {
        "latitudeE7" : 304482285,
        "longitudeE7" : -911888484
      },
      "duration" : {
        "startTimestampMs" : "1519845245000",
        "endTimestampMs" : "1519856632000"
      },
      "distance" : 2821,
      "activityType" : "IN_PASSENGER_VEHICLE",
      "confidence" : "HIGH",
      "activities" : [ {
        "activityType" : "IN_PASSENGER_VEHICLE",
        "probability" : 90.51242598479374
      }, {
        "activityType" : "WALKING",
        "probability" : 7.7332839055182845
      }, {
        "activityType" : "IN_BUS",
        "probability" : 0.6931764920387141
      } ],
      "waypointPath" : {
        "waypoints" : [ {
          "latE7" : 304471912,
          "lngE7" : -911876144
        }, {
          "latE7" : 304412574,
          "lngE7" : -911883926
        }, {
          "latE7" : 304362831,
          "lngE7" : -911879425
        }, {
          "latE7" : 304395656,
          "lngE7" : -911865310
        }, {
          "latE7" : 304482612,
          "lngE7" : -911879425
        } ]
      },
      "simplifiedRawPath" : {
        "points" : [ {
          "latE7" : 304405373,
          "lngE7" : -911864102,
          "timestampMs" : "1519856351000",
          "accuracyMeters" : 4
        }, {
          "latE7" : 304428113,
          "lngE7" : -911864412,
          "timestampMs" : "1519856382000",
          "accuracyMeters" : 4
        } ]
      },
      "editConfirmationStatus" : "NOT_CONFIRMED",
      "parkingEvent" : {
        "timestampMs" : "1519856820493",
        "location" : {
          "latitudeE7" : 304482285,
          "longitudeE7" : -911888484,
          "accuracyMetres" : 68
        }
      }
    }
  }, {
    "placeVisit" : {
      "location" : {
        "latitudeE7" : 304480610,
        "longitudeE7" : -911879340,
        "placeId" : "ChIJ7Tgx_MOgJoYRdLoP5inHya4",
        "address" : "150 3rd St\nBaton Rouge, LA 70801\nUSA",
        "name" : "WATERMARK Baton Rouge, Autograph Collection",
        "sourceInfo" : {
          "deviceTag" : 1259109606
        },
        "locationConfidence" : 95.52393
      },
      "duration" : {
        "startTimestampMs" : "1519856632000",
        "endTimestampMs" : "1519913139000"
      },
      "placeConfidence" : "HIGH_CONFIDENCE",
      "centerLatE7" : 304484583,
      "centerLngE7" : -911884763,
      "visitConfidence" : 93,
      "otherCandidateLocations" : [ {
        "latitudeE7" : 304480607,
        "longitudeE7" : -911879337,
        "placeId" : "ChIJo10u_MOgJoYR_QqMLgAaLZ4",
        "name" : "The Gregory",
        "locationConfidence" : 0.6007251
      }, {
        "latitudeE7" : 304478210,
        "longitudeE7" : -911879200,
        "placeId" : "ChIJfVVPVcGgJoYRzL1f5L-0PGA",
        "name" : "Happy's Irish Pub",
        "locationConfidence" : 0.1505508
      }, {
        "latitudeE7" : 304494489,
        "longitudeE7" : -911881505,
        "placeId" : "ChIJNePxYcGgJoYRtovLd84_lVQ",
        "name" : "Raising Cane's Chicken Fingers",
        "locationConfidence" : 0.056180585
      }, {
        "latitudeE7" : 304472936,
        "longitudeE7" : -911877900,
        "placeId" : "ChIJWSfIDMSgJoYRN-VWnCgaQdo",
        "name" : "Jolie Pearl Oyster Bar",
        "locationConfidence" : 0.05080581
      } ],
      "editConfirmationStatus" : "NOT_CONFIRMED"
    }
  } ]
}