{
  "timelineObjects" : [ {
    "activitySegment" : {
      "startLocation" : {
        "latitudeE7" : 422762715,
        "longitudeE7" : -718013159,
        "sourceInfo" : {
          "deviceTag" : 1259109606
        }
      },
      "endLocation" : {
        "latitudeE7" : 422630555,
        "longitudeE7" : -715725251,
        "sourceInfo" : {
          "deviceTag" : 1259109606
        }
      },
      "duration" : {
        "startTimestampMs" : "1533093278000",
        "endTimestampMs" : "1533094572000"
      },
      "distance" : 28067,
      "activityType" : "IN_PASSENGER_VEHICLE",
      "confidence" : "HIGH",
      "activities" : [ {
        "activityType" : "IN_PASSENGER_VEHICLE",
        "probability" : 98.64323443616945
      }, {
        "activityType" : "MOTORCYCLING",
        "probability" : 1.0084695522524496
      }, {
        "activityType" : "WALKING",
        "probability" : 0.26525314494493923
      } ],
      "waypointPath" : {
        "waypoints" : [ {
          "latE7" : 422762794,
          "lngE7" : -718013229
        }, {
          "latE7" : 422516021,
          "lngE7" : -717991409
        }, {
          "latE7" : 422630500,
          "lngE7" : -715725250
        } ]
      },
      "simplifiedRawPath" : {
        "points" : [ {
          "latE7" : 422527791,
          "lngE7" : -717983969,
          "timestampMs" : "1533093611000",
          "accuracyMeters" : 10
        } ]
      },
      "editConfirmationStatus" : "NOT_CONFIRMED"
    }
  }, {
    "activitySegment" : {
      "startLocation" : {
        "latitudeE7" : 422630555,
        "longitudeE7" : -715725251,
        "sourceInfo" : {
          "deviceTag" : 1259109606
        }
      },
      "endLocation" : {
        "latitudeE7" : 423345143,
        "longitudeE7" : -711455483,
        "sourceInfo" : {
          "deviceTag" : 1259109606
        }
      },
      "duration" : {
        "startTimestampMs" : "1533094572000",
        "endTimestampMs" : "1533423660742"
      },
      "activityType" : "UNKNOWN_ACTIVITY_TYPE",
      "activities" : [ {
        "activityType" : "UNKNOWN_ACTIVITY_TYPE",
        "probability" : 0.0
      } ],
      "simplifiedRawPath" : {
        "points" : [ {
          "latE7" : 423417048,
          "lngE7" : -711418772,
          "timestampMs" : "1533251664320",
          "accuracyMeters" : 18
        } ]
      }
    }
  }, {
    "activitySegment" : {
      "startLocation" : {
        "latitudeE7" : 423345143,
        "longitudeE7" : -711455483,
        "sourceInfo" : {
          "deviceTag" : 1259109606
        }
      },
      "endLocation" : {
        "latitudeE7" : 423915978,
        "longitudeE7" : -711231786,
        "sourceInfo" : {
          "deviceTag" : 1259109606
        }
      },
      "duration" : {
        "startTimestampMs" : "1533423660742",
        "endTimestampMs" : "1533571505884"
      },
      "distance" : 6851,
      "activityType" : "IN_PASSENGER_VEHICLE",
      "confidence" : "MEDIUM",
      "activities" : [ {
        "activityType" : "IN_PASSENGER_VEHICLE",
        "probability" : 67.57769124078948
      }, {
        "activityType" : "WALKING",
        "probability" : 17.700421387941418
      }, {
        "activityType" : "CYCLING",
        "probability" : 5.65895785840885
      } ],
      "waypointPath" : {
        "waypoints" : [ {
          "latE7" : 423343658,
          "lngE7" : -711457824
        }, {
          "latE7" : 423370590,
          "lngE7" : -711417007
        }, {
          "latE7" : 423488998,
          "lngE7" : -711297683
        }, {
          "latE7" : 423731613,
          "lngE7" : -711263961
        }, {
          "latE7" : 423914260,
          "lngE7" : -711231994
        } ]
      },
      "editConfirmationStatus" : "NOT_CONFIRMED"
    }
  }, {
    "activitySegment" : {
      "startLocation" : {
        "latitudeE7" : 423915978,
        "longitudeE7" : -711231786,
        "sourceInfo" : {
          "deviceTag" : 1259109606
        }
      },
      "endLocation" : {
        "latitudeE7" : 423344712,
        "longitudeE7" : -711455456
      },
      "duration" : {
        "startTimestampMs" : "1533571505884",
        "endTimestampMs" : "1534101783284"
      },
      "activityType" : "UNKNOWN_ACTIVITY_TYPE",
      "activities" : [ {
        "activityType" : "UNKNOWN_ACTIVITY_TYPE",
        "probability" : 0.0
      } ],
      "simplifiedRawPath" : {
        "points" : [ {
          "latE7" : 423419913,
          "lngE7" : -711421981,
          "timestampMs" : "1533856147940",
          "accuracyMeters" : 16
        }, {
          "latE7" : 424726151,
          "lngE7" : -714390191,
          "timestampMs" : "1533936184000",
          "accuracyMeters" : 10
        }, {
          "latE7" : 424730255,
          "lngE7" : -714404249,
          "timestampMs" : "1533936215000",
          "accuracyMeters" : 10
        }, {
          "latE7" : 423483072,
          "lngE7" : -711293036,
          "timestampMs" : "1534005010799",
          "accuracyMeters" : 32
        }, {
          "latE7" : 423453235,
          "lngE7" : -711271317,
          "timestampMs" : "1534005258248",
          "accuracyMeters" : 31
        }, {
          "latE7" : 423434455,
          "lngE7" : -711239962,
          "timestampMs" : "1534005499409",
          "accuracyMeters" : 23
        } ]
      }
    }
  }, {
    "placeVisit" : {
      "location" : {
        "latitudeE7" : 423343773,
        "longitudeE7" : -711457291,
        "placeId" : "ChIJL6P4T1N444kRUxwGfnTlDvI",
        "address" : "247 Fisher Ave\nBrookline, MA 02445\nUSA",
        "name" : "247 Fisher Ave",
        "semanticType" : "TYPE_HOME",
        "sourceInfo" : {
          "deviceTag" : 1259109606
        },
        "locationConfidence" : 96.029854
      },
      "duration" : {
        "startTimestampMs" : "1534101783284",
        "endTimestampMs" : "1534102128000"
      },
      "placeConfidence" : "HIGH_CONFIDENCE",
      "centerLatE7" : 423344712,
      "centerLngE7" : -711455456,
      "visitConfidence" : 79,
      "otherCandidateLocations" : [ {
        "latitudeE7" : 423350645,
        "longitudeE7" : -711488433,
        "placeId" : "ChIJlzvejVN444kRA845bwOxjVI",
        "name" : "Reservoir",
        "locationConfidence" : 1.9177923
      }, {
        "latitudeE7" : 423359503,
        "longitudeE7" : -711490210,
        "placeId" : "ChIJIyQrulN444kR_XIChsjuFs4",
        "name" : "CVS",
        "locationConfidence" : 1.7446761
      }, {
        "latitudeE7" : 423364425,
        "longitudeE7" : -711435818,
        "placeId" : "ChIJx-F9F61544kRQrHqJTEJ8MU",
        "name" : "Jean B. Waldstein Playground",
        "locationConfidence" : 0.10042064
      }, {
        "latitudeE7" : 423371291,
        "longitudeE7" : -711452620,
        "placeId" : "ChIJazpExVJ444kRkWU-_jWAlZw",
        "name" : "Englewood Avenue",
        "locationConfidence" : 0.07626827
      } ],
      "editConfirmationStatus" : "NOT_CONFIRMED"
    }
  }, {
    "activitySegment" : {
      "startLocation" : {
        "latitudeE7" : 423344712,
        "longitudeE7" : -711455456
      },
      "endLocation" : {
        "latitudeE7" : 423368561,
        "longitudeE7" : -711472111,
        "sourceInfo" : {
          "deviceTag" : 1259109606
        }
      },
      "duration" : {
        "startTimestampMs" : "1534102128000",
        "endTimestampMs" : "1534201711149"
      },
      "activityType" : "UNKNOWN_ACTIVITY_TYPE",
      "activities" : [ {
        "activityType" : "UNKNOWN_ACTIVITY_TYPE",
        "probability" : 0.0
      } ],
      "simplifiedRawPath" : {
        "points" : [ {
          "latE7" : 423378941,
          "lngE7" : -711419579,
          "timestampMs" : "1534102264379",
          "accuracyMeters" : 16
        }, {
          "latE7" : 423420999,
          "lngE7" : -711406674,
          "timestampMs" : "1534102327437",
          "accuracyMeters" : 22
        }, {
          "latE7" : 423435429,
          "lngE7" : -711390978,
          "timestampMs" : "1534102392822",
          "accuracyMeters" : 15
        } ]
      }
    }
  }, {
    "activitySegment" : {
      "startLocation" : {
        "latitudeE7" : 423368561,
        "longitudeE7" : -711472111,
        "sourceInfo" : {
          "deviceTag" : 1259109606
        }
      },
      "endLocation" : {
        "latitudeE7" : 423345955,
        "longitudeE7" : -711456145,
        "sourceInfo" : {
          "deviceTag" : 1259109606
        }
      },
      "duration" : {
        "startTimestampMs" : "1534201711149",
        "endTimestampMs" : "1534201730290"
      },
      "distance" : 283,
      "activityType" : "WALKING",
      "confidence" : "MEDIUM",
      "activities" : [ {
        "activityType" : "WALKING",
        "probability" : 81.16203837331835
      }, {
        "activityType" : "IN_PASSENGER_VEHICLE",
        "probability" : 13.343353689913048
      }, {
        "activityType" : "CYCLING",
        "probability" : 2.3300478985138087
      } ],
      "waypointPath" : {
        "waypoints" : [ {
          "latE7" : 423368644,
          "lngE7" : -711471481
        }, {
          "latE7" : 423352394,
          "lngE7" : -711444396
        }, {
          "latE7" : 423344154,
          "lngE7" : -711458511
        } ]
      },
      "editConfirmationStatus" : "NOT_CONFIRMED"
    }
  }, {
    "placeVisit" : {
      "location" : {
        "latitudeE7" : 423343773,
        "longitudeE7" : -711457291,
        "placeId" : "ChIJL6P4T1N444kRUxwGfnTlDvI",
        "address" : "247 Fisher Ave\nBrookline, MA 02445\nUSA",
        "name" : "247 Fisher Ave",
        "semanticType" : "TYPE_HOME",
        "sourceInfo" : {
          "deviceTag" : 1259109606
        },
        "locationConfidence" : 99.12537
      },
      "duration" : {
        "startTimestampMs" : "1534201730290",
        "endTimestampMs" : "1534206501385"
      },
      "placeConfidence" : "HIGH_CONFIDENCE",
      "centerLatE7" : 423345767,
      "centerLngE7" : -711456367,
      "visitConfidence" : 83,
      "otherCandidateLocations" : [ {
        "latitudeE7" : 423350645,
        "longitudeE7" : -711488433,
        "placeId" : "ChIJlzvejVN444kRA845bwOxjVI",
        "name" : "Reservoir",
        "locationConfidence" : 0.42187467
      }, {
        "latitudeE7" : 423359503,
        "longitudeE7" : -711490210,
        "placeId" : "ChIJIyQrulN444kR_XIChsjuFs4",
        "name" : "CVS",
        "locationConfidence" : 0.28777456
      }, {
        "latitudeE7" : 423364425,
        "longitudeE7" : -711435818,
        "placeId" : "ChIJx-F9F61544kRQrHqJTEJ8MU",
        "name" : "Jean B. Waldstein Playground",
        "locationConfidence" : 0.023473322
      }, {
        "latitudeE7" : 423361155,
        "longitudeE7" : -711456158,
        "placeId" : "ChIJb1MhJlN444kRe-0qa4Ipj_U",
        "name" : "RentViva Apartments for Rent",
        "locationConfidence" : 0.019398218
      } ],
      "editConfirmationStatus" : "NOT_CONFIRMED"
    }
  }, {
    "placeVisit" : {
      "location" : {
        "latitudeE7" : 423641215,
        "longitudeE7" : -711019011,
        "placeId" : "ChIJwZlVC1R344kRFd80FfZkL_4",
        "address" : "512 Massachusetts Ave\nCambridge, MA 02139\nUSA",
        "name" : "The Phoenix Landing",
        "sourceInfo" : {
          "deviceTag" : 1259109606
        },
        "locationConfidence" : 86.915794
      },
      "duration" : {
        "startTimestampMs" : "1534542003995",
        "endTimestampMs" : "1534545597000"
      },
      "placeConfidence" : "MEDIUM_CONFIDENCE",
      "centerLatE7" : 423641353,
      "centerLngE7" : -711019263,
      "visitConfidence" : 93,
      "otherCandidateLocations" : [ {
        "latitudeE7" : 423641548,
        "longitudeE7" : -711019808,
        "placeId" : "ChIJWddoC1R344kRfgdY-9638ow",
        "name" : "Goodwill Store",
        "locationConfidence" : 3.3065863
      }, {
        "latitudeE7" : 423640063,
        "longitudeE7" : -711018061,
        "placeId" : "ChIJ2c38DFR344kRDh6Brkv0A5o",
        "name" : "Viale",
        "locationConfidence" : 2.581828
      }, {
        "latitudeE7" : 423650486,
        "longitudeE7" : -711023407,
        "placeId" : "ChIJwX-L8FN344kR_bY-XGjZDdA",
        "name" : "Bao Nation",
        "locationConfidence" : 0.8838614
      }, {
        "latitudeE7" : 423652486,
        "longitudeE7" : -711036269,
        "placeId" : "ChIJkxpjWlF344kROfFhRDPSWU0",
        "name" : "Central",
        "locationConfidence" : 0.50264394
      } ],
      "editConfirmationStatus" : "NOT_CONFIRMED"
    }
  }, {
    "activitySegment" : {
      "startLocation" : {
        "latitudeE7" : 423643982,
        "longitudeE7" : -711020381,
        "sourceInfo" : {
          "deviceTag" : 1259109606
        }
      },
      "endLocation" : {
        "latitudeE7" : 424022666,
        "longitudeE7" : -711268018,
        "sourceInfo" : {
          "deviceTag" : 1259109606
        }
      },
      "duration" : {
        "startTimestampMs" : "1534545613504",
        "endTimestampMs" : "1534648299593"
      },
      "distance" : 12870,
      "activityType" : "WALKING",
      "confidence" : "LOW",
      "activities" : [ {
        "activityType" : "WALKING",
        "probability" : 42.1923777214049
      }, {
        "activityType" : "IN_PASSENGER_VEHICLE",
        "probability" : 35.96077427479151
      }, {
        "activityType" : "CYCLING",
        "probability" : 7.826754856230009
      } ],
      "waypointPath" : {
        "waypoints" : [ {
          "latE7" : 423644027,
          "lngE7" : -711020355
        }, {
          "latE7" : 423760757,
          "lngE7" : -711174697
        }, {
          "latE7" : 424022827,
          "lngE7" : -711267318
        } ]
      },
      "editConfirmationStatus" : "NOT_CONFIRMED"
    }
  }, {
    "placeVisit" : {
      "location" : {
        "latitudeE7" : 423343773,
        "longitudeE7" : -711457291,
        "placeId" : "ChIJL6P4T1N444kRUxwGfnTlDvI",
        "address" : "247 Fisher Ave\nBrookline, MA 02445\nUSA",
        "name" : "247 Fisher Ave",
        "semanticType" : "TYPE_HOME",
        "sourceInfo" : {
          "deviceTag" : 1259109606
        },
        "locationConfidence" : 96.873085
      },
      "duration" : {
        "startTimestampMs" : "1534859528713",
        "endTimestampMs" : "1534859963170"
      },
      "placeConfidence" : "HIGH_CONFIDENCE",
      "centerLatE7" : 423346073,
      "centerLngE7" : -711456327,
      "visitConfidence" : 84,
      "otherCandidateLocations" : [ {
        "latitudeE7" : 423350645,
        "longitudeE7" : -711488433,
        "placeId" : "ChIJlzvejVN444kRA845bwOxjVI",
        "name" : "Reservoir",
        "locationConfidence" : 1.2941824
      }, {
        "latitudeE7" : 423359503,
        "longitudeE7" : -711490210,
        "placeId" : "ChIJIyQrulN444kR_XIChsjuFs4",
        "name" : "CVS",
        "locationConfidence" : 0.8477247
      }, {
        "latitudeE7" : 423364425,
        "longitudeE7" : -711435818,
        "placeId" : "ChIJx-F9F61544kRQrHqJTEJ8MU",
        "name" : "Jean B. Waldstein Playground",
        "locationConfidence" : 0.23775221
      }, {
        "latitudeE7" : 423371291,
        "longitudeE7" : -711452620,
        "placeId" : "ChIJazpExVJ444kRkWU-_jWAlZw",
        "name" : "Englewood Avenue",
        "locationConfidence" : 0.06967491
      } ],
      "editConfirmationStatus" : "NOT_CONFIRMED"
    }
  }, {
    "activitySegment" : {
      "startLocation" : {
        "latitudeE7" : 423343773,
        "longitudeE7" : -711457291,
        "placeId" : "ChIJL6P4T1N444kRUxwGfnTlDvI",
        "address" : "247 Fisher Ave\nBrookline, MA 02445\nUSA",
        "name" : "247 Fisher Ave",
        "semanticType" : "TYPE_HOME",
        "sourceInfo" : {
          "deviceTag" : 1259109606
        },
        "locationConfidence" : 96.873085
      },
      "endLocation" : {
        "latitudeE7" : 299527333,
        "longitudeE7" : -900712757,
        "sourceInfo" : {
          "deviceTag" : 1259109606
        }
      },
      "duration" : {
        "startTimestampMs" : "1534859963170",
        "endTimestampMs" : "1534860204918"
      },
      "activityType" : "IN_PASSENGER_VEHICLE",
      "confidence" : "LOW",
      "activities" : [ {
        "activityType" : "IN_PASSENGER_VEHICLE",
        "probability" : 40.70618165103672
      }, {
        "activityType" : "FLYING",
        "probability" : 33.53026234528952
      }, {
        "activityType" : "WALKING",
        "probability" : 16.738738975536744
      } ],
      "simplifiedRawPath" : {
        "points" : [ {
          "latE7" : 423420647,
          "lngE7" : -711406472,
          "timestampMs" : "1534860084890",
          "accuracyMeters" : 24
        }, {
          "latE7" : 423428094,
          "lngE7" : -711398827,
          "timestampMs" : "1534860130000",
          "accuracyMeters" : 57
        } ]
      },
      "editConfirmationStatus" : "NOT_CONFIRMED",
      "parkingEvent" : {
        "timestampMs" : "1534860204918",
        "location" : {
          "latitudeE7" : 423463460,
          "longitudeE7" : -711355556,
          "accuracyMetres" : 76
        }
      }
    }
  }, {
    "activitySegment" : {
      "startLocation" : {
        "latitudeE7" : 423463460,
        "longitudeE7" : -711355556,
        "sourceInfo" : {
          "deviceTag" : 1259109606
        }
      },
      "endLocation" : {
        "latitudeE7" : 423652900,
        "longitudeE7" : -710210080,
        "sourceInfo" : {
          "deviceTag" : 1259109606
        }
      },
      "duration" : {
        "startTimestampMs" : "1534860204918",
        "endTimestampMs" : "1534982400000"
      },
      "distance" : 9645,
      "activityType" : "WALKING",
      "confidence" : "LOW",
      "activities" : [ {
        "activityType" : "WALKING",
        "probability" : 35.47912142855001
      }, {
        "activityType" : "IN_PASSENGER_VEHICLE",
        "probability" : 33.68218775795455
      }, {
        "activityType" : "RUNNING",
        "probability" : 8.967986257902297
      } ],
      "waypointPath" : {
        "waypoints" : [ {
          "latE7" : 423463325,
          "lngE7" : -711355438
        }, {
          "latE7" : 407607421,
          "lngE7" : -740034484
        }, {
          "latE7" : 299363880,
          "lngE7" : -900615768
        }, {
          "latE7" : 423652801,
          "lngE7" : -710210189
        } ]
      },
      "editConfirmationStatus" : "NOT_CONFIRMED"
    }
  }, {
    "activitySegment" : {
      "startLocation" : {
        "latitudeE7" : 423652900,
        "longitudeE7" : -710210080,
        "sourceInfo" : {
          "deviceTag" : 1259109606
        }
      },
      "endLocation" : {
        "latitudeE7" : 423345117,
        "longitudeE7" : -711456370,
        "sourceInfo" : {
          "deviceTag" : 1259109606
        }
      },
      "duration" : {
        "startTimestampMs" : "1534995749000",
        "endTimestampMs" : "1535046841547"
      },
      "distance" : 10798,
      "activityType" : "IN_PASSENGER_VEHICLE",
      "confidence" : "MEDIUM",
      "activities" : [ {
        "activityType" : "IN_PASSENGER_VEHICLE",
        "probability" : 61.97283045604573
      }, {
        "activityType" : "WALKING",
        "probability" : 24.679753661775642
      }, {
        "activityType" : "IN_BUS",
        "probability" : 4.5424964953998375
      } ],
      "waypointPath" : {
        "waypoints" : [ {
          "latE7" : 423652915,
          "lngE7" : -710210113
        }, {
          "latE7" : 423650398,
          "lngE7" : -710697174
        }, {
          "latE7" : 423343849,
          "lngE7" : -711458053
        } ]
      },
      "editConfirmationStatus" : "NOT_CONFIRMED"
    }
  }, {
    "activitySegment" : {
      "startLocation" : {
        "latitudeE7" : 423345117,
        "longitudeE7" : -711456370,
        "sourceInfo" : {
          "deviceTag" : 1259109606
        }
      },
      "endLocation" : {
        "latitudeE7" : 423345855,
        "longitudeE7" : -711456556,
        "sourceInfo" : {
          "deviceTag" : 1259109606
        }
      },
      "duration" : {
        "startTimestampMs" : "1535046841547",
        "endTimestampMs" : "1535457840485"
      },
      "activityType" : "UNKNOWN_ACTIVITY_TYPE",
      "activities" : [ {
        "activityType" : "UNKNOWN_ACTIVITY_TYPE",
        "probability" : 0.0
      } ],
      "simplifiedRawPath" : {
        "points" : [ {
          "latE7" : 423365032,
          "lngE7" : -711492058,
          "timestampMs" : "1535236849003",
          "accuracyMeters" : 10
        } ]
      }
    }
  }, {
    "activitySegment" : {
      "startLocation" : {
        "latitudeE7" : 423345855,
        "longitudeE7" : -711456556,
        "sourceInfo" : {
          "deviceTag" : 1259109606
        }
      },
      "endLocation" : {
        "latitudeE7" : 423640331,
        "longitudeE7" : -711285944,
        "sourceInfo" : {
          "deviceTag" : 1259109606
        }
      },
      "duration" : {
        "startTimestampMs" : "1535457840485",
        "endTimestampMs" : "1535492547000"
      },
      "distance" : 10347,
      "activityType" : "IN_PASSENGER_VEHICLE",
      "confidence" : "MEDIUM",
      "activities" : [ {
        "activityType" : "IN_PASSENGER_VEHICLE",
        "probability" : 85.59113688648704
      }, {
        "activityType" : "WALKING",
        "probability" : 7.582942462933322
      }, {
        "activityType" : "IN_BUS",
        "probability" : 4.039880351905248
      } ],
      "waypointPath" : {
        "waypoints" : [ {
          "latE7" : 423344268,
          "lngE7" : -711458663
        }, {
          "latE7" : 423740692,
          "lngE7" : -711359252
        }, {
          "latE7" : 423901596,
          "lngE7" : -711241531
        }, {
          "latE7" : 423724021,
          "lngE7" : -711253967
        }, {
          "latE7" : 423640518,
          "lngE7" : -711286163
        } ]
      },
      "simplifiedRawPath" : {
        "points" : [ {
          "latE7" : 423749103,
          "lngE7" : -711305404,
          "timestampMs" : "1535492305000",
          "accuracyMeters" : 10
        }, {
          "latE7" : 423740185,
          "lngE7" : -711265772,
          "timestampMs" : "1535492367000",
          "accuracyMeters" : 10
        } ]
      },
      "editConfirmationStatus" : "NOT_CONFIRMED"
    }
  }, {
    "activitySegment" : {
      "startLocation" : {
        "latitudeE7" : 423345423,
        "longitudeE7" : -711456066,
        "sourceInfo" : {
          "deviceTag" : 1259109606
        }
      },
      "endLocation" : {
        "latitudeE7" : 423374212,
        "longitudeE7" : -711476482,
        "sourceInfo" : {
          "deviceTag" : 1259109606
        }
      },
      "duration" : {
        "startTimestampMs" : "1535741077810",
        "endTimestampMs" : "1535831484854"
      },
      "distance" : 3982,
      "activityType" : "WALKING",
      "confidence" : "LOW",
      "activities" : [ {
        "activityType" : "WALKING",
        "probability" : 47.68785727066404
      }, {
        "activityType" : "IN_PASSENGER_VEHICLE",
        "probability" : 30.831800997252223
      }, {
        "activityType" : "CYCLING",
        "probability" : 12.176248154878756
      } ],
      "waypointPath" : {
        "waypoints" : [ {
          "latE7" : 423343887,
          "lngE7" : -711458053
        }, {
          "latE7" : 423354301,
          "lngE7" : -711442642
        }, {
          "latE7" : 423374214,
          "lngE7" : -711476516
        } ]
      },
      "editConfirmationStatus" : "NOT_CONFIRMED"
    }
  } ]
}