{
  "timelineObjects" : [ {
    "activitySegment" : {
      "startLocation" : {
        "latitudeE7" : 423344094,
        "longitudeE7" : -711457056,
        "sourceInfo" : {
          "deviceTag" : 1259109606
        }
      },
      "endLocation" : {
        "latitudeE7" : 423527073,
        "longitudeE7" : -711307792,
        "placeId" : "ChIJ2Uvfp8V544kR5MZX6pp4IiM",
        "address" : "116 Brighton Ave\nBoston, MA 02134\nUSA",
        "name" : "The Horse Allston",
        "sourceInfo" : {
          "deviceTag" : 1259109606
        },
        "locationConfidence" : 75.0728
      },
      "duration" : {
        "startTimestampMs" : "1541114891000",
        "endTimestampMs" : "1541115937000"
      },
      "activityType" : "IN_PASSENGER_VEHICLE",
      "confidence" : "LOW",
      "activities" : [ {
        "activityType" : "IN_PASSENGER_VEHICLE",
        "probability" : 44.045435113494584
      }, {
        "activityType" : "IN_BUS",
        "probability" : 37.1192478269801
      }, {
        "activityType" : "WALKING",
        "probability" : 15.095804884261865
      } ],
      "waypointPath" : {
        "waypoints" : [ {
          "latE7" : 423343620,
          "lngE7" : -711457748
        }, {
          "latE7" : 423370590,
          "lngE7" : -711417007
        }, {
          "latE7" : 423527488,
          "lngE7" : -711304779
        } ]
      },
      "simplifiedRawPath" : {
        "points" : [ {
          "latE7" : 423344094,
          "lngE7" : -711457056,
          "timestampMs" : "1541114891000",
          "accuracyMeters" : 3
        } ]
      },
      "parkingEvent" : {
        "timestampMs" : "1541116682228",
        "location" : {
          "latitudeE7" : 423527278,
          "longitudeE7" : -711305150,
          "accuracyMetres" : 131
        }
      }
    }
  }, {
    "placeVisit" : {
      "location" : {
        "latitudeE7" : 423527073,
        "longitudeE7" : -711307792,
        "placeId" : "ChIJ2Uvfp8V544kR5MZX6pp4IiM",
        "address" : "116 Brighton Ave\nBoston, MA 02134\nUSA",
        "name" : "The Horse Allston",
        "sourceInfo" : {
          "deviceTag" : 1259109606
        },
        "locationConfidence" : 75.0728
      },
      "duration" : {
        "startTimestampMs" : "1541115937000",
        "endTimestampMs" : "1541119253000"
      },
      "placeConfidence" : "MEDIUM_CONFIDENCE",
      "centerLatE7" : 423528531,
      "centerLngE7" : -711307969,
      "visitConfidence" : 93,
      "otherCandidateLocations" : [ {
        "latitudeE7" : 423530893,
        "longitudeE7" : -711309331,
        "placeId" : "ChIJE1yxCcV544kRT4VT4R6rHzM",
        "locationConfidence" : 4.0924063
      }, {
        "latitudeE7" : 423531001,
        "longitudeE7" : -711311258,
        "placeId" : "ChIJ9apTCcV544kRKPljhTwfJrM",
        "locationConfidence" : 3.1104991
      }, {
        "latitudeE7" : 423530535,
        "longitudeE7" : -711306455,
        "placeId" : "ChIJ4dgoBsV544kR2DmxeU_uYpU",
        "locationConfidence" : 1.9871719
      }, {
        "latitudeE7" : 423530590,
        "longitudeE7" : -711305100,
        "placeId" : "ChIJ6ZKVBsV544kRUPURUMjsSoU",
        "locationConfidence" : 1.7200651
      }, {
        "latitudeE7" : 423530453,
        "longitudeE7" : -711306110,
        "placeId" : "ChIJ22CwB8V544kRbCCxoqK9_64",
        "locationConfidence" : 1.3021749
      }, {
        "latitudeE7" : 423530180,
        "longitudeE7" : -711303425,
        "placeId" : "ChIJaWDTAMV544kRo0iO7RVV2IY",
        "locationConfidence" : 1.1999762
      }, {
        "latitudeE7" : 423526854,
        "longitudeE7" : -711322361,
        "placeId" : "ChIJebo3m8V544kR1ryP00WJm2I",
        "locationConfidence" : 1.1205235
      }, {
        "latitudeE7" : 423530870,
        "longitudeE7" : -711311700,
        "placeId" : "ChIJqXVhCcV544kRW9_Owqj0_Hg",
        "locationConfidence" : 0.9889791
      }, {
        "latitudeE7" : 423526413,
        "longitudeE7" : -711303394,
        "placeId" : "ChIJQ-aPqcV544kRMPO26R3R9uE",
        "locationConfidence" : 0.7059741
      } ],
      "editConfirmationStatus" : "NOT_CONFIRMED"
    }
  }, {
    "activitySegment" : {
      "startLocation" : {
        "latitudeE7" : 423492255,
        "longitudeE7" : -711315732,
        "sourceInfo" : {
          "deviceTag" : 1259109606
        }
      },
      "endLocation" : {
        "latitudeE7" : 423345871,
        "longitudeE7" : -711456146,
        "sourceInfo" : {
          "deviceTag" : 1259109606
        }
      },
      "duration" : {
        "startTimestampMs" : "1541250727999",
        "endTimestampMs" : "1541251544000"
      },
      "distance" : 2255,
      "activityType" : "IN_PASSENGER_VEHICLE",
      "confidence" : "HIGH",
      "activities" : [ {
        "activityType" : "IN_PASSENGER_VEHICLE",
        "probability" : 95.02794692889366
      }, {
        "activityType" : "WALKING",
        "probability" : 2.051159631508528
      }, {
        "activityType" : "MOTORCYCLING",
        "probability" : 0.8940038228521302
      } ],
      "waypointPath" : {
        "waypoints" : [ {
          "latE7" : 423491973,
          "lngE7" : -711316299
        }, {
          "latE7" : 423378028,
          "lngE7" : -711420059
        }, {
          "latE7" : 423344116,
          "lngE7" : -711458435
        } ]
      },
      "simplifiedRawPath" : {
        "points" : [ {
          "latE7" : 423378371,
          "lngE7" : -711421399,
          "timestampMs" : "1541251248000",
          "accuracyMeters" : 19
        } ]
      },
      "parkingEvent" : {
        "timestampMs" : "1541251651314",
        "location" : {
          "latitudeE7" : 423345900,
          "longitudeE7" : -711458723,
          "accuracyMetres" : 94
        }
      }
    }
  }, {
    "placeVisit" : {
      "location" : {
        "latitudeE7" : 423345561,
        "longitudeE7" : -711456175,
        "placeId" : "ChIJL6P4T1N444kRUxwGfnTlDvI",
        "address" : "247 Fisher Ave\nBrookline, MA 02445\nUSA",
        "name" : "247 Fisher Ave",
        "semanticType" : "TYPE_HOME",
        "sourceInfo" : {
          "deviceTag" : 1259109606
        },
        "locationConfidence" : 91.19564
      },
      "duration" : {
        "startTimestampMs" : "1541251544000",
        "endTimestampMs" : "1541252429000"
      },
      "placeConfidence" : "HIGH_CONFIDENCE",
      "centerLatE7" : 423346067,
      "centerLngE7" : -711459217,
      "visitConfidence" : 86,
      "otherCandidateLocations" : [ {
        "latitudeE7" : 423350645,
        "longitudeE7" : -711488433,
        "placeId" : "ChIJlzvejVN444kRA845bwOxjVI",
        "locationConfidence" : 3.1560824
      }, {
        "latitudeE7" : 423361970,
        "longitudeE7" : -711489856,
        "placeId" : "ChIJkd5gx1N444kRf6sgO6DVYtw",
        "locationConfidence" : 2.277898
      }, {
        "latitudeE7" : 423358684,
        "longitudeE7" : -711489811,
        "placeId" : "ChIJIyQrulN444kR_XIChsjuFs4",
        "locationConfidence" : 1.8982569
      }, {
        "latitudeE7" : 423364425,
        "longitudeE7" : -711435818,
        "placeId" : "ChIJx-F9F61544kRQrHqJTEJ8MU",
        "locationConfidence" : 0.5283697
      } ],
      "editConfirmationStatus" : "NOT_CONFIRMED"
    }
  }, {
    "activitySegment" : {
      "startLocation" : {
        "latitudeE7" : 423344329,
        "longitudeE7" : -711452753,
        "sourceInfo" : {
          "deviceTag" : 1259109606
        }
      },
      "endLocation" : {
        "latitudeE7" : 423377138,
        "longitudeE7" : -711422725,
        "sourceInfo" : {
          "deviceTag" : 1259109606
        }
      },
      "duration" : {
        "startTimestampMs" : "1541354171000",
        "endTimestampMs" : "1541359219709"
      },
      "distance" : 440,
      "activityType" : "WALKING",
      "confidence" : "LOW",
      "activities" : [ {
        "activityType" : "WALKING",
        "probability" : 47.92677966724593
      }, {
        "activityType" : "IN_PASSENGER_VEHICLE",
        "probability" : 39.95632707182345
      }, {
        "activityType" : "IN_TRAM",
        "probability" : 4.237423417237261
      } ],
      "waypointPath" : {
        "waypoints" : [ {
          "latE7" : 423344116,
          "lngE7" : -711450500
        }, {
          "latE7" : 423375587,
          "lngE7" : -711422119
        } ]
      }
    }
  }, {
    "activitySegment" : {
      "startLocation" : {
        "latitudeE7" : 423377138,
        "longitudeE7" : -711422725
      },
      "endLocation" : {
        "latitudeE7" : 423492719,
        "longitudeE7" : -711316908
      },
      "duration" : {
        "startTimestampMs" : "1541359219709",
        "endTimestampMs" : "1541368553000"
      },
      "distance" : 1551,
      "activityType" : "IN_PASSENGER_VEHICLE",
      "confidence" : "LOW",
      "activities" : [ {
        "activityType" : "IN_PASSENGER_VEHICLE",
        "probability" : 43.67662143343784
      }, {
        "activityType" : "WALKING",
        "probability" : 23.566865610857963
      }, {
        "activityType" : "IN_TRAM",
        "probability" : 18.565661391806678
      } ],
      "waypointPath" : {
        "waypoints" : [ {
          "latE7" : 423375930,
          "lngE7" : -711422271
        }, {
          "latE7" : 423286476,
          "lngE7" : -711288528
        } ]
      }
    }
  }, {
    "activitySegment" : {
      "startLocation" : {
        "latitudeE7" : 423343948,
        "longitudeE7" : -711454774,
        "sourceInfo" : {
          "deviceTag" : 1259109606
        }
      },
      "endLocation" : {
        "latitudeE7" : 423934470,
        "longitudeE7" : -711255360,
        "sourceInfo" : {
          "deviceTag" : 1259109606
        }
      },
      "duration" : {
        "startTimestampMs" : "1541548073000",
        "endTimestampMs" : "1541613095243"
      },
      "distance" : 6824,
      "activityType" : "IN_PASSENGER_VEHICLE",
      "confidence" : "MEDIUM",
      "activities" : [ {
        "activityType" : "IN_PASSENGER_VEHICLE",
        "probability" : 65.19911228225519
      }, {
        "activityType" : "WALKING",
        "probability" : 16.77441919440158
      }, {
        "activityType" : "CYCLING",
        "probability" : 5.528169968395109
      } ],
      "waypointPath" : {
        "waypoints" : [ {
          "latE7" : 423342704,
          "lngE7" : -711456756
        }, {
          "latE7" : 423933753,
          "lngE7" : -711256561
        } ]
      }
    }
  }, {
    "activitySegment" : {
      "startLocation" : {
        "latitudeE7" : 423343753,
        "longitudeE7" : -711454156,
        "sourceInfo" : {
          "deviceTag" : 1259109606
        }
      },
      "endLocation" : {
        "latitudeE7" : 423900840,
        "longitudeE7" : -711245501,
        "sourceInfo" : {
          "deviceTag" : 1259109606
        }
      },
      "duration" : {
        "startTimestampMs" : "1541772406748",
        "endTimestampMs" : "1541786857887"
      },
      "distance" : 6937,
      "activityType" : "IN_PASSENGER_VEHICLE",
      "confidence" : "HIGH",
      "activities" : [ {
        "activityType" : "IN_PASSENGER_VEHICLE",
        "probability" : 94.60265010335989
      }, {
        "activityType" : "WALKING",
        "probability" : 2.873981916153726
      }, {
        "activityType" : "IN_BUS",
        "probability" : 1.171729920925907
      } ],
      "waypointPath" : {
        "waypoints" : [ {
          "latE7" : 423342514,
          "lngE7" : -711456527
        }, {
          "latE7" : 423360939,
          "lngE7" : -711509780
        }, {
          "latE7" : 423472824,
          "lngE7" : -711538009
        }, {
          "latE7" : 423738212,
          "lngE7" : -711354980
        }, {
          "latE7" : 423899803,
          "lngE7" : -711242828
        } ]
      },
      "simplifiedRawPath" : {
        "points" : [ {
          "latE7" : 423343753,
          "lngE7" : -711454156,
          "timestampMs" : "1541772406748",
          "accuracyMeters" : 13
        }, {
          "latE7" : 423471354,
          "lngE7" : -711538977,
          "timestampMs" : "1541772684000",
          "accuracyMeters" : 56
        } ]
      },
      "parkingEvent" : {
        "timestampMs" : "1541786857887",
        "location" : {
          "latitudeE7" : 423900840,
          "longitudeE7" : -711245501,
          "accuracyMetres" : 119
        }
      }
    }
  }, {
    "activitySegment" : {
      "startLocation" : {
        "latitudeE7" : 423900840,
        "longitudeE7" : -711245501,
        "sourceInfo" : {
          "deviceTag" : 1259109606
        }
      },
      "endLocation" : {
        "latitudeE7" : 423913596,
        "longitudeE7" : -711242913,
        "sourceInfo" : {
          "deviceTag" : 1259109606
        }
      },
      "duration" : {
        "startTimestampMs" : "1541786857887",
        "endTimestampMs" : "1541800656858"
      },
      "distance" : 336,
      "activityType" : "WALKING",
      "confidence" : "LOW",
      "activities" : [ {
        "activityType" : "WALKING",
        "probability" : 48.02984505170045
      }, {
        "activityType" : "IN_PASSENGER_VEHICLE",
        "probability" : 26.069281801314837
      }, {
        "activityType" : "IN_BUS",
        "probability" : 12.478861877306613
      } ],
      "waypointPath" : {
        "waypoints" : [ {
          "latE7" : 423899803,
          "lngE7" : -711242828
        }, {
          "latE7" : 423912391,
          "lngE7" : -711233749
        }, {
          "latE7" : 423914184,
          "lngE7" : -711243743
        } ]
      },
      "simplifiedRawPath" : {
        "points" : [ {
          "latE7" : 423918930,
          "lngE7" : -711232046,
          "timestampMs" : "1541800654000",
          "accuracyMeters" : 15
        } ]
      }
    }
  }, {
    "activitySegment" : {
      "startLocation" : {
        "latitudeE7" : 423913596,
        "longitudeE7" : -711242913,
        "sourceInfo" : {
          "deviceTag" : 1259109606
        }
      },
      "endLocation" : {
        "latitudeE7" : 388951124,
        "longitudeE7" : -770210034,
        "sourceInfo" : {
          "deviceTag" : 1259109606
        }
      },
      "duration" : {
        "startTimestampMs" : "1541800656858",
        "endTimestampMs" : "1541910999000"
      },
      "distance" : 695751,
      "activityType" : "IN_PASSENGER_VEHICLE",
      "confidence" : "LOW",
      "activities" : [ {
        "activityType" : "IN_PASSENGER_VEHICLE",
        "probability" : 35.527461656501174
      }, {
        "activityType" : "WALKING",
        "probability" : 30.82070966018971
      }, {
        "activityType" : "FLYING",
        "probability" : 24.135148722730662
      } ],
      "waypointPath" : {
        "waypoints" : [ {
          "latE7" : 423914184,
          "lngE7" : -711243743
        }, {
          "latE7" : 397000389,
          "lngE7" : -756105194
        }, {
          "latE7" : 388812828,
          "lngE7" : -770210723
        }, {
          "latE7" : 388918113,
          "lngE7" : -770219039
        }, {
          "latE7" : 388947944,
          "lngE7" : -770210037
        } ]
      },
      "parkingEvent" : {
        "timestampMs" : "1541911156494",
        "location" : {
          "latitudeE7" : 388951124,
          "longitudeE7" : -770210034,
          "accuracyMetres" : 132
        }
      }
    }
  }, {
    "placeVisit" : {
      "location" : {
        "latitudeE7" : 388949657,
        "longitudeE7" : -770217231,
        "placeId" : "ChIJvfdr_Y-3t4kRN-8elI5NN6g",
        "address" : "401 7th St NW\nWashington, DC 20004\nUSA",
        "name" : "Oyamel Cocina Mexicana",
        "sourceInfo" : {
          "deviceTag" : 1259109606
        },
        "locationConfidence" : 39.256893
      },
      "duration" : {
        "startTimestampMs" : "1541910999000",
        "endTimestampMs" : "1541912096836"
      },
      "placeConfidence" : "LOW_CONFIDENCE",
      "centerLatE7" : 388949159,
      "centerLngE7" : -770213729,
      "visitConfidence" : 60,
      "otherCandidateLocations" : [ {
        "latitudeE7" : 388949336,
        "longitudeE7" : -770213034,
        "placeId" : "ChIJJbjP-o-3t4kRpnr_gpNc4pE",
        "locationConfidence" : 15.368705
      }, {
        "latitudeE7" : 388949628,
        "longitudeE7" : -770214407,
        "placeId" : "ChIJ69Kd-4-3t4kRTSjsgW8SBc4",
        "locationConfidence" : 4.661652
      }, {
        "latitudeE7" : 388896198,
        "longitudeE7" : -770229772,
        "placeId" : "ChIJMT3_Wpu3t4kRQScGokyrCDo",
        "locationConfidence" : 4.318229
      }, {
        "latitudeE7" : 388942805,
        "longitudeE7" : -770214384,
        "placeId" : "ChIJ3RwOVoW3t4kRvoEp7i57w0k",
        "locationConfidence" : 3.8307045
      }, {
        "latitudeE7" : 388952155,
        "longitudeE7" : -770217167,
        "placeId" : "ChIJn2gE-zK4t4kRpawAU7MPLIw",
        "locationConfidence" : 1.9575957
      }, {
        "latitudeE7" : 388953386,
        "longitudeE7" : -770220821,
        "placeId" : "ChIJXT01HJC3t4kRp6DX0UqX62M",
        "locationConfidence" : 1.9083712
      }, {
        "latitudeE7" : 388945661,
        "longitudeE7" : -770225318,
        "placeId" : "ChIJdUZLr5q3t4kRa-U_pXUKeFY",
        "locationConfidence" : 1.6630672
      }, {
        "latitudeE7" : 388938998,
        "longitudeE7" : -770222241,
        "placeId" : "ChIJd3PNU4W3t4kR2Zes2KnV7yU",
        "locationConfidence" : 1.3206086
      }, {
        "latitudeE7" : 388954590,
        "longitudeE7" : -770212870,
        "placeId" : "ChIJzc0944-3t4kRxs_ZVvzrSe8",
        "locationConfidence" : 1.0017992
      } ],
      "editConfirmationStatus" : "NOT_CONFIRMED"
    }
  }, {
    "activitySegment" : {
      "startLocation" : {
        "latitudeE7" : 388948941,
        "longitudeE7" : -770214435,
        "sourceInfo" : {
          "deviceTag" : 1259109606
        }
      },
      "endLocation" : {
        "latitudeE7" : 388925590,
        "longitudeE7" : -770229390,
        "sourceInfo" : {
          "deviceTag" : 1259109606
        }
      },
      "duration" : {
        "startTimestampMs" : "1541912096836",
        "endTimestampMs" : "1541970635000"
      },
      "distance" : 1137,
      "activityType" : "WALKING",
      "confidence" : "HIGH",
      "activities" : [ {
        "activityType" : "WALKING",
        "probability" : 88.47110033274154
      }, {
        "activityType" : "IN_SUBWAY",
        "probability" : 4.316150331185006
      }, {
        "activityType" : "IN_PASSENGER_VEHICLE",
        "probability" : 3.0125968105931986
      } ],
      "waypointPath" : {
        "waypoints" : [ {
          "latE7" : 388947944,
          "lngE7" : -770214462
        }, {
          "latE7" : 388935737,
          "lngE7" : -770219039
        }, {
          "latE7" : 388896179,
          "lngE7" : -770231704
        } ]
      },
      "simplifiedRawPath" : {
        "points" : [ {
          "latE7" : 388948941,
          "lngE7" : -770214435,
          "timestampMs" : "1541912096836",
          "accuracyMeters" : 4
        } ]
      }
    }
  }, {
    "placeVisit" : {
      "location" : {
        "latitudeE7" : 388925590,
        "longitudeE7" : -770229390,
        "placeId" : "ChIJ0RS83Jq3t4kR8WZh8VkatRc",
        "address" : "701 Constitution Ave. NW\nWashington, DC 20408\nUSA",
        "name" : "National Archives Museum",
        "sourceInfo" : {
          "deviceTag" : 1259109606
        },
        "locationConfidence" : 38.942497
      },
      "duration" : {
        "startTimestampMs" : "1541970635000",
        "endTimestampMs" : "1541975154000"
      },
      "placeConfidence" : "MEDIUM_CONFIDENCE",
      "centerLatE7" : 388922475,
      "centerLngE7" : -770230950,
      "visitConfidence" : 93,
      "otherCandidateLocations" : [ {
        "latitudeE7" : 388928229,
        "longitudeE7" : -770229648,
        "placeId" : "ChIJ54t1w5q3t4kRakGz4lrizaA",
        "locationConfidence" : 28.24893
      }, {
        "latitudeE7" : 388896198,
        "longitudeE7" : -770229772,
        "placeId" : "ChIJMT3_Wpu3t4kRQScGokyrCDo",
        "locationConfidence" : 25.713573
      }, {
        "latitudeE7" : 388881620,
        "longitudeE7" : -770281188,
        "placeId" : "ChIJmzH8hp63t4kRErwoK7QXavU",
        "locationConfidence" : 0.5282569
      }, {
        "latitudeE7" : 388938998,
        "longitudeE7" : -770222241,
        "placeId" : "ChIJd3PNU4W3t4kR2Zes2KnV7yU",
        "locationConfidence" : 0.4561269
      } ],
      "editConfirmationStatus" : "NOT_CONFIRMED"
    }
  }, {
    "activitySegment" : {
      "startLocation" : {
        "latitudeE7" : 388938998,
        "longitudeE7" : -770222241,
        "sourceInfo" : {
          "deviceTag" : 1259109606
        }
      },
      "endLocation" : {
        "latitudeE7" : 389144820,
        "longitudeE7" : -770217859,
        "sourceInfo" : {
          "deviceTag" : 1259109606
        }
      },
      "duration" : {
        "startTimestampMs" : "1541975154000",
        "endTimestampMs" : "1541978602157"
      },
      "distance" : 2300,
      "activityType" : "IN_SUBWAY",
      "confidence" : "LOW",
      "activities" : [ {
        "activityType" : "IN_SUBWAY",
        "probability" : 48.21133558915495
      }, {
        "activityType" : "WALKING",
        "probability" : 47.087158179053944
      }, {
        "activityType" : "IN_BUS",
        "probability" : 2.044010121722293
      } ],
      "transitPath" : {
        "transitStops" : [ {
          "latitudeE7" : 388938998,
          "longitudeE7" : -770222241,
          "placeId" : "ChIJd3PNU4W3t4kR2Zes2KnV7yU",
          "name" : "Archives-Navy Mem’l-Penn Quarter Station"
        }, {
          "latitudeE7" : 389144820,
          "longitudeE7" : -770217859,
          "placeId" : "ChIJPTyQzO-3t4kR0kcxmpc8Tjk",
          "name" : "Shaw-Howard Univ Station"
        } ],
        "name" : "Yellow",
        "hexRgbColor" : "F2D90F"
      },
      "simplifiedRawPath" : {
        "points" : [ {
          "latE7" : 388922156,
          "lngE7" : -770220001,
          "timestampMs" : "1541975154000",
          "accuracyMeters" : 18
        } ]
      }
    }
  }, {
    "activitySegment" : {
      "startLocation" : {
        "latitudeE7" : 389147149,
        "longitudeE7" : -770284641
      },
      "endLocation" : {
        "latitudeE7" : 389166706,
        "longitudeE7" : -770290262
      },
      "duration" : {
        "startTimestampMs" : "1541978850276",
        "endTimestampMs" : "1541979514374"
      },
      "distance" : 222,
      "activityType" : "WALKING",
      "confidence" : "LOW",
      "activities" : [ {
        "activityType" : "WALKING",
        "probability" : 49.734503735344546
      }, {
        "activityType" : "IN_PASSENGER_VEHICLE",
        "probability" : 26.839617847356234
      }, {
        "activityType" : "CYCLING",
        "probability" : 9.314218472450634
      } ],
      "waypointPath" : {
        "waypoints" : [ {
          "latE7" : 389148445,
          "lngE7" : -770284652
        }, {
          "latE7" : 389165954,
          "lngE7" : -770290298
        } ]
      }
    }
  }, {
    "activitySegment" : {
      "startLocation" : {
        "latitudeE7" : 388812368,
        "longitudeE7" : -770205916,
        "sourceInfo" : {
          "deviceTag" : 1259109606
        }
      },
      "endLocation" : {
        "latitudeE7" : 423345871,
        "longitudeE7" : -711456146,
        "sourceInfo" : {
          "deviceTag" : 1259109606
        }
      },
      "duration" : {
        "startTimestampMs" : "1541979764179",
        "endTimestampMs" : "1542086683000"
      },
      "distance" : 648122,
      "activityType" : "IN_PASSENGER_VEHICLE",
      "confidence" : "LOW",
      "activities" : [ {
        "activityType" : "IN_PASSENGER_VEHICLE",
        "probability" : 45.77444149155085
      }, {
        "activityType" : "FLYING",
        "probability" : 36.577468962831816
      }, {
        "activityType" : "WALKING",
        "probability" : 8.305682197097655
      } ],
      "waypointPath" : {
        "waypoints" : [ {
          "latE7" : 388812828,
          "lngE7" : -770205917
        }, {
          "latE7" : 396949577,
          "lngE7" : -756207885
        }, {
          "latE7" : 423344116,
          "lngE7" : -711458435
        } ]
      },
      "parkingEvent" : {
        "timestampMs" : "1542086530425",
        "location" : {
          "latitudeE7" : 423350340,
          "longitudeE7" : -711442928,
          "accuracyMetres" : 108
        }
      }
    }
  }, {
    "placeVisit" : {
      "location" : {
        "latitudeE7" : 423345561,
        "longitudeE7" : -711456175,
        "placeId" : "ChIJL6P4T1N444kRUxwGfnTlDvI",
        "address" : "247 Fisher Ave\nBrookline, MA 02445\nUSA",
        "name" : "247 Fisher Ave",
        "semanticType" : "TYPE_HOME",
        "sourceInfo" : {
          "deviceTag" : 1259109606
        },
        "locationConfidence" : 95.44658
      },
      "duration" : {
        "startTimestampMs" : "1542086683000",
        "endTimestampMs" : "1542115731000"
      },
      "placeConfidence" : "HIGH_CONFIDENCE",
      "centerLatE7" : 423345237,
      "centerLngE7" : -711456633,
      "visitConfidence" : 76,
      "otherCandidateLocations" : [ {
        "latitudeE7" : 423350395,
        "longitudeE7" : -711487967,
        "placeId" : "ChIJlzvejVN444kRA845bwOxjVI",
        "locationConfidence" : 2.5545592
      }, {
        "latitudeE7" : 423358684,
        "longitudeE7" : -711489811,
        "placeId" : "ChIJIyQrulN444kR_XIChsjuFs4",
        "locationConfidence" : 0.62312126
      }, {
        "latitudeE7" : 423364425,
        "longitudeE7" : -711435818,
        "placeId" : "ChIJx-F9F61544kRQrHqJTEJ8MU",
        "locationConfidence" : 0.34669912
      }, {
        "latitudeE7" : 423371332,
        "longitudeE7" : -711452592,
        "placeId" : "ChIJazpExVJ444kRkWU-_jWAlZw",
        "locationConfidence" : 0.19021393
      } ],
      "editConfirmationStatus" : "NOT_CONFIRMED"
    }
  }, {
    "activitySegment" : {
      "startLocation" : {
        "latitudeE7" : 423881754,
        "longitudeE7" : -711196028,
        "sourceInfo" : {
          "deviceTag" : 1259109606
        }
      },
      "endLocation" : {
        "latitudeE7" : 423769045,
        "longitudeE7" : -711370986,
        "sourceInfo" : {
          "deviceTag" : 1259109606
        }
      },
      "duration" : {
        "startTimestampMs" : "1542115731000",
        "endTimestampMs" : "1542155314000"
      },
      "distance" : 2281,
      "activityType" : "IN_PASSENGER_VEHICLE",
      "confidence" : "HIGH",
      "activities" : [ {
        "activityType" : "IN_PASSENGER_VEHICLE",
        "probability" : 94.68993502595153
      }, {
        "activityType" : "IN_BUS",
        "probability" : 2.673248178102175
      }, {
        "activityType" : "WALKING",
        "probability" : 1.3248637648741926
      } ],
      "waypointPath" : {
        "waypoints" : [ {
          "latE7" : 423344230,
          "lngE7" : -711458587
        }, {
          "latE7" : 423890304,
          "lngE7" : -711196594
        }, {
          "latE7" : 423837814,
          "lngE7" : -711294097
        }, {
          "latE7" : 423768463,
          "lngE7" : -711370849
        } ]
      },
      "simplifiedRawPath" : {
        "points" : [ {
          "latE7" : 423890038,
          "lngE7" : -711194305,
          "timestampMs" : "1542154980000",
          "accuracyMeters" : 15
        }, {
          "latE7" : 423838081,
          "lngE7" : -711294556,
          "timestampMs" : "1542155176000",
          "accuracyMeters" : 4
        } ]
      }
    }
  }, {
    "placeVisit" : {
      "location" : {
        "latitudeE7" : 423493277,
        "longitudeE7" : -711313670,
        "placeId" : "ChIJLasXQMZ544kR_hbUBzPQOB0",
        "address" : "8 Royce Rd\nAllston, MA 02134\nUSA",
        "name" : "8 Royce Rd",
        "sourceInfo" : {
          "deviceTag" : 1259109606
        },
        "locationConfidence" : 81.21138
      },
      "duration" : {
        "startTimestampMs" : "1542572648000",
        "endTimestampMs" : "1542631697000"
      },
      "placeConfidence" : "HIGH_CONFIDENCE",
      "centerLatE7" : 423494950,
      "centerLngE7" : -711318300,
      "visitConfidence" : 89,
      "otherCandidateLocations" : [ {
        "latitudeE7" : 423494917,
        "longitudeE7" : -711306939,
        "placeId" : "ChIJWcBIb8Z544kRRU4uEoeI4qU",
        "semanticType" : "TYPE_SEARCHED_ADDRESS",
        "locationConfidence" : 3.5771294
      }, {
        "latitudeE7" : 423527073,
        "longitudeE7" : -711307792,
        "placeId" : "ChIJ2Uvfp8V544kR5MZX6pp4IiM",
        "locationConfidence" : 3.1177976
      }, {
        "latitudeE7" : 423496665,
        "longitudeE7" : -711331486,
        "placeId" : "ChIJ7YVnn8h544kRfiv1BvK0xAA",
        "locationConfidence" : 1.2457132
      }, {
        "latitudeE7" : 423504050,
        "longitudeE7" : -711319820,
        "placeId" : "ChIJ3ZkcDMZ544kRRxpBByRvkhU",
        "locationConfidence" : 0.90640306
      }, {
        "latitudeE7" : 423501671,
        "longitudeE7" : -711321269,
        "placeId" : "ChIJgw3WEcZ544kRl1OnDzjRFns",
        "locationConfidence" : 0.6168966
      }, {
        "latitudeE7" : 423500363,
        "longitudeE7" : -711305901,
        "placeId" : "ChIJKQ4eesZ544kRkbWbMSCAFDM",
        "locationConfidence" : 0.59907657
      }, {
        "latitudeE7" : 423486375,
        "longitudeE7" : -711297979,
        "placeId" : "ChIJFTf-9sZ544kRPsixxFnWVx0",
        "semanticType" : "TYPE_SEARCHED_ADDRESS",
        "locationConfidence" : 0.46215093
      }, {
        "latitudeE7" : 423506500,
        "longitudeE7" : -711305920,
        "placeId" : "ChIJCweddMZ544kRF27zDWwm29w",
        "locationConfidence" : 0.45138147
      } ],
      "editConfirmationStatus" : "NOT_CONFIRMED"
    }
  }, {
    "activitySegment" : {
      "startLocation" : {
        "latitudeE7" : 423500416,
        "longitudeE7" : -711310441,
        "sourceInfo" : {
          "deviceTag" : 1259109606
        }
      },
      "endLocation" : {
        "latitudeE7" : 423391075,
        "longitudeE7" : -711425584,
        "sourceInfo" : {
          "deviceTag" : 1259109606
        }
      },
      "duration" : {
        "startTimestampMs" : "1542805421000",
        "endTimestampMs" : "1542805738000"
      },
      "distance" : 1540,
      "activityType" : "IN_PASSENGER_VEHICLE",
      "confidence" : "HIGH",
      "activities" : [ {
        "activityType" : "IN_PASSENGER_VEHICLE",
        "probability" : 91.47936691156518
      }, {
        "activityType" : "IN_BUS",
        "probability" : 5.4348772153349705
      }, {
        "activityType" : "WALKING",
        "probability" : 1.6797059545588875
      } ],
      "waypointPath" : {
        "waypoints" : [ {
          "latE7" : 423500671,
          "lngE7" : -711310653
        }, {
          "latE7" : 423391189,
          "lngE7" : -711424789
        } ]
      }
    }
  }, {
    "activitySegment" : {
      "startLocation" : {
        "latitudeE7" : 413044180,
        "longitudeE7" : -729216906,
        "sourceInfo" : {
          "deviceTag" : 1259109606
        }
      },
      "endLocation" : {
        "latitudeE7" : 423353585,
        "longitudeE7" : -711474869,
        "sourceInfo" : {
          "deviceTag" : 1259109606
        }
      },
      "duration" : {
        "startTimestampMs" : "1543087503000",
        "endTimestampMs" : "1543105082000"
      },
      "distance" : 187880,
      "activityType" : "IN_BUS",
      "confidence" : "LOW",
      "activities" : [ {
        "activityType" : "IN_BUS",
        "probability" : 44.294180019893595
      }, {
        "activityType" : "IN_PASSENGER_VEHICLE",
        "probability" : 19.925827661105163
      }, {
        "activityType" : "IN_TRAIN",
        "probability" : 16.635956096161276
      } ],
      "simplifiedRawPath" : {
        "points" : [ {
          "latE7" : 413049053,
          "lngE7" : -729230036,
          "timestampMs" : "1543087521000",
          "accuracyMeters" : 25
        }, {
          "latE7" : 413002788,
          "lngE7" : -729247897,
          "timestampMs" : "1543087608000",
          "accuracyMeters" : 6
        }, {
          "latE7" : 412995751,
          "lngE7" : -729254616,
          "timestampMs" : "1543087627000",
          "accuracyMeters" : 4
        } ]
      }
    }
  }, {
    "activitySegment" : {
      "startLocation" : {
        "latitudeE7" : 423361430,
        "longitudeE7" : -711489036,
        "sourceInfo" : {
          "deviceTag" : 1259109606
        }
      },
      "endLocation" : {
        "latitudeE7" : 423344844,
        "longitudeE7" : -711459085,
        "sourceInfo" : {
          "deviceTag" : 1259109606
        }
      },
      "duration" : {
        "startTimestampMs" : "1543105082000",
        "endTimestampMs" : "1543154691656"
      },
      "distance" : 307,
      "activityType" : "WALKING",
      "confidence" : "LOW",
      "activities" : [ {
        "activityType" : "WALKING",
        "probability" : 56.35672398251754
      }, {
        "activityType" : "IN_PASSENGER_VEHICLE",
        "probability" : 25.61798134414572
      }, {
        "activityType" : "CYCLING",
        "probability" : 6.830577024326222
      } ],
      "waypointPath" : {
        "waypoints" : [ {
          "latE7" : 423361244,
          "lngE7" : -711488952
        }, {
          "latE7" : 423355140,
          "lngE7" : -711503143
        }, {
          "latE7" : 423344726,
          "lngE7" : -711459274
        } ]
      },
      "simplifiedRawPath" : {
        "points" : [ {
          "latE7" : 423361430,
          "lngE7" : -711489036,
          "timestampMs" : "1543105082000",
          "accuracyMeters" : 21
        } ]
      }
    }
  }, {
    "placeVisit" : {
      "location" : {
        "latitudeE7" : 423345561,
        "longitudeE7" : -711456175,
        "placeId" : "ChIJL6P4T1N444kRUxwGfnTlDvI",
        "address" : "247 Fisher Ave\nBrookline, MA 02445\nUSA",
        "name" : "247 Fisher Ave",
        "semanticType" : "TYPE_HOME",
        "sourceInfo" : {
          "deviceTag" : 1259109606
        },
        "locationConfidence" : 91.14672
      },
      "duration" : {
        "startTimestampMs" : "1543155389000",
        "endTimestampMs" : "1543156469000"
      },
      "placeConfidence" : "HIGH_CONFIDENCE",
      "centerLatE7" : 423344700,
      "centerLngE7" : -711458900,
      "visitConfidence" : 89,
      "otherCandidateLocations" : [ {
        "latitudeE7" : 423350395,
        "longitudeE7" : -711487967,
        "placeId" : "ChIJlzvejVN444kRA845bwOxjVI",
        "locationConfidence" : 4.872439
      }, {
        "latitudeE7" : 423358684,
        "longitudeE7" : -711489811,
        "placeId" : "ChIJIyQrulN444kR_XIChsjuFs4",
        "locationConfidence" : 1.9532101
      }, {
        "latitudeE7" : 423371332,
        "longitudeE7" : -711452592,
        "placeId" : "ChIJazpExVJ444kRkWU-_jWAlZw",
        "locationConfidence" : 0.8615479
      }, {
        "latitudeE7" : 423364425,
        "longitudeE7" : -711435818,
        "placeId" : "ChIJx-F9F61544kRQrHqJTEJ8MU",
        "locationConfidence" : 0.60499614
      } ],
      "editConfirmationStatus" : "NOT_CONFIRMED"
    }
  }, {
    "activitySegment" : {
      "startLocation" : {
        "latitudeE7" : 423344018,
        "longitudeE7" : -711460017,
        "sourceInfo" : {
          "deviceTag" : 1259109606
        }
      },
      "endLocation" : {
        "latitudeE7" : 299362282,
        "longitudeE7" : -900617492,
        "sourceInfo" : {
          "deviceTag" : 1259109606
        }
      },
      "duration" : {
        "startTimestampMs" : "1543327845000",
        "endTimestampMs" : "1543440883000"
      },
      "distance" : 2178913,
      "activityType" : "IN_PASSENGER_VEHICLE",
      "confidence" : "LOW",
      "activities" : [ {
        "activityType" : "IN_PASSENGER_VEHICLE",
        "probability" : 49.41982615880149
      }, {
        "activityType" : "FLYING",
        "probability" : 27.15412827739463
      }, {
        "activityType" : "WALKING",
        "probability" : 18.8015556830819
      } ]
    }
  }, {
    "activitySegment" : {
      "startLocation" : {
        "latitudeE7" : 299362282,
        "longitudeE7" : -900617492,
        "sourceInfo" : {
          "deviceTag" : 1259109606
        }
      },
      "endLocation" : {
        "latitudeE7" : 423345144,
        "longitudeE7" : -711456756
      },
      "duration" : {
        "startTimestampMs" : "1543440883000",
        "endTimestampMs" : "1543470603000"
      },
      "activityType" : "UNKNOWN_ACTIVITY_TYPE",
      "activities" : [ {
        "activityType" : "UNKNOWN_ACTIVITY_TYPE",
        "probability" : 0.0
      } ],
      "simplifiedRawPath" : {
        "points" : [ {
          "latE7" : 423652629,
          "lngE7" : -710212992,
          "timestampMs" : "1543469055000",
          "accuracyMeters" : 3
        }, {
          "latE7" : 423610746,
          "lngE7" : -710792070,
          "timestampMs" : "1543469685000",
          "accuracyMeters" : 18
        }, {
          "latE7" : 423442287,
          "lngE7" : -711144314,
          "timestampMs" : "1543470177000",
          "accuracyMeters" : 36
        }, {
          "latE7" : 423403002,
          "lngE7" : -711296417,
          "timestampMs" : "1543470316000",
          "accuracyMeters" : 36
        } ]
      }
    }
  }, {
    "placeVisit" : {
      "location" : {
        "latitudeE7" : 423345561,
        "longitudeE7" : -711456175,
        "placeId" : "ChIJL6P4T1N444kRUxwGfnTlDvI",
        "address" : "247 Fisher Ave\nBrookline, MA 02445\nUSA",
        "name" : "247 Fisher Ave",
        "semanticType" : "TYPE_HOME",
        "sourceInfo" : {
          "deviceTag" : 1259109606
        },
        "locationConfidence" : 93.07679
      },
      "duration" : {
        "startTimestampMs" : "1543470603000",
        "endTimestampMs" : "1543537055000"
      },
      "placeConfidence" : "HIGH_CONFIDENCE",
      "centerLatE7" : 423345144,
      "centerLngE7" : -711456756,
      "visitConfidence" : 87,
      "otherCandidateLocations" : [ {
        "latitudeE7" : 423350395,
        "longitudeE7" : -711487967,
        "placeId" : "ChIJlzvejVN444kRA845bwOxjVI",
        "locationConfidence" : 4.3224893
      }, {
        "latitudeE7" : 423358684,
        "longitudeE7" : -711489811,
        "placeId" : "ChIJIyQrulN444kR_XIChsjuFs4",
        "locationConfidence" : 0.69587976
      }, {
        "latitudeE7" : 423371332,
        "longitudeE7" : -711452592,
        "placeId" : "ChIJazpExVJ444kRkWU-_jWAlZw",
        "locationConfidence" : 0.61092055
      }, {
        "latitudeE7" : 423364425,
        "longitudeE7" : -711435818,
        "placeId" : "ChIJx-F9F61544kRQrHqJTEJ8MU",
        "locationConfidence" : 0.33518633
      } ],
      "editConfirmationStatus" : "NOT_CONFIRMED"
    }
  }, {
    "activitySegment" : {
      "startLocation" : {
        "latitudeE7" : 423344495,
        "longitudeE7" : -711454034,
        "sourceInfo" : {
          "deviceTag" : 1259109606
        }
      },
      "endLocation" : {
        "latitudeE7" : 418290514,
        "longitudeE7" : -714147221,
        "sourceInfo" : {
          "deviceTag" : 1259109606
        }
      },
      "duration" : {
        "startTimestampMs" : "1543537055000",
        "endTimestampMs" : "1543619765000"
      },
      "distance" : 60433,
      "activityType" : "IN_PASSENGER_VEHICLE",
      "confidence" : "MEDIUM",
      "activities" : [ {
        "activityType" : "IN_PASSENGER_VEHICLE",
        "probability" : 81.11391172561163
      }, {
        "activityType" : "WALKING",
        "probability" : 10.631157674708835
      }, {
        "activityType" : "CYCLING",
        "probability" : 3.399745359649151
      } ],
      "waypointPath" : {
        "waypoints" : [ {
          "latE7" : 423342742,
          "lngE7" : -711456756
        }, {
          "latE7" : 420265083,
          "lngE7" : -712579879
        }, {
          "latE7" : 418291549,
          "lngE7" : -714147033
        } ]
      },
      "parkingEvent" : {
        "timestampMs" : "1543619827000",
        "location" : {
          "latitudeE7" : 418290643,
          "longitudeE7" : -714153664,
          "accuracyMetres" : 63
        }
      }
    }
  }, {
    "placeVisit" : {
      "location" : {
        "latitudeE7" : 418275667,
        "longitudeE7" : -714165670,
        "placeId" : "ChIJJfe5yhFF5IkRzrax8oN-LB4",
        "address" : "1 Providence Pl\nProvidence, RI 02903\nUSA",
        "name" : "Providence Place",
        "sourceInfo" : {
          "deviceTag" : 1259109606
        },
        "locationConfidence" : 47.27358
      },
      "duration" : {
        "startTimestampMs" : "1543619765000",
        "endTimestampMs" : "1543622501452"
      },
      "placeConfidence" : "MEDIUM_CONFIDENCE",
      "childVisits" : [ {
        "location" : {
          "latitudeE7" : 418290170,
          "longitudeE7" : -714155045,
          "placeId" : "ChIJGTL-1RFF5IkR_DNyd2Q6_Tw",
          "address" : "94 Providence Pl\nProvidence, RI 02903\nUSA",
          "name" : "The Cheesecake Factory",
          "sourceInfo" : {
            "deviceTag" : 1259109606
          },
          "locationConfidence" : 17.090096
        },
        "duration" : {
          "startTimestampMs" : "1543619765000",
          "endTimestampMs" : "1543622501452"
        },
        "placeConfidence" : "LOW_CONFIDENCE",
        "centerLatE7" : 418293518,
        "centerLngE7" : -714155400,
        "visitConfidence" : 94,
        "otherCandidateLocations" : [ {
          "latitudeE7" : 418284840,
          "longitudeE7" : -714153440,
          "placeId" : "ChIJC8xvXhBF5IkRQ1JsDh41mFc",
          "locationConfidence" : 5.357724
        }, {
          "latitudeE7" : 418292499,
          "longitudeE7" : -714132827,
          "placeId" : "ChIJW2SbChpF5IkRtbb5XWjVX7o",
          "locationConfidence" : 3.1843636
        }, {
          "latitudeE7" : 418288511,
          "longitudeE7" : -714160898,
          "placeId" : "ChIJwcuQ0xFF5IkRA8C8t2rchXY",
          "locationConfidence" : 2.5141454
        }, {
          "latitudeE7" : 418300935,
          "longitudeE7" : -714171281,
          "placeId" : "ChIJexV_pxpF5IkRSy2956ooS2Y",
          "locationConfidence" : 1.7194612
        }, {
          "latitudeE7" : 418310574,
          "longitudeE7" : -714149555,
          "placeId" : "ChIJM9tqVxpF5IkRbTsEJXUPUk4",
          "locationConfidence" : 1.6710618
        }, {
          "latitudeE7" : 418301422,
          "longitudeE7" : -714165045,
          "placeId" : "ChIJOQ50nxpF5IkRgMwVPbHN_5Y",
          "locationConfidence" : 1.6286331
        }, {
          "latitudeE7" : 418299291,
          "longitudeE7" : -714166152,
          "placeId" : "ChIJuyQ2oBpF5IkRhLktrOg6n2k",
          "locationConfidence" : 1.3127207
        }, {
          "latitudeE7" : 418274486,
          "longitudeE7" : -714139414,
          "placeId" : "ChIJNwBS4RBF5IkRIEuXxs_TLGI",
          "locationConfidence" : 1.2174202
        }, {
          "latitudeE7" : 418290140,
          "longitudeE7" : -714159290,
          "placeId" : "ChIJEf03bxBF5IkR5f6fxLoIv7E",
          "locationConfidence" : 0.7533176
        } ],
        "editConfirmationStatus" : "NOT_CONFIRMED"
      } ],
      "centerLatE7" : 418293518,
      "centerLngE7" : -714155400,
      "visitConfidence" : 94,
      "otherCandidateLocations" : [ {
        "latitudeE7" : 418292199,
        "longitudeE7" : -714133310,
        "placeId" : "ChIJTRUuoRBF5IkRo7vXXQv8_f8",
        "semanticType" : "TYPE_SEARCHED_ADDRESS",
        "locationConfidence" : 10.994279
      }, {
        "latitudeE7" : 418292499,
        "longitudeE7" : -714132827,
        "placeId" : "ChIJW2SbChpF5IkRtbb5XWjVX7o",
        "locationConfidence" : 8.808393
      }, {
        "latitudeE7" : 418300935,
        "longitudeE7" : -714171281,
        "placeId" : "ChIJexV_pxpF5IkRSy2956ooS2Y",
        "locationConfidence" : 4.7562685
      }, {
        "latitudeE7" : 418310574,
        "longitudeE7" : -714149555,
        "placeId" : "ChIJM9tqVxpF5IkRbTsEJXUPUk4",
        "locationConfidence" : 4.622389
      }, {
        "latitudeE7" : 418301422,
        "longitudeE7" : -714165045,
        "placeId" : "ChIJOQ50nxpF5IkRgMwVPbHN_5Y",
        "locationConfidence" : 4.5050254
      }, {
        "latitudeE7" : 418299291,
        "longitudeE7" : -714166152,
        "placeId" : "ChIJuyQ2oBpF5IkRhLktrOg6n2k",
        "locationConfidence" : 3.631168
      }, {
        "latitudeE7" : 418274486,
        "longitudeE7" : -714139414,
        "placeId" : "ChIJNwBS4RBF5IkRIEuXxs_TLGI",
        "locationConfidence" : 3.3675535
      }, {
        "latitudeE7" : 418294130,
        "longitudeE7" : -714139100,
        "placeId" : "ChIJM6ZmnhBF5IkRNYLbr4C5mQg",
        "locationConfidence" : 1.3964999
      }, {
        "latitudeE7" : 418298020,
        "longitudeE7" : -714172722,
        "placeId" : "ChIJuyQ2oBpF5IkRuCTvnfIvvN4",
        "locationConfidence" : 1.2566739
      } ],
      "editConfirmationStatus" : "NOT_CONFIRMED",
      "simplifiedRawPath" : {
        "points" : [ {
          "latE7" : 418290200,
          "lngE7" : -714151600,
          "timestampMs" : "1543619781000",
          "accuracyMeters" : 5
        }, {
          "latE7" : 418297233,
          "lngE7" : -714159456,
          "timestampMs" : "1543619995000",
          "accuracyMeters" : 13
        }, {
          "latE7" : 418297233,
          "lngE7" : -714159456,
          "timestampMs" : "1543620628743",
          "accuracyMeters" : 13
        }, {
          "latE7" : 418297233,
          "lngE7" : -714159456,
          "timestampMs" : "1543620774680",
          "accuracyMeters" : 13
        }, {
          "latE7" : 418297233,
          "lngE7" : -714159456,
          "timestampMs" : "1543622325629",
          "accuracyMeters" : 13
        } ]
      }
    }
  } ]
}