{
  "timelineObjects" : [ {
    "placeVisit" : {
      "location" : {
        "latitudeE7" : 423345642,
        "longitudeE7" : -711455917,
        "placeId" : "ChIJL6P4T1N444kRUxwGfnTlDvI",
        "address" : "247 Fisher Ave\nBrookline, MA 02445\nUSA",
        "name" : "247 Fisher Ave",
        "semanticType" : "TYPE_HOME",
        "sourceInfo" : {
          "deviceTag" : 1259109606
        },
        "locationConfidence" : 99.32771
      },
      "duration" : {
        "startTimestampMs" : "1530482726766",
        "endTimestampMs" : "1530556988000"
      },
      "placeConfidence" : "HIGH_CONFIDENCE",
      "centerLatE7" : 423345567,
      "centerLngE7" : -711456733,
      "visitConfidence" : 84,
      "otherCandidateLocations" : [ {
        "latitudeE7" : 423350645,
        "longitudeE7" : -711488433,
        "placeId" : "ChIJlzvejVN444kRA845bwOxjVI",
        "name" : "Reservoir",
        "locationConfidence" : 0.33882144
      }, {
        "latitudeE7" : 423359503,
        "longitudeE7" : -711490210,
        "placeId" : "ChIJIyQrulN444kR_XIChsjuFs4",
        "name" : "CVS",
        "locationConfidence" : 0.11536668
      }, {
        "latitudeE7" : 423361155,
        "longitudeE7" : -711456158,
        "placeId" : "ChIJb1MhJlN444kRe-0qa4Ipj_U",
        "name" : "RentViva Apartments for Rent",
        "locationConfidence" : 0.051352683
      }, {
        "latitudeE7" : 423323150,
        "longitudeE7" : -711467930,
        "placeId" : "ChIJwwDt5VR444kRWF1WfImPQ-M",
        "name" : "Chestnut Hill Ave opp Buckminster Rd",
        "locationConfidence" : 0.021334402
      } ],
      "editConfirmationStatus" : "NOT_CONFIRMED"
    }
  }, {
    "activitySegment" : {
      "startLocation" : {
        "latitudeE7" : 423345996,
        "longitudeE7" : -711458673,
        "sourceInfo" : {
          "deviceTag" : 1259109606
        }
      },
      "endLocation" : {
        "latitudeE7" : 423354074,
        "longitudeE7" : -711423057,
        "sourceInfo" : {
          "deviceTag" : 1259109606
        }
      },
      "duration" : {
        "startTimestampMs" : "1530556988000",
        "endTimestampMs" : "1530570254000"
      },
      "distance" : 306,
      "activityType" : "IN_PASSENGER_VEHICLE",
      "confidence" : "LOW",
      "activities" : [ {
        "activityType" : "IN_PASSENGER_VEHICLE",
        "probability" : 42.49932856813602
      }, {
        "activityType" : "WALKING",
        "probability" : 38.00645572956305
      }, {
        "activityType" : "CYCLING",
        "probability" : 16.339389512843358
      } ],
      "waypointPath" : {
        "waypoints" : [ {
          "latE7" : 423344993,
          "lngE7" : -711459732
        }, {
          "latE7" : 423353767,
          "lngE7" : -711432647
        }, {
          "latE7" : 423354187,
          "lngE7" : -711423034
        } ]
      },
      "simplifiedRawPath" : {
        "points" : [ {
          "latE7" : 423345996,
          "lngE7" : -711458673,
          "timestampMs" : "1530556988000",
          "accuracyMeters" : 13
        } ]
      },
      "editConfirmationStatus" : "NOT_CONFIRMED"
    }
  }, {
    "activitySegment" : {
      "startLocation" : {
        "latitudeE7" : 416654484,
        "longitudeE7" : -702877253,
        "sourceInfo" : {
          "deviceTag" : 1259109606
        }
      },
      "endLocation" : {
        "latitudeE7" : 416758569,
        "longitudeE7" : -703071369,
        "placeId" : "ChIJC2SrBzAx-4kRgMZzznaik_8",
        "address" : "425 Attucks Ln\nHyannis, MA 02601\nUSA",
        "name" : "Stop & Shop",
        "sourceInfo" : {
          "deviceTag" : 1259109606
        },
        "locationConfidence" : 80.36481
      },
      "duration" : {
        "startTimestampMs" : "1530715399000",
        "endTimestampMs" : "1530715576000"
      },
      "activityType" : "IN_PASSENGER_VEHICLE",
      "confidence" : "HIGH",
      "activities" : [ {
        "activityType" : "IN_PASSENGER_VEHICLE",
        "probability" : 98.32609097650973
      }, {
        "activityType" : "WALKING",
        "probability" : 1.2462504683099933
      }, {
        "activityType" : "IN_BUS",
        "probability" : 0.24392220818838717
      } ],
      "waypointPath" : {
        "waypoints" : [ {
          "latE7" : 416654357,
          "lngE7" : -702877273
        }, {
          "latE7" : 416678466,
          "lngE7" : -702932891
        }, {
          "latE7" : 416749649,
          "lngE7" : -703086853
        } ]
      },
      "simplifiedRawPath" : {
        "points" : [ {
          "latE7" : 416662971,
          "lngE7" : -702897673,
          "timestampMs" : "1530715415000",
          "accuracyMeters" : 10
        } ]
      },
      "editConfirmationStatus" : "NOT_CONFIRMED",
      "parkingEvent" : {
        "timestampMs" : "1530715583000",
        "location" : {
          "latitudeE7" : 416746882,
          "longitudeE7" : -703085702,
          "accuracyMetres" : 70
        }
      }
    }
  }, {
    "placeVisit" : {
      "location" : {
        "latitudeE7" : 416758569,
        "longitudeE7" : -703071369,
        "placeId" : "ChIJC2SrBzAx-4kRgMZzznaik_8",
        "address" : "425 Attucks Ln\nHyannis, MA 02601\nUSA",
        "name" : "Stop & Shop",
        "sourceInfo" : {
          "deviceTag" : 1259109606
        },
        "locationConfidence" : 80.36481
      },
      "duration" : {
        "startTimestampMs" : "1530715576000",
        "endTimestampMs" : "1530718362841"
      },
      "placeConfidence" : "MEDIUM_CONFIDENCE",
      "centerLatE7" : 416747973,
      "centerLngE7" : -703084491,
      "visitConfidence" : 94,
      "otherCandidateLocations" : [ {
        "latitudeE7" : 416752429,
        "longitudeE7" : -703087940,
        "placeId" : "ChIJFV0zXzgx-4kR0VZ7IggdbEI",
        "name" : "AT&T Store",
        "locationConfidence" : 5.811119
      }, {
        "latitudeE7" : 416756331,
        "longitudeE7" : -703094740,
        "placeId" : "ChIJRyAc6Zww-4kRvUXAt2h1x44",
        "name" : "Dunkin' Donuts",
        "locationConfidence" : 4.1835165
      }, {
        "latitudeE7" : 416732865,
        "longitudeE7" : -703070917,
        "placeId" : "ChIJy009ZDkx-4kRDTSRiNqrhtI",
        "name" : "Holiday Inn Cape Cod - Hyannis",
        "locationConfidence" : 3.1566207
      }, {
        "latitudeE7" : 416737768,
        "longitudeE7" : -703079963,
        "placeId" : "ChIJp_adDzkx-4kRJRwkejPCPjA",
        "name" : "Cumberland Farms",
        "locationConfidence" : 1.3725165
      }, {
        "latitudeE7" : 416742799,
        "longitudeE7" : -703098941,
        "placeId" : "ChIJNTSwXzgx-4kRjco1mem8ylE",
        "name" : "Cape Codder Resort & Spa",
        "locationConfidence" : 1.0727082
      }, {
        "latitudeE7" : 416751878,
        "longitudeE7" : -703047692,
        "placeId" : "ChIJe4W_cCEx-4kRfMfl3Xhu14s",
        "name" : "Festival At Hyannis S.C.",
        "locationConfidence" : 0.9377792
      }, {
        "latitudeE7" : 416754502,
        "longitudeE7" : -703091955,
        "placeId" : "ChIJpw6SrDkx-4kR5t8pzKu6Q5c",
        "name" : "Cape Cod Healthcare Urgent Care - Hyannis",
        "locationConfidence" : 0.7522747
      }, {
        "latitudeE7" : 416744134,
        "longitudeE7" : -703073522,
        "placeId" : "ChIJp2xabTkx-4kRsu9YwU6EyKI",
        "name" : "A.J. Luke's Liquors on 132",
        "locationConfidence" : 0.5461042
      } ],
      "editConfirmationStatus" : "NOT_CONFIRMED"
    }
  }, {
    "activitySegment" : {
      "startLocation" : {
        "latitudeE7" : 416747973,
        "longitudeE7" : -703084491
      },
      "endLocation" : {
        "latitudeE7" : 423487045,
        "longitudeE7" : -711297829,
        "sourceInfo" : {
          "deviceTag" : 1259109606
        }
      },
      "duration" : {
        "startTimestampMs" : "1530718362841",
        "endTimestampMs" : "1530845566683"
      },
      "activityType" : "UNKNOWN_ACTIVITY_TYPE",
      "activities" : [ {
        "activityType" : "UNKNOWN_ACTIVITY_TYPE",
        "probability" : 0.0
      } ],
      "simplifiedRawPath" : {
        "points" : [ {
          "latE7" : 416647405,
          "lngE7" : -702875117,
          "timestampMs" : "1530718667000",
          "accuracyMeters" : 10
        }, {
          "latE7" : 416536738,
          "lngE7" : -702825459,
          "timestampMs" : "1530718835000",
          "accuracyMeters" : 10
        }, {
          "latE7" : 416485923,
          "lngE7" : -702910115,
          "timestampMs" : "1530719195302",
          "accuracyMeters" : 15
        }, {
          "latE7" : 416481496,
          "lngE7" : -702928988,
          "timestampMs" : "1530719389258",
          "accuracyMeters" : 17
        }, {
          "latE7" : 423679772,
          "lngE7" : -710976925,
          "timestampMs" : "1530844894764",
          "accuracyMeters" : 10
        }, {
          "latE7" : 423632076,
          "lngE7" : -710992108,
          "timestampMs" : "1530845024000",
          "accuracyMeters" : 22
        }, {
          "latE7" : 423597463,
          "lngE7" : -711029109,
          "timestampMs" : "1530845084290",
          "accuracyMeters" : 100
        }, {
          "latE7" : 423515454,
          "lngE7" : -711179346,
          "timestampMs" : "1530845341573",
          "accuracyMeters" : 98
        }, {
          "latE7" : 423517943,
          "lngE7" : -711246719,
          "timestampMs" : "1530845467640",
          "accuracyMeters" : 30
        } ]
      }
    }
  }, {
    "activitySegment" : {
      "startLocation" : {
        "latitudeE7" : 423487045,
        "longitudeE7" : -711297829,
        "sourceInfo" : {
          "deviceTag" : 1259109606
        }
      },
      "endLocation" : {
        "latitudeE7" : 423486375,
        "longitudeE7" : -711297979,
        "sourceInfo" : {
          "deviceTag" : 1259109606
        }
      },
      "duration" : {
        "startTimestampMs" : "1530845566683",
        "endTimestampMs" : "1530845658119"
      },
      "distance" : 7,
      "activityType" : "WALKING",
      "confidence" : "MEDIUM",
      "activities" : [ {
        "activityType" : "WALKING",
        "probability" : 85.1100258968484
      }, {
        "activityType" : "IN_BUS",
        "probability" : 6.570180653257612
      }, {
        "activityType" : "IN_PASSENGER_VEHICLE",
        "probability" : 6.318552541547604
      } ],
      "waypointPath" : {
        "waypoints" : [ {
          "latE7" : 416743698,
          "lngE7" : -703081207
        }, {
          "latE7" : 422966308,
          "lngE7" : -710464248
        }, {
          "latE7" : 423679885,
          "lngE7" : -710976486
        }, {
          "latE7" : 423540267,
          "lngE7" : -711111221
        }, {
          "latE7" : 423487014,
          "lngE7" : -711296310
        } ]
      },
      "editConfirmationStatus" : "NOT_CONFIRMED"
    }
  }, {
    "placeVisit" : {
      "location" : {
        "latitudeE7" : 423486375,
        "longitudeE7" : -711297979,
        "placeId" : "ChIJFTf-9sZ544kRPsixxFnWVx0",
        "address" : "526 Harvard St\nBrookline, MA 02446\nUSA",
        "name" : "526 Harvard St",
        "semanticType" : "TYPE_SEARCHED_ADDRESS",
        "sourceInfo" : {
          "deviceTag" : 1259109606
        },
        "locationConfidence" : 87.71169
      },
      "duration" : {
        "startTimestampMs" : "1530845658119",
        "endTimestampMs" : "1530875484570"
      },
      "placeConfidence" : "HIGH_CONFIDENCE",
      "centerLatE7" : 423486200,
      "centerLngE7" : -711296686,
      "visitConfidence" : 85,
      "otherCandidateLocations" : [ {
        "latitudeE7" : 423487813,
        "longitudeE7" : -711292531,
        "placeId" : "ChIJxVUw8sZ544kRpFFtnKMx-Po",
        "name" : "T.J. Maxx",
        "locationConfidence" : 5.964049
      }, {
        "latitudeE7" : 423494917,
        "longitudeE7" : -711306939,
        "placeId" : "ChIJWcBIb8Z544kRRU4uEoeI4qU",
        "semanticType" : "TYPE_SEARCHED_ADDRESS",
        "locationConfidence" : 3.2897446
      }, {
        "latitudeE7" : 423485720,
        "longitudeE7" : -711294510,
        "placeId" : "ChIJR_Z78MZ544kRCL3KgwRnrRs",
        "name" : "Harvard St opp Verndale St",
        "locationConfidence" : 0.4759891
      }, {
        "latitudeE7" : 423483880,
        "longitudeE7" : -711295390,
        "placeId" : "ChIJvUIT-sZ544kR5wH8AnfYNHg",
        "name" : "Harvard St @ Verndale St",
        "locationConfidence" : 0.4549763
      } ],
      "editConfirmationStatus" : "NOT_CONFIRMED"
    }
  }, {
    "activitySegment" : {
      "startLocation" : {
        "latitudeE7" : 423357220,
        "longitudeE7" : -711508410,
        "sourceInfo" : {
          "deviceTag" : 1259109606
        }
      },
      "endLocation" : {
        "latitudeE7" : 429033946,
        "longitudeE7" : -708148753,
        "sourceInfo" : {
          "deviceTag" : 1259109606
        }
      },
      "duration" : {
        "startTimestampMs" : "1531008605509",
        "endTimestampMs" : "1531020112000"
      },
      "distance" : 76812,
      "activityType" : "IN_PASSENGER_VEHICLE",
      "confidence" : "HIGH",
      "activities" : [ {
        "activityType" : "IN_PASSENGER_VEHICLE",
        "probability" : 95.47522006311992
      }, {
        "activityType" : "WALKING",
        "probability" : 3.044891620471303
      }, {
        "activityType" : "IN_BUS",
        "probability" : 1.0828387097738936
      } ],
      "waypointPath" : {
        "waypoints" : [ {
          "latE7" : 423358116,
          "lngE7" : -711506805
        }, {
          "latE7" : 425199012,
          "lngE7" : -709987640
        }, {
          "latE7" : 429046592,
          "lngE7" : -708661727
        }, {
          "latE7" : 429162101,
          "lngE7" : -708639984
        }, {
          "latE7" : 429034156,
          "lngE7" : -708148651
        } ]
      },
      "simplifiedRawPath" : {
        "points" : [ {
          "latE7" : 429162520,
          "lngE7" : -708638912,
          "timestampMs" : "1531012147000",
          "accuracyMeters" : 10
        } ]
      },
      "editConfirmationStatus" : "NOT_CONFIRMED"
    }
  }, {
    "activitySegment" : {
      "startLocation" : {
        "latitudeE7" : 429033946,
        "longitudeE7" : -708148753,
        "sourceInfo" : {
          "deviceTag" : 1259109606
        }
      },
      "endLocation" : {
        "latitudeE7" : 423401223,
        "longitudeE7" : -711425698,
        "sourceInfo" : {
          "deviceTag" : 1259109606
        }
      },
      "duration" : {
        "startTimestampMs" : "1531020112000",
        "endTimestampMs" : "1531566615909"
      },
      "activityType" : "UNKNOWN_ACTIVITY_TYPE",
      "activities" : [ {
        "activityType" : "UNKNOWN_ACTIVITY_TYPE",
        "probability" : 0.0
      } ],
      "simplifiedRawPath" : {
        "points" : [ {
          "latE7" : 428803633,
          "lngE7" : -708183201,
          "timestampMs" : "1531020327000",
          "accuracyMeters" : 10
        }, {
          "latE7" : 428725102,
          "lngE7" : -708189073,
          "timestampMs" : "1531020422000",
          "accuracyMeters" : 10
        }, {
          "latE7" : 428730062,
          "lngE7" : -708190572,
          "timestampMs" : "1531020592520",
          "accuracyMeters" : 30
        }, {
          "latE7" : 428719829,
          "lngE7" : -708211367,
          "timestampMs" : "1531020653208",
          "accuracyMeters" : 25
        }, {
          "latE7" : 428700884,
          "lngE7" : -708342070,
          "timestampMs" : "1531020720000",
          "accuracyMeters" : 10
        }, {
          "latE7" : 428713243,
          "lngE7" : -708554462,
          "timestampMs" : "1531020816837",
          "accuracyMeters" : 10
        }, {
          "latE7" : 423343824,
          "lngE7" : -711456924,
          "timestampMs" : "1531102497711",
          "accuracyMeters" : 30
        } ]
      }
    }
  }, {
    "activitySegment" : {
      "startLocation" : {
        "latitudeE7" : 423401223,
        "longitudeE7" : -711425698,
        "sourceInfo" : {
          "deviceTag" : 1259109606
        }
      },
      "endLocation" : {
        "latitudeE7" : 420583288,
        "longitudeE7" : -710675439,
        "placeId" : "ChIJp2xqO0GF5IkRt4NwiV8Rs24",
        "address" : "In Speedway\n1234 Belmont St\nBrockton, MA 02301\nUSA",
        "name" : "Dunkin",
        "sourceInfo" : {
          "deviceTag" : 1259109606
        },
        "locationConfidence" : 66.87174
      },
      "duration" : {
        "startTimestampMs" : "1531566615909",
        "endTimestampMs" : "1531582282000"
      },
      "activityType" : "IN_PASSENGER_VEHICLE",
      "confidence" : "HIGH",
      "activities" : [ {
        "activityType" : "IN_PASSENGER_VEHICLE",
        "probability" : 98.73699383078443
      }, {
        "activityType" : "WALKING",
        "probability" : 0.9535883003236656
      }, {
        "activityType" : "IN_BUS",
        "probability" : 0.1449960033433309
      } ],
      "waypointPath" : {
        "waypoints" : [ {
          "latE7" : 423400878,
          "lngE7" : -711424942
        }, {
          "latE7" : 423169021,
          "lngE7" : -712289581
        }, {
          "latE7" : 420617713,
          "lngE7" : -710747070
        }, {
          "latE7" : 420583801,
          "lngE7" : -710678329
        } ]
      },
      "simplifiedRawPath" : {
        "points" : [ {
          "latE7" : 423146364,
          "lngE7" : -712327498,
          "timestampMs" : "1531567416000",
          "accuracyMeters" : 18
        }, {
          "latE7" : 420618163,
          "lngE7" : -710747239,
          "timestampMs" : "1531582027000",
          "accuracyMeters" : 10
        } ]
      },
      "editConfirmationStatus" : "NOT_CONFIRMED",
      "parkingEvent" : {
        "timestampMs" : "1531582334434",
        "location" : {
          "latitudeE7" : 420583222,
          "longitudeE7" : -710677354,
          "accuracyMetres" : 30
        }
      }
    }
  }, {
    "placeVisit" : {
      "location" : {
        "latitudeE7" : 420583288,
        "longitudeE7" : -710675439,
        "placeId" : "ChIJp2xqO0GF5IkRt4NwiV8Rs24",
        "address" : "In Speedway\n1234 Belmont St\nBrockton, MA 02301\nUSA",
        "name" : "Dunkin",
        "sourceInfo" : {
          "deviceTag" : 1259109606
        },
        "locationConfidence" : 66.87174
      },
      "duration" : {
        "startTimestampMs" : "1531582282000",
        "endTimestampMs" : "1531583216014"
      },
      "placeConfidence" : "LOW_CONFIDENCE",
      "centerLatE7" : 420583306,
      "centerLngE7" : -710676638,
      "visitConfidence" : 93,
      "otherCandidateLocations" : [ {
        "latitudeE7" : 420583331,
        "longitudeE7" : -710669550,
        "placeId" : "ChIJsd9P_5GF5IkRWhMTF8J_glE",
        "name" : "Back Bay Bagel Company",
        "locationConfidence" : 16.382055
      }, {
        "latitudeE7" : 420583584,
        "longitudeE7" : -710672427,
        "placeId" : "ChIJRa7BoFiE5IkRBC2HRw3-yp0",
        "name" : "Village Uniforms",
        "locationConfidence" : 5.914905
      }, {
        "latitudeE7" : 420587970,
        "longitudeE7" : -710666300,
        "placeId" : "ChIJt7Ml45GF5IkR9XQDRVq28KQ",
        "name" : "Lifestyle Vape",
        "locationConfidence" : 2.5819182
      }, {
        "latitudeE7" : 420585565,
        "longitudeE7" : -710668052,
        "placeId" : "ChIJSZlL_5GF5IkRTPR5WBdy4So",
        "name" : "Daddy's Dairy",
        "locationConfidence" : 1.7899344
      }, {
        "latitudeE7" : 420590275,
        "longitudeE7" : -710681322,
        "placeId" : "ChIJU9AXBJKF5IkRZoe_8j8Js8o",
        "name" : "Starbucks",
        "locationConfidence" : 1.4471823
      }, {
        "latitudeE7" : 420583840,
        "longitudeE7" : -710668606,
        "placeId" : "ChIJsd9P_5GF5IkRSy_g8s2wPPg",
        "locationConfidence" : 0.6768296
      }, {
        "latitudeE7" : 420592811,
        "longitudeE7" : -710664436,
        "placeId" : "ChIJRwfEvZGF5IkRHrNYfcX50dw",
        "name" : "Speedway",
        "locationConfidence" : 0.6599848
      }, {
        "latitudeE7" : 420585880,
        "longitudeE7" : -710669920,
        "placeId" : "ChIJsd9P_5GF5IkRKqlkMLMR_uc",
        "name" : "Romm Diamonds",
        "locationConfidence" : 0.65280783
      } ],
      "editConfirmationStatus" : "NOT_CONFIRMED"
    }
  }, {
    "activitySegment" : {
      "startLocation" : {
        "latitudeE7" : 420585585,
        "longitudeE7" : -710672488,
        "sourceInfo" : {
          "deviceTag" : 1259109606
        }
      },
      "endLocation" : {
        "latitudeE7" : 423344459,
        "longitudeE7" : -711457271,
        "sourceInfo" : {
          "deviceTag" : 1259109606
        }
      },
      "duration" : {
        "startTimestampMs" : "1531583216014",
        "endTimestampMs" : "1531697083000"
      },
      "distance" : 380271,
      "activityType" : "IN_PASSENGER_VEHICLE",
      "confidence" : "HIGH",
      "activities" : [ {
        "activityType" : "IN_PASSENGER_VEHICLE",
        "probability" : 95.85521827361568
      }, {
        "activityType" : "WALKING",
        "probability" : 1.8959787954670997
      }, {
        "activityType" : "BOATING",
        "probability" : 0.5419935671569432
      } ],
      "waypointPath" : {
        "waypoints" : [ {
          "latE7" : 420586547,
          "lngE7" : -710674057
        }, {
          "latE7" : 421697196,
          "lngE7" : -725784378
        }, {
          "latE7" : 423352584,
          "lngE7" : -732485275
        }, {
          "latE7" : 421454238,
          "lngE7" : -727379760
        }, {
          "latE7" : 423343849,
          "lngE7" : -711458053
        } ]
      },
      "editConfirmationStatus" : "NOT_CONFIRMED",
      "parkingEvent" : {
        "timestampMs" : "1531697088985",
        "location" : {
          "latitudeE7" : 423344459,
          "longitudeE7" : -711457271,
          "accuracyMetres" : 111
        }
      }
    }
  }, {
    "placeVisit" : {
      "location" : {
        "latitudeE7" : 423345833,
        "longitudeE7" : -711456070,
        "placeId" : "ChIJL6P4T1N444kRUxwGfnTlDvI",
        "address" : "247 Fisher Ave\nBrookline, MA 02445\nUSA",
        "name" : "247 Fisher Ave",
        "semanticType" : "TYPE_HOME",
        "sourceInfo" : {
          "deviceTag" : 1259109606
        },
        "locationConfidence" : 97.619934
      },
      "duration" : {
        "startTimestampMs" : "1531697083000",
        "endTimestampMs" : "1531699610000"
      },
      "placeConfidence" : "HIGH_CONFIDENCE",
      "centerLatE7" : 423346625,
      "centerLngE7" : -711456250,
      "visitConfidence" : 85,
      "otherCandidateLocations" : [ {
        "latitudeE7" : 423350645,
        "longitudeE7" : -711488433,
        "placeId" : "ChIJlzvejVN444kRA845bwOxjVI",
        "name" : "Reservoir",
        "locationConfidence" : 1.283988
      }, {
        "latitudeE7" : 423359503,
        "longitudeE7" : -711490210,
        "placeId" : "ChIJIyQrulN444kR_XIChsjuFs4",
        "name" : "CVS",
        "locationConfidence" : 0.8099964
      }, {
        "latitudeE7" : 423364425,
        "longitudeE7" : -711435818,
        "placeId" : "ChIJx-F9F61544kRQrHqJTEJ8MU",
        "name" : "Jean B. Waldstein Playground",
        "locationConfidence" : 0.094197236
      }, {
        "latitudeE7" : 423371291,
        "longitudeE7" : -711452620,
        "placeId" : "ChIJazpExVJ444kRkWU-_jWAlZw",
        "name" : "Englewood Avenue",
        "locationConfidence" : 0.06447666
      } ],
      "editConfirmationStatus" : "NOT_CONFIRMED"
    }
  }, {
    "activitySegment" : {
      "startLocation" : {
        "latitudeE7" : 423345833,
        "longitudeE7" : -711456070,
        "placeId" : "ChIJL6P4T1N444kRUxwGfnTlDvI",
        "address" : "247 Fisher Ave\nBrookline, MA 02445\nUSA",
        "name" : "247 Fisher Ave",
        "semanticType" : "TYPE_HOME",
        "sourceInfo" : {
          "deviceTag" : 1259109606
        },
        "locationConfidence" : 97.619934
      },
      "endLocation" : {
        "latitudeE7" : 423532881,
        "longitudeE7" : -711461704,
        "sourceInfo" : {
          "deviceTag" : 1259109606
        }
      },
      "duration" : {
        "startTimestampMs" : "1531699610000",
        "endTimestampMs" : "1531700094000"
      },
      "activityType" : "IN_PASSENGER_VEHICLE",
      "confidence" : "HIGH",
      "activities" : [ {
        "activityType" : "IN_PASSENGER_VEHICLE",
        "probability" : 98.97708826943538
      }, {
        "activityType" : "WALKING",
        "probability" : 0.7182576343156719
      }, {
        "activityType" : "IN_BUS",
        "probability" : 0.17976804910899993
      } ],
      "waypointPath" : {
        "waypoints" : [ {
          "latE7" : 423345603,
          "lngE7" : -711460952
        }, {
          "latE7" : 423370590,
          "lngE7" : -711417007
        }, {
          "latE7" : 423433380,
          "lngE7" : -711392440
        }, {
          "latE7" : 423486480,
          "lngE7" : -711403045
        }, {
          "latE7" : 423532943,
          "lngE7" : -711461944
        } ]
      },
      "simplifiedRawPath" : {
        "points" : [ {
          "latE7" : 423385953,
          "lngE7" : -711422900,
          "timestampMs" : "1531699670000",
          "accuracyMeters" : 10
        }, {
          "latE7" : 423431756,
          "lngE7" : -711394197,
          "timestampMs" : "1531699807000",
          "accuracyMeters" : 10
        }, {
          "latE7" : 423486270,
          "lngE7" : -711402494,
          "timestampMs" : "1531699958000",
          "accuracyMeters" : 10
        } ]
      },
      "editConfirmationStatus" : "NOT_CONFIRMED"
    }
  }, {
    "placeVisit" : {
      "location" : {
        "latitudeE7" : 423434296,
        "longitudeE7" : -711427952,
        "placeId" : "ChIJ6_crkbR544kRx59BG-LbLqA",
        "address" : "1620 Commonwealth Avenue\nBoston, MA 02135\nUSA",
        "name" : "La Catrina - Mexican Food",
        "sourceInfo" : {
          "deviceTag" : 1259109606
        },
        "locationConfidence" : 86.01278
      },
      "duration" : {
        "startTimestampMs" : "1531870501627",
        "endTimestampMs" : "1531871466049"
      },
      "placeConfidence" : "MEDIUM_CONFIDENCE",
      "centerLatE7" : 423432731,
      "centerLngE7" : -711428100,
      "visitConfidence" : 81,
      "otherCandidateLocations" : [ {
        "latitudeE7" : 423432520,
        "longitudeE7" : -711427380,
        "placeId" : "ChIJmcUKnLR544kRcX9RHDvEEyo",
        "name" : "Bamboo Thai Restaurant",
        "locationConfidence" : 8.734858
      }, {
        "latitudeE7" : 423434299,
        "longitudeE7" : -711426225,
        "placeId" : "ChIJMVTMmrR544kR5L9u2r3Bcgc",
        "name" : "Boston Food Shops And Deli",
        "locationConfidence" : 1.6645752
      }, {
        "latitudeE7" : 423417794,
        "longitudeE7" : -711418329,
        "placeId" : "ChIJh3kynrN544kR3GC549zdfQE",
        "semanticType" : "TYPE_SEARCHED_ADDRESS",
        "locationConfidence" : 0.73203015
      }, {
        "latitudeE7" : 423433526,
        "longitudeE7" : -711426453,
        "placeId" : "ChIJSYoDm7R544kRziVGv_pPJuI",
        "name" : "Tasca",
        "locationConfidence" : 0.5093083
      } ],
      "editConfirmationStatus" : "NOT_CONFIRMED"
    }
  }, {
    "activitySegment" : {
      "startLocation" : {
        "latitudeE7" : 423434296,
        "longitudeE7" : -711427952,
        "sourceInfo" : {
          "deviceTag" : 1259109606
        }
      },
      "endLocation" : {
        "latitudeE7" : 423417794,
        "longitudeE7" : -711418329,
        "sourceInfo" : {
          "deviceTag" : 1259109606
        }
      },
      "duration" : {
        "startTimestampMs" : "1531871466049",
        "endTimestampMs" : "1531871590657"
      },
      "distance" : 117,
      "activityType" : "WALKING",
      "confidence" : "HIGH",
      "activities" : [ {
        "activityType" : "WALKING",
        "probability" : 96.6802631153412
      }, {
        "activityType" : "IN_PASSENGER_VEHICLE",
        "probability" : 2.2452063028596076
      }, {
        "activityType" : "CYCLING",
        "probability" : 0.38544558107413307
      } ],
      "waypointPath" : {
        "waypoints" : [ {
          "latE7" : 423434181,
          "lngE7" : -711427612
        }, {
          "latE7" : 423434944,
          "lngE7" : -711425247
        }, {
          "latE7" : 423417320,
          "lngE7" : -711418762
        } ]
      },
      "simplifiedRawPath" : {
        "points" : [ {
          "latE7" : 423434300,
          "lngE7" : -711424215,
          "timestampMs" : "1531871466049",
          "accuracyMeters" : 15
        } ]
      },
      "editConfirmationStatus" : "NOT_CONFIRMED"
    }
  }, {
    "placeVisit" : {
      "location" : {
        "latitudeE7" : 423417794,
        "longitudeE7" : -711418329,
        "placeId" : "ChIJh3kynrN544kR3GC549zdfQE",
        "address" : "11 Mt Hood Rd\nBoston, MA 02135\nUSA",
        "name" : "11 Mt Hood Rd",
        "semanticType" : "TYPE_SEARCHED_ADDRESS",
        "sourceInfo" : {
          "deviceTag" : 1259109606
        },
        "locationConfidence" : 89.96736
      },
      "duration" : {
        "startTimestampMs" : "1531871590657",
        "endTimestampMs" : "1531914503000"
      },
      "placeConfidence" : "HIGH_CONFIDENCE",
      "centerLatE7" : 423418970,
      "centerLngE7" : -711417461,
      "visitConfidence" : 91,
      "otherCandidateLocations" : [ {
        "latitudeE7" : 423416880,
        "longitudeE7" : -711416888,
        "placeId" : "ChIJeSAKn7N544kRbBdDf6c4sCI",
        "semanticType" : "TYPE_SEARCHED_ADDRESS",
        "locationConfidence" : 6.8978276
      }, {
        "latitudeE7" : 423418362,
        "longitudeE7" : -711418268,
        "placeId" : "ChIJoRM9nrN544kRQyovqNieQzc",
        "name" : "7-19 Mount Hood Apartments",
        "locationConfidence" : 0.577668
      }, {
        "latitudeE7" : 423428035,
        "longitudeE7" : -711403896,
        "placeId" : "ChIJsfKmirN544kRylMgqzh7LRI",
        "name" : "Whole Foods Market",
        "locationConfidence" : 0.4865314
      }, {
        "latitudeE7" : 423433800,
        "longitudeE7" : -711391780,
        "placeId" : "ChIJpT7rHLR544kR-VK0ERbj7co",
        "name" : "Music Maker Studios",
        "locationConfidence" : 0.2919518
      } ],
      "editConfirmationStatus" : "NOT_CONFIRMED"
    }
  }, {
    "activitySegment" : {
      "startLocation" : {
        "latitudeE7" : 303704904,
        "longitudeE7" : -890805262
      },
      "endLocation" : {
        "latitudeE7" : 303700198,
        "longitudeE7" : -890817687
      },
      "duration" : {
        "startTimestampMs" : "1532012099429",
        "endTimestampMs" : "1532021188886"
      },
      "distance" : 130,
      "activityType" : "IN_PASSENGER_VEHICLE",
      "confidence" : "HIGH",
      "activities" : [ {
        "activityType" : "IN_PASSENGER_VEHICLE",
        "probability" : 89.57814686858954
      }, {
        "activityType" : "WALKING",
        "probability" : 8.132724089964118
      }, {
        "activityType" : "CYCLING",
        "probability" : 1.3936663779721505
      } ],
      "waypointPath" : {
        "waypoints" : [ {
          "latE7" : 303700485,
          "lngE7" : -890803680
        }, {
          "latE7" : 303696308,
          "lngE7" : -890809707
        }, {
          "latE7" : 303696365,
          "lngE7" : -890820312
        } ]
      },
      "editConfirmationStatus" : "NOT_CONFIRMED"
    }
  }, {
    "activitySegment" : {
      "startLocation" : {
        "latitudeE7" : 303693079,
        "longitudeE7" : -890819652,
        "sourceInfo" : {
          "deviceTag" : 1259109606
        }
      },
      "endLocation" : {
        "latitudeE7" : 303806566,
        "longitudeE7" : -890832664,
        "placeId" : "ChIJgQ0GdM4XnIgRfp7VHJXxFlQ",
        "address" : "1921 15th St\nGulfport, MS 39501\nUSA",
        "name" : "Boozer's Brew & a Cafe Too",
        "sourceInfo" : {
          "deviceTag" : 1259109606
        },
        "locationConfidence" : 85.02232
      },
      "duration" : {
        "startTimestampMs" : "1532021343140",
        "endTimestampMs" : "1532021539000"
      },
      "activityType" : "IN_PASSENGER_VEHICLE",
      "confidence" : "HIGH",
      "activities" : [ {
        "activityType" : "IN_PASSENGER_VEHICLE",
        "probability" : 98.68308181040224
      }, {
        "activityType" : "WALKING",
        "probability" : 1.102757284892218
      }, {
        "activityType" : "CYCLING",
        "probability" : 0.06903741944764992
      } ],
      "waypointPath" : {
        "waypoints" : [ {
          "latE7" : 303692970,
          "lngE7" : -890819549
        }, {
          "latE7" : 303785114,
          "lngE7" : -890860366
        }, {
          "latE7" : 303803424,
          "lngE7" : -890836181
        } ]
      },
      "simplifiedRawPath" : {
        "points" : [ {
          "latE7" : 303775201,
          "lngE7" : -890860179,
          "timestampMs" : "1532021509000",
          "accuracyMeters" : 10
        } ]
      },
      "editConfirmationStatus" : "NOT_CONFIRMED",
      "parkingEvent" : {
        "timestampMs" : "1532021553000",
        "location" : {
          "latitudeE7" : 303803042,
          "longitudeE7" : -890841531,
          "accuracyMetres" : 70
        }
      }
    }
  }, {
    "placeVisit" : {
      "location" : {
        "latitudeE7" : 303806566,
        "longitudeE7" : -890832664,
        "placeId" : "ChIJgQ0GdM4XnIgRfp7VHJXxFlQ",
        "address" : "1921 15th St\nGulfport, MS 39501\nUSA",
        "name" : "Boozer's Brew & a Cafe Too",
        "sourceInfo" : {
          "deviceTag" : 1259109606
        },
        "locationConfidence" : 85.02232
      },
      "duration" : {
        "startTimestampMs" : "1532021539000",
        "endTimestampMs" : "1532024389000"
      },
      "placeConfidence" : "MEDIUM_CONFIDENCE",
      "centerLatE7" : 303803250,
      "centerLngE7" : -890846817,
      "visitConfidence" : 94,
      "otherCandidateLocations" : [ {
        "latitudeE7" : 303801565,
        "longitudeE7" : -890839938,
        "placeId" : "ChIJhWtND84XnIgR-rNxQb6mdC8",
        "name" : "Book Bag",
        "locationConfidence" : 7.6451426
      }, {
        "latitudeE7" : 303806434,
        "longitudeE7" : -890845899,
        "placeId" : "ChIJTW5gAc4XnIgRLHhC9SUKxOg",
        "name" : "Command Center",
        "locationConfidence" : 1.459085
      }, {
        "latitudeE7" : 303803551,
        "longitudeE7" : -890845803,
        "placeId" : "ChIJ5fx7Hdc6nIgRBW-OV5MdDmY",
        "name" : "Southern Moon Midwifery",
        "locationConfidence" : 1.2337586
      }, {
        "latitudeE7" : 303806697,
        "longitudeE7" : -890833228,
        "placeId" : "ChIJ9VZ0GswXnIgR1piXu7334PY",
        "name" : "Bridal and Formal Boutique & House of Tux",
        "locationConfidence" : 0.63235116
      }, {
        "latitudeE7" : 303805431,
        "longitudeE7" : -890844882,
        "placeId" : "ChIJjdO_AM4XnIgR9ep4Z_nfeNc",
        "name" : "GSE Consulting Engineers",
        "locationConfidence" : 0.6061186
      }, {
        "latitudeE7" : 303806352,
        "longitudeE7" : -890833120,
        "placeId" : "ChIJ01mf5WE9nIgRtjnstPeAl38",
        "name" : "Back On the Rack",
        "locationConfidence" : 0.59669054
      }, {
        "latitudeE7" : 303807796,
        "longitudeE7" : -890852979,
        "placeId" : "ChIJbeG6-NEXnIgR5KMvbcsv7XA",
        "name" : "Thriftique Thrift Store",
        "locationConfidence" : 0.59155995
      } ],
      "editConfirmationStatus" : "NOT_CONFIRMED"
    }
  }, {
    "activitySegment" : {
      "startLocation" : {
        "latitudeE7" : 303806566,
        "longitudeE7" : -890832664,
        "sourceInfo" : {
          "deviceTag" : 1259109606
        }
      },
      "endLocation" : {
        "latitudeE7" : 303704108,
        "longitudeE7" : -890806796,
        "sourceInfo" : {
          "deviceTag" : 1259109606
        }
      },
      "duration" : {
        "startTimestampMs" : "1532024389000",
        "endTimestampMs" : "1532024568000"
      },
      "distance" : 1607,
      "activityType" : "IN_PASSENGER_VEHICLE",
      "confidence" : "HIGH",
      "activities" : [ {
        "activityType" : "IN_PASSENGER_VEHICLE",
        "probability" : 98.63055401701557
      }, {
        "activityType" : "WALKING",
        "probability" : 0.6851078182115068
      }, {
        "activityType" : "CYCLING",
        "probability" : 0.4987845997543392
      } ],
      "waypointPath" : {
        "waypoints" : [ {
          "latE7" : 303803462,
          "lngE7" : -890832672
        }, {
          "latE7" : 303803405,
          "lngE7" : -890842132
        }, {
          "latE7" : 303721580,
          "lngE7" : -890860595
        }, {
          "latE7" : 303728427,
          "lngE7" : -890808792
        }, {
          "latE7" : 303700199,
          "lngE7" : -890804748
        } ]
      },
      "simplifiedRawPath" : {
        "points" : [ {
          "latE7" : 303803463,
          "lngE7" : -890853713,
          "timestampMs" : "1532024389000",
          "accuracyMeters" : 10
        }, {
          "latE7" : 303730965,
          "lngE7" : -890860788,
          "timestampMs" : "1532024483000",
          "accuracyMeters" : 10
        }, {
          "latE7" : 303705014,
          "lngE7" : -890826980,
          "timestampMs" : "1532024553000",
          "accuracyMeters" : 10
        } ]
      },
      "editConfirmationStatus" : "NOT_CONFIRMED",
      "parkingEvent" : {
        "timestampMs" : "1532024570012",
        "location" : {
          "latitudeE7" : 303712696,
          "longitudeE7" : -890809992,
          "accuracyMetres" : 71
        }
      }
    }
  }, {
    "placeVisit" : {
      "location" : {
        "latitudeE7" : 303704108,
        "longitudeE7" : -890806796,
        "placeId" : "ChIJX363D8QXnIgRl4mdtez-kJM",
        "address" : "1600 E Beach Blvd\nGulfport, MS 39501\nUSA",
        "name" : "Courtyard by Marriott Gulfport Beachfront",
        "sourceInfo" : {
          "deviceTag" : 1259109606
        },
        "locationConfidence" : 99.302826
      },
      "duration" : {
        "startTimestampMs" : "1532024568000",
        "endTimestampMs" : "1532030646550"
      },
      "placeConfidence" : "HIGH_CONFIDENCE",
      "centerLatE7" : 303704925,
      "centerLngE7" : -890809490,
      "visitConfidence" : 91,
      "otherCandidateLocations" : [ {
        "latitudeE7" : 303703297,
        "longitudeE7" : -890809921,
        "placeId" : "ChIJX363D8QXnIgRyYCp2lAtcBM",
        "name" : "The Coastal Ballroom",
        "locationConfidence" : 0.28230083
      }, {
        "latitudeE7" : 303699960,
        "longitudeE7" : -890817040,
        "placeId" : "ChIJQxcdb8QXnIgR99JP691_JI4",
        "name" : "The Chimneys",
        "locationConfidence" : 0.26199347
      }, {
        "latitudeE7" : 303696875,
        "longitudeE7" : -890797309,
        "placeId" : "ChIJfZAqqcYXnIgR36RBT2moBeA",
        "name" : "1542 E Beach Blvd Parking",
        "locationConfidence" : 0.05724191
      }, {
        "latitudeE7" : 303691113,
        "longitudeE7" : -890831656,
        "placeId" : "ChIJRYphYsMXnIgR7rRSlWPy2Bc",
        "name" : "Shaggy's Gulfport Beach",
        "locationConfidence" : 0.023523234
      } ],
      "editConfirmationStatus" : "NOT_CONFIRMED"
    }
  }, {
    "activitySegment" : {
      "startLocation" : {
        "latitudeE7" : 303704925,
        "longitudeE7" : -890809490
      },
      "endLocation" : {
        "latitudeE7" : 444086470,
        "longitudeE7" : -727223331,
        "sourceInfo" : {
          "deviceTag" : 1259109606
        }
      },
      "duration" : {
        "startTimestampMs" : "1532030646550",
        "endTimestampMs" : "1532130791554"
      },
      "activityType" : "UNKNOWN_ACTIVITY_TYPE",
      "activities" : [ {
        "activityType" : "UNKNOWN_ACTIVITY_TYPE",
        "probability" : 0.0
      } ],
      "simplifiedRawPath" : {
        "points" : [ {
          "latE7" : 303541145,
          "lngE7" : -891368880,
          "timestampMs" : "1532031214000",
          "accuracyMeters" : 14
        } ]
      }
    }
  }, {
    "activitySegment" : {
      "startLocation" : {
        "latitudeE7" : 444086470,
        "longitudeE7" : -727223331,
        "sourceInfo" : {
          "deviceTag" : 1259109606
        }
      },
      "endLocation" : {
        "latitudeE7" : 444740833,
        "longitudeE7" : -727142069,
        "sourceInfo" : {
          "deviceTag" : 1259109606
        }
      },
      "duration" : {
        "startTimestampMs" : "1532130791554",
        "endTimestampMs" : "1532131473793"
      },
      "distance" : 9491,
      "activityType" : "IN_PASSENGER_VEHICLE",
      "confidence" : "HIGH",
      "activities" : [ {
        "activityType" : "IN_PASSENGER_VEHICLE",
        "probability" : 93.65506979604363
      }, {
        "activityType" : "WALKING",
        "probability" : 2.1334798877784937
      }, {
        "activityType" : "BOATING",
        "probability" : 1.0578703629433763
      } ],
      "waypointPath" : {
        "waypoints" : [ {
          "latE7" : 444088172,
          "lngE7" : -727217788
        }, {
          "latE7" : 444313888,
          "lngE7" : -727142639
        }, {
          "latE7" : 444740600,
          "lngE7" : -727142105
        } ]
      },
      "simplifiedRawPath" : {
        "points" : [ {
          "latE7" : 444312144,
          "lngE7" : -727144297,
          "timestampMs" : "1532130985000",
          "accuracyMeters" : 10
        } ]
      },
      "editConfirmationStatus" : "NOT_CONFIRMED"
    }
  }, {
    "activitySegment" : {
      "startLocation" : {
        "latitudeE7" : 423487059,
        "longitudeE7" : -711296742,
        "sourceInfo" : {
          "deviceTag" : 1259109606
        }
      },
      "endLocation" : {
        "latitudeE7" : 423346078,
        "longitudeE7" : -711455909,
        "sourceInfo" : {
          "deviceTag" : 1259109606
        }
      },
      "duration" : {
        "startTimestampMs" : "1532430977189",
        "endTimestampMs" : "1532439841435"
      },
      "distance" : 2041,
      "activityType" : "IN_PASSENGER_VEHICLE",
      "confidence" : "LOW",
      "activities" : [ {
        "activityType" : "IN_PASSENGER_VEHICLE",
        "probability" : 57.48654195596624
      }, {
        "activityType" : "WALKING",
        "probability" : 23.913657973410757
      }, {
        "activityType" : "IN_BUS",
        "probability" : 7.501880841536172
      } ],
      "waypointPath" : {
        "waypoints" : [ {
          "latE7" : 423487205,
          "lngE7" : -711296386
        }, {
          "latE7" : 423362731,
          "lngE7" : -711414566
        }, {
          "latE7" : 423344116,
          "lngE7" : -711458435
        } ]
      },
      "editConfirmationStatus" : "NOT_CONFIRMED",
      "parkingEvent" : {
        "timestampMs" : "1532439860303",
        "location" : {
          "latitudeE7" : 423345937,
          "longitudeE7" : -711455822,
          "accuracyMetres" : 79
        }
      }
    }
  }, {
    "placeVisit" : {
      "location" : {
        "latitudeE7" : 423345833,
        "longitudeE7" : -711456070,
        "placeId" : "ChIJL6P4T1N444kRUxwGfnTlDvI",
        "address" : "247 Fisher Ave\nBrookline, MA 02445\nUSA",
        "name" : "247 Fisher Ave",
        "semanticType" : "TYPE_HOME",
        "sourceInfo" : {
          "deviceTag" : 1259109606
        },
        "locationConfidence" : 97.044174
      },
      "duration" : {
        "startTimestampMs" : "1532439841435",
        "endTimestampMs" : "1532440503846"
      },
      "placeConfidence" : "HIGH_CONFIDENCE",
      "centerLatE7" : 423346542,
      "centerLngE7" : -711457900,
      "visitConfidence" : 80,
      "otherCandidateLocations" : [ {
        "latitudeE7" : 423350645,
        "longitudeE7" : -711488433,
        "placeId" : "ChIJlzvejVN444kRA845bwOxjVI",
        "name" : "Reservoir",
        "locationConfidence" : 1.4414274
      }, {
        "latitudeE7" : 423361977,
        "longitudeE7" : -711489753,
        "placeId" : "ChIJkd5gx1N444kRf6sgO6DVYtw",
        "name" : "Cleveland Circle",
        "locationConfidence" : 0.82512397
      }, {
        "latitudeE7" : 423359503,
        "longitudeE7" : -711490210,
        "placeId" : "ChIJIyQrulN444kR_XIChsjuFs4",
        "name" : "CVS",
        "locationConfidence" : 0.52360374
      }, {
        "latitudeE7" : 423371291,
        "longitudeE7" : -711452620,
        "placeId" : "ChIJazpExVJ444kRkWU-_jWAlZw",
        "name" : "Englewood Avenue",
        "locationConfidence" : 0.030010287
      } ],
      "editConfirmationStatus" : "NOT_CONFIRMED"
    }
  }, {
    "activitySegment" : {
      "startLocation" : {
        "latitudeE7" : 423349847,
        "longitudeE7" : -711465411,
        "sourceInfo" : {
          "deviceTag" : 1259109606
        }
      },
      "endLocation" : {
        "latitudeE7" : 299636492,
        "longitudeE7" : -900570879,
        "sourceInfo" : {
          "deviceTag" : 1259109606
        }
      },
      "duration" : {
        "startTimestampMs" : "1532440503846",
        "endTimestampMs" : "1532473058406"
      },
      "distance" : 2181987,
      "activityType" : "FLYING",
      "confidence" : "MEDIUM",
      "activities" : [ {
        "activityType" : "FLYING",
        "probability" : 81.16436533561026
      }, {
        "activityType" : "IN_PASSENGER_VEHICLE",
        "probability" : 14.796145756943444
      }, {
        "activityType" : "WALKING",
        "probability" : 3.1311545403178163
      } ],
      "simplifiedRawPath" : {
        "points" : [ {
          "latE7" : 423455612,
          "lngE7" : -711088930,
          "timestampMs" : "1532440763299",
          "accuracyMeters" : 100
        } ]
      },
      "editConfirmationStatus" : "NOT_CONFIRMED"
    }
  }, {
    "activitySegment" : {
      "startLocation" : {
        "latitudeE7" : 299628985,
        "longitudeE7" : -900578065,
        "sourceInfo" : {
          "deviceTag" : 1259109606
        }
      },
      "endLocation" : {
        "latitudeE7" : 299527408,
        "longitudeE7" : -900712879,
        "sourceInfo" : {
          "deviceTag" : 1259109606
        }
      },
      "duration" : {
        "startTimestampMs" : "1532473208134",
        "endTimestampMs" : "1532524696515"
      },
      "distance" : 1954,
      "activityType" : "IN_PASSENGER_VEHICLE",
      "confidence" : "LOW",
      "activities" : [ {
        "activityType" : "IN_PASSENGER_VEHICLE",
        "probability" : 47.14296926036698
      }, {
        "activityType" : "WALKING",
        "probability" : 42.12418278962059
      }, {
        "activityType" : "CYCLING",
        "probability" : 5.791336009525663
      } ],
      "waypointPath" : {
        "waypoints" : [ {
          "latE7" : 299629039,
          "lngE7" : -900577011
        }, {
          "latE7" : 299649658,
          "lngE7" : -900645523
        }, {
          "latE7" : 299528579,
          "lngE7" : -900712127
        } ]
      },
      "editConfirmationStatus" : "NOT_CONFIRMED",
      "parkingEvent" : {
        "timestampMs" : "1532524696515",
        "location" : {
          "latitudeE7" : 299527406,
          "longitudeE7" : -900712893,
          "accuracyMetres" : 72
        }
      }
    }
  }, {
    "activitySegment" : {
      "startLocation" : {
        "latitudeE7" : 299527408,
        "longitudeE7" : -900712879,
        "sourceInfo" : {
          "deviceTag" : 1259109606
        }
      },
      "endLocation" : {
        "latitudeE7" : 423643599,
        "longitudeE7" : -710208117,
        "sourceInfo" : {
          "deviceTag" : 1259109606
        }
      },
      "duration" : {
        "startTimestampMs" : "1532524696515",
        "endTimestampMs" : "1532649600000"
      },
      "activityType" : "UNKNOWN_ACTIVITY_TYPE",
      "activities" : [ {
        "activityType" : "UNKNOWN_ACTIVITY_TYPE",
        "probability" : 0.0
      } ],
      "simplifiedRawPath" : {
        "points" : [ {
          "latE7" : 299361298,
          "lngE7" : -900615442,
          "timestampMs" : "1532551887604",
          "accuracyMeters" : 28
        } ]
      }
    }
  }, {
    "activitySegment" : {
      "startLocation" : {
        "latitudeE7" : 423643599,
        "longitudeE7" : -710208117,
        "sourceInfo" : {
          "deviceTag" : 1259109606
        }
      },
      "endLocation" : {
        "latitudeE7" : 423486404,
        "longitudeE7" : -711296844,
        "placeId" : "ChIJFTf-9sZ544kRPsixxFnWVx0",
        "address" : "526 Harvard St\nBrookline, MA 02446\nUSA",
        "name" : "526 Harvard St",
        "sourceInfo" : {
          "deviceTag" : 1259109606
        },
        "locationConfidence" : 58.019444
      },
      "duration" : {
        "startTimestampMs" : "1532649600000",
        "endTimestampMs" : "1532718972451"
      },
      "activityType" : "IN_PASSENGER_VEHICLE",
      "confidence" : "MEDIUM",
      "activities" : [ {
        "activityType" : "IN_PASSENGER_VEHICLE",
        "probability" : 72.32377043731955
      }, {
        "activityType" : "WALKING",
        "probability" : 18.724013309561315
      }, {
        "activityType" : "IN_BUS",
        "probability" : 2.4810858314039965
      } ],
      "waypointPath" : {
        "waypoints" : [ {
          "latE7" : 423645210,
          "lngE7" : -710206909
        }, {
          "latE7" : 423479194,
          "lngE7" : -710902023
        }, {
          "latE7" : 423486862,
          "lngE7" : -711296157
        } ]
      },
      "editConfirmationStatus" : "NOT_CONFIRMED",
      "parkingEvent" : {
        "timestampMs" : "1532718990325",
        "location" : {
          "latitudeE7" : 423486064,
          "longitudeE7" : -711298445,
          "accuracyMetres" : 100
        }
      }
    }
  }, {
    "placeVisit" : {
      "location" : {
        "latitudeE7" : 423486404,
        "longitudeE7" : -711296844,
        "placeId" : "ChIJFTf-9sZ544kRPsixxFnWVx0",
        "address" : "526 Harvard St\nBrookline, MA 02446\nUSA",
        "name" : "526 Harvard St",
        "sourceInfo" : {
          "deviceTag" : 1259109606
        },
        "locationConfidence" : 58.019444
      },
      "duration" : {
        "startTimestampMs" : "1532718972451",
        "endTimestampMs" : "1532721552438"
      },
      "placeConfidence" : "MEDIUM_CONFIDENCE",
      "centerLatE7" : 423491400,
      "centerLngE7" : -711301552,
      "visitConfidence" : 91,
      "otherCandidateLocations" : [ {
        "latitudeE7" : 423488098,
        "longitudeE7" : -711299289,
        "placeId" : "ChIJByHi9cZ544kR9NnTQyhMdss",
        "semanticType" : "TYPE_SEARCHED_ADDRESS",
        "locationConfidence" : 13.668459
      }, {
        "latitudeE7" : 423487813,
        "longitudeE7" : -711292531,
        "placeId" : "ChIJxVUw8sZ544kRpFFtnKMx-Po",
        "name" : "T.J. Maxx",
        "locationConfidence" : 3.5339055
      }, {
        "latitudeE7" : 423494917,
        "longitudeE7" : -711306939,
        "placeId" : "ChIJWcBIb8Z544kRRU4uEoeI4qU",
        "semanticType" : "TYPE_SEARCHED_ADDRESS",
        "locationConfidence" : 3.219367
      }, {
        "latitudeE7" : 423493191,
        "longitudeE7" : -711298951,
        "placeId" : "ChIJTfBTicZ544kRXTmCxhVZt4U",
        "name" : "Urban Outfitters",
        "locationConfidence" : 2.6904085
      }, {
        "latitudeE7" : 423496808,
        "longitudeE7" : -711300024,
        "placeId" : "ChIJB76aYsZ544kRg-Iz1XJe48s",
        "name" : "bfresh",
        "locationConfidence" : 2.65077
      }, {
        "latitudeE7" : 423493407,
        "longitudeE7" : -711297533,
        "placeId" : "ChIJTfBTicZ544kRgzPaOL2ldUc",
        "name" : "Unleashed by Petco",
        "locationConfidence" : 2.336745
      }, {
        "latitudeE7" : 423498800,
        "longitudeE7" : -711309788,
        "placeId" : "ChIJa8pTcMZ544kR8uh_EcuAmt0",
        "name" : "TD Bank",
        "locationConfidence" : 1.8408704
      }, {
        "latitudeE7" : 423489890,
        "longitudeE7" : -711301750,
        "placeId" : "ChIJmUQAX8Z544kRMFjnBLLd0TA",
        "name" : "Insurance Lords",
        "locationConfidence" : 0.87424856
      }, {
        "latitudeE7" : 423488201,
        "longitudeE7" : -711300226,
        "placeId" : "ChIJR7lU9MZ544kRNFi7eRVZc7s",
        "name" : "Mozart Movers",
        "locationConfidence" : 0.51716983
      } ],
      "editConfirmationStatus" : "NOT_CONFIRMED"
    }
  }, {
    "activitySegment" : {
      "startLocation" : {
        "latitudeE7" : 423496784,
        "longitudeE7" : -711306247,
        "sourceInfo" : {
          "deviceTag" : 1259109606
        }
      },
      "endLocation" : {
        "latitudeE7" : 423600910,
        "longitudeE7" : -710941600,
        "placeId" : "ChIJh2oa9apw44kRPCAIs6WO4NA",
        "address" : "77 Massachusetts Ave\nCambridge, MA 02139\nUSA",
        "name" : "Massachusetts Institute of Technology",
        "sourceInfo" : {
          "deviceTag" : 1259109606
        },
        "locationConfidence" : 84.449646
      },
      "duration" : {
        "startTimestampMs" : "1532721552438",
        "endTimestampMs" : "1532745881000"
      },
      "activityType" : "IN_PASSENGER_VEHICLE",
      "confidence" : "LOW",
      "activities" : [ {
        "activityType" : "IN_PASSENGER_VEHICLE",
        "probability" : 56.70722242221249
      }, {
        "activityType" : "WALKING",
        "probability" : 23.684682727038524
      }, {
        "activityType" : "CYCLING",
        "probability" : 9.643823010323759
      } ],
      "waypointPath" : {
        "waypoints" : [ {
          "latE7" : 423497200,
          "lngE7" : -711305541
        }, {
          "latE7" : 423534927,
          "lngE7" : -711085739
        }, {
          "latE7" : 423638153,
          "lngE7" : -710871658
        }, {
          "latE7" : 423609695,
          "lngE7" : -710709533
        }, {
          "latE7" : 423553009,
          "lngE7" : -710763473
        }, {
          "latE7" : 423489723,
          "lngE7" : -710965957
        }, {
          "latE7" : 423482856,
          "lngE7" : -711293640
        } ]
      },
      "simplifiedRawPath" : {
        "points" : [ {
          "latE7" : 423638040,
          "lngE7" : -710871119,
          "timestampMs" : "1532745881000",
          "accuracyMeters" : 22
        }, {
          "latE7" : 423551347,
          "lngE7" : -710762638,
          "timestampMs" : "1532746542000",
          "accuracyMeters" : 24
        }, {
          "latE7" : 423494510,
          "lngE7" : -710946411,
          "timestampMs" : "1532746900488",
          "accuracyMeters" : 17
        } ]
      },
      "editConfirmationStatus" : "NOT_CONFIRMED",
      "parkingEvent" : {
        "timestampMs" : "1532747663171",
        "location" : {
          "latitudeE7" : 423483169,
          "longitudeE7" : -711292706,
          "accuracyMetres" : 96
        }
      }
    }
  }, {
    "placeVisit" : {
      "location" : {
        "latitudeE7" : 423600910,
        "longitudeE7" : -710941600,
        "placeId" : "ChIJh2oa9apw44kRPCAIs6WO4NA",
        "address" : "77 Massachusetts Ave\nCambridge, MA 02139\nUSA",
        "name" : "Massachusetts Institute of Technology",
        "sourceInfo" : {
          "deviceTag" : 1259109606
        },
        "locationConfidence" : 84.449646
      },
      "duration" : {
        "startTimestampMs" : "1532745881000",
        "endTimestampMs" : "1532746174000"
      },
      "placeConfidence" : "MEDIUM_CONFIDENCE",
      "childVisits" : [ {
        "location" : {
          "latitudeE7" : 423636855,
          "longitudeE7" : -710873020,
          "placeId" : "ChIJ5wWDEa9w44kRmWTzX92agxQ",
          "address" : "90 Broadway\nCambridge, MA 02142\nUSA",
          "name" : "Meadhall",
          "sourceInfo" : {
            "deviceTag" : 1259109606
          },
          "locationConfidence" : 63.611084
        },
        "duration" : {
          "startTimestampMs" : "1532745881000",
          "endTimestampMs" : "1532746174000"
        },
        "placeConfidence" : "LOW_CONFIDENCE",
        "centerLatE7" : 423637185,
        "centerLngE7" : -710870108,
        "visitConfidence" : 87,
        "otherCandidateLocations" : [ {
          "latitudeE7" : 423622273,
          "longitudeE7" : -710862274,
          "placeId" : "ChIJ0a1MRa9w44kRjIOGckAkP-0",
          "name" : "Kendall",
          "locationConfidence" : 6.4069543
        }, {
          "latitudeE7" : 423627572,
          "longitudeE7" : -710871087,
          "placeId" : "ChIJq6rqRq9w44kRrYCzCbbWFEg",
          "name" : "Google Cambridge Campus",
          "locationConfidence" : 2.8967278
        }, {
          "latitudeE7" : 423632045,
          "longitudeE7" : -710862716,
          "placeId" : "ChIJEa0db69w44kRmQQpvfhsLIk",
          "name" : "Kendall Center Green Garage",
          "locationConfidence" : 2.344487
        }, {
          "latitudeE7" : 423631368,
          "longitudeE7" : -710865502,
          "placeId" : "ChIJ38dFa69w44kRDZBuTuaYXkk",
          "name" : "Kendall Square Roof Garden",
          "locationConfidence" : 1.3271445
        }, {
          "latitudeE7" : 423630072,
          "longitudeE7" : -710862307,
          "placeId" : "ChIJ7cIjaK9w44kR-N2gr38keZE",
          "name" : "Boston Marriott Cambridge",
          "locationConfidence" : 0.83976907
        }, {
          "latitudeE7" : 423625408,
          "longitudeE7" : -710856037,
          "placeId" : "ChIJ7cIjaK9w44kRkKMaVLBAy_8",
          "name" : "Chipotle Mexican Grill",
          "locationConfidence" : 0.7803529
        }, {
          "latitudeE7" : 423627572,
          "longitudeE7" : -710871087,
          "placeId" : "ChIJWUt0O69w44kRWufdmoN5HAE",
          "name" : "Legal Sea Foods",
          "locationConfidence" : 0.63514847
        }, {
          "latitudeE7" : 423627962,
          "longitudeE7" : -710856091,
          "placeId" : "ChIJyfVhXa9w44kRW7bsCp70jcs",
          "name" : "Champions",
          "locationConfidence" : 0.6170544
        } ],
        "editConfirmationStatus" : "NOT_CONFIRMED"
      } ],
      "centerLatE7" : 423637185,
      "centerLngE7" : -710870108,
      "visitConfidence" : 87,
      "otherCandidateLocations" : [ {
        "latitudeE7" : 423622273,
        "longitudeE7" : -710862274,
        "placeId" : "ChIJ0a1MRa9w44kRjIOGckAkP-0",
        "name" : "Kendall",
        "locationConfidence" : 8.505829
      }, {
        "latitudeE7" : 423627572,
        "longitudeE7" : -710871087,
        "placeId" : "ChIJq6rqRq9w44kRrYCzCbbWFEg",
        "name" : "Google Cambridge Campus",
        "locationConfidence" : 3.8456762
      }, {
        "latitudeE7" : 423627572,
        "longitudeE7" : -710871087,
        "placeId" : "ChIJWUt0O69w44kRWufdmoN5HAE",
        "name" : "Legal Sea Foods",
        "locationConfidence" : 0.8432188
      }, {
        "latitudeE7" : 423627085,
        "longitudeE7" : -710873447,
        "placeId" : "ChIJG5iLOa9w44kR4MJ7M53Aafw",
        "name" : "Clover (KND)",
        "locationConfidence" : 0.26088023
      } ],
      "editConfirmationStatus" : "NOT_CONFIRMED"
    }
  }, {
    "activitySegment" : {
      "startLocation" : {
        "latitudeE7" : 423940346,
        "longitudeE7" : -711265973,
        "sourceInfo" : {
          "deviceTag" : 1259109606
        }
      },
      "endLocation" : {
        "latitudeE7" : 422764172,
        "longitudeE7" : -718012194,
        "sourceInfo" : {
          "deviceTag" : 1259109606
        }
      },
      "duration" : {
        "startTimestampMs" : "1533067700984",
        "endTimestampMs" : "1533072458000"
      },
      "distance" : 77606,
      "activityType" : "IN_PASSENGER_VEHICLE",
      "confidence" : "HIGH",
      "activities" : [ {
        "activityType" : "IN_PASSENGER_VEHICLE",
        "probability" : 97.05654412640277
      }, {
        "activityType" : "IN_BUS",
        "probability" : 1.6479552559790125
      }, {
        "activityType" : "WALKING",
        "probability" : 1.0494729285711477
      } ],
      "waypointPath" : {
        "waypoints" : [ {
          "latE7" : 423940582,
          "lngE7" : -711265563
        }, {
          "latE7" : 423673896,
          "lngE7" : -712698669
        }, {
          "latE7" : 423111343,
          "lngE7" : -713717041
        }, {
          "latE7" : 422148933,
          "lngE7" : -717840194
        }, {
          "latE7" : 422763404,
          "lngE7" : -718012313
        } ]
      },
      "simplifiedRawPath" : {
        "points" : [ {
          "latE7" : 423111233,
          "lngE7" : -713717079,
          "timestampMs" : "1533069974000",
          "accuracyMeters" : 22
        }, {
          "latE7" : 422178634,
          "lngE7" : -717859993,
          "timestampMs" : "1533071919000",
          "accuracyMeters" : 10
        } ]
      },
      "editConfirmationStatus" : "NOT_CONFIRMED",
      "parkingEvent" : {
        "timestampMs" : "1533072455996",
        "location" : {
          "latitudeE7" : 422769304,
          "longitudeE7" : -718018314,
          "accuracyMetres" : 30
        }
      }
    }
  }, {
    "activitySegment" : {
      "startLocation" : {
        "latitudeE7" : 422764172,
        "longitudeE7" : -718012194,
        "sourceInfo" : {
          "deviceTag" : 1259109606
        }
      },
      "endLocation" : {
        "latitudeE7" : 422762715,
        "longitudeE7" : -718013159,
        "sourceInfo" : {
          "deviceTag" : 1259109606
        }
      },
      "duration" : {
        "startTimestampMs" : "1533072458000",
        "endTimestampMs" : "1533093278000"
      },
      "activityType" : "UNKNOWN_ACTIVITY_TYPE",
      "activities" : [ {
        "activityType" : "UNKNOWN_ACTIVITY_TYPE",
        "probability" : 0.0
      } ],
      "simplifiedRawPath" : {
        "points" : [ {
          "latE7" : 422769285,
          "lngE7" : -718018279,
          "timestampMs" : "1533072458000",
          "accuracyMeters" : 10
        } ]
      }
    }
  } ]
}