{
  "timelineObjects" : [ {
    "activitySegment" : {
      "startLocation" : {
        "latitudeE7" : 423887980,
        "longitudeE7" : -711189499,
        "sourceInfo" : {
          "deviceTag" : 1259109606
        }
      },
      "endLocation" : {
        "latitudeE7" : 423803459,
        "longitudeE7" : -710972193,
        "sourceInfo" : {
          "deviceTag" : 1259109606
        }
      },
      "duration" : {
        "startTimestampMs" : "1523565849256",
        "endTimestampMs" : "1523656209128"
      },
      "distance" : 2017,
      "activityType" : "WALKING",
      "confidence" : "LOW",
      "activities" : [ {
        "activityType" : "WALKING",
        "probability" : 54.34153780434991
      }, {
        "activityType" : "IN_PASSENGER_VEHICLE",
        "probability" : 24.93449113634958
      }, {
        "activityType" : "CYCLING",
        "probability" : 9.368059090658988
      } ],
      "waypointPath" : {
        "waypoints" : [ {
          "latE7" : 423886756,
          "lngE7" : -711190872
        }, {
          "latE7" : 423830337,
          "lngE7" : -711055908
        }, {
          "latE7" : 423803024,
          "lngE7" : -710972518
        } ]
      },
      "editConfirmationStatus" : "NOT_CONFIRMED"
    }
  }, {
    "activitySegment" : {
      "startLocation" : {
        "latitudeE7" : 423803459,
        "longitudeE7" : -710972193,
        "sourceInfo" : {
          "deviceTag" : 1259109606
        }
      },
      "endLocation" : {
        "latitudeE7" : 299511647,
        "longitudeE7" : -900662199,
        "sourceInfo" : {
          "deviceTag" : 1259109606
        }
      },
      "duration" : {
        "startTimestampMs" : "1523656209128",
        "endTimestampMs" : "1524615968000"
      },
      "activityType" : "UNKNOWN_ACTIVITY_TYPE",
      "activities" : [ {
        "activityType" : "UNKNOWN_ACTIVITY_TYPE",
        "probability" : 0.0
      } ],
      "simplifiedRawPath" : {
        "points" : [ {
          "latE7" : 423793038,
          "lngE7" : -710947554,
          "timestampMs" : "1523656334000",
          "accuracyMeters" : 10
        } ]
      }
    }
  }, {
    "activitySegment" : {
      "startLocation" : {
        "latitudeE7" : 299511647,
        "longitudeE7" : -900662199,
        "sourceInfo" : {
          "deviceTag" : 1259109606
        }
      },
      "endLocation" : {
        "latitudeE7" : 299469228,
        "longitudeE7" : -900669996,
        "sourceInfo" : {
          "deviceTag" : 1259109606
        }
      },
      "duration" : {
        "startTimestampMs" : "1524615968000",
        "endTimestampMs" : "1524616453905"
      },
      "distance" : 507,
      "activityType" : "WALKING",
      "confidence" : "MEDIUM",
      "activities" : [ {
        "activityType" : "WALKING",
        "probability" : 78.89298178188103
      }, {
        "activityType" : "IN_BUS",
        "probability" : 6.703298552646679
      }, {
        "activityType" : "IN_TRAM",
        "probability" : 5.705526145362384
      } ],
      "waypointPath" : {
        "waypoints" : [ {
          "latE7" : 299511127,
          "lngE7" : -900662689
        }, {
          "latE7" : 299500522,
          "lngE7" : -900665435
        }, {
          "latE7" : 299469432,
          "lngE7" : -900673217
        } ]
      },
      "simplifiedRawPath" : {
        "points" : [ {
          "latE7" : 299511647,
          "lngE7" : -900662199,
          "timestampMs" : "1524615968000",
          "accuracyMeters" : 16
        } ]
      },
      "editConfirmationStatus" : "NOT_CONFIRMED"
    }
  }, {
    "activitySegment" : {
      "startLocation" : {
        "latitudeE7" : 299465051,
        "longitudeE7" : -900672318
      },
      "endLocation" : {
        "latitudeE7" : 299433188,
        "longitudeE7" : -900645273
      },
      "duration" : {
        "startTimestampMs" : "1524616651597",
        "endTimestampMs" : "1524661798000"
      },
      "distance" : 439,
      "activityType" : "IN_PASSENGER_VEHICLE",
      "confidence" : "LOW",
      "activities" : [ {
        "activityType" : "IN_PASSENGER_VEHICLE",
        "probability" : 51.24604713433493
      }, {
        "activityType" : "WALKING",
        "probability" : 40.018614194936305
      }, {
        "activityType" : "CYCLING",
        "probability" : 3.963503393353701
      } ],
      "waypointPath" : {
        "waypoints" : [ {
          "latE7" : 299464321,
          "lngE7" : -900672531
        }, {
          "latE7" : 299430065,
          "lngE7" : -900644836
        }, {
          "latE7" : 299433193,
          "lngE7" : -900644989
        } ]
      },
      "editConfirmationStatus" : "NOT_CONFIRMED"
    }
  }, {
    "activitySegment" : {
      "startLocation" : {
        "latitudeE7" : 299436879,
        "longitudeE7" : -900646519,
        "sourceInfo" : {
          "deviceTag" : 1259109606
        }
      },
      "endLocation" : {
        "latitudeE7" : 299358841,
        "longitudeE7" : -900617203,
        "sourceInfo" : {
          "deviceTag" : 1259109606
        }
      },
      "duration" : {
        "startTimestampMs" : "1524662098000",
        "endTimestampMs" : "1524662283000"
      },
      "distance" : 1250,
      "activityType" : "IN_PASSENGER_VEHICLE",
      "confidence" : "MEDIUM",
      "activities" : [ {
        "activityType" : "IN_PASSENGER_VEHICLE",
        "probability" : 76.74405121505315
      }, {
        "activityType" : "IN_BUS",
        "probability" : 13.059862790283885
      }, {
        "activityType" : "WALKING",
        "probability" : 8.367614219793214
      } ],
      "waypointPath" : {
        "waypoints" : [ {
          "latE7" : 299436874,
          "lngE7" : -900646743
        }, {
          "latE7" : 299417991,
          "lngE7" : -900646057
        }, {
          "latE7" : 299358882,
          "lngE7" : -900617599
        } ]
      },
      "simplifiedRawPath" : {
        "points" : [ {
          "latE7" : 299436879,
          "lngE7" : -900646519,
          "timestampMs" : "1524662098000",
          "accuracyMeters" : 22
        } ]
      },
      "editConfirmationStatus" : "NOT_CONFIRMED",
      "parkingEvent" : {
        "timestampMs" : "1524662283000",
        "location" : {
          "latitudeE7" : 299358841,
          "longitudeE7" : -900617203,
          "accuracyMetres" : 160
        }
      }
    }
  }, {
    "activitySegment" : {
      "startLocation" : {
        "latitudeE7" : 299357707,
        "longitudeE7" : -900617461,
        "sourceInfo" : {
          "deviceTag" : 1259109606
        }
      },
      "endLocation" : {
        "latitudeE7" : 299438063,
        "longitudeE7" : -900652348,
        "sourceInfo" : {
          "deviceTag" : 1259109606
        }
      },
      "duration" : {
        "startTimestampMs" : "1524662283000",
        "endTimestampMs" : "1524700800000"
      },
      "distance" : 1023,
      "activityType" : "WALKING",
      "confidence" : "MEDIUM",
      "activities" : [ {
        "activityType" : "WALKING",
        "probability" : 62.24170518466365
      }, {
        "activityType" : "IN_PASSENGER_VEHICLE",
        "probability" : 26.886622532309566
      }, {
        "activityType" : "CYCLING",
        "probability" : 7.1118316549924785
      } ],
      "waypointPath" : {
        "waypoints" : [ {
          "latE7" : 299357757,
          "lngE7" : -900617752
        }, {
          "latE7" : 299443969,
          "lngE7" : -900649795
        }, {
          "latE7" : 299438056,
          "lngE7" : -900652542
        } ]
      },
      "editConfirmationStatus" : "NOT_CONFIRMED"
    }
  }, {
    "placeVisit" : {
      "location" : {
        "latitudeE7" : 299432870,
        "longitudeE7" : -900648779,
        "placeId" : "ChIJGep2Om6mIIYRcV-GGu5Ztms",
        "address" : "859 Convention Center Blvd\nNew Orleans, LA 70130\nUSA",
        "name" : "New Orleans Downtown Marriott at the Convention Center",
        "sourceInfo" : {
          "deviceTag" : 1259109606
        },
        "locationConfidence" : 85.12808
      },
      "duration" : {
        "startTimestampMs" : "1524701432000",
        "endTimestampMs" : "1524743916000"
      },
      "placeConfidence" : "MEDIUM_CONFIDENCE",
      "centerLatE7" : 299436667,
      "centerLngE7" : -900649400,
      "visitConfidence" : 93,
      "otherCandidateLocations" : [ {
        "latitudeE7" : 299447853,
        "longitudeE7" : -900660210,
        "placeId" : "ChIJMU9p8HGmIIYRmB3oV1JWey4",
        "name" : "Courtyard by Marriott New Orleans Downtown/Convention Center",
        "locationConfidence" : 7.903396
      }, {
        "latitudeE7" : 299424949,
        "longitudeE7" : -900649067,
        "placeId" : "ChIJFR15Mm6mIIYRai7ubf9zUlg",
        "name" : "Hyatt Place New Orleans/Convention Center",
        "locationConfidence" : 1.9519006
      }, {
        "latitudeE7" : 299443480,
        "longitudeE7" : -900654191,
        "placeId" : "ChIJeTwq43GmIIYRXyQ0C6ZO-Qo",
        "name" : "Galliano Restaurant",
        "locationConfidence" : 1.1468388
      }, {
        "latitudeE7" : 299422640,
        "longitudeE7" : -900672420,
        "placeId" : "ChIJcyHKrHGmIIYR2WCyZwWLEI0",
        "name" : "Cochon RESTAURANT",
        "locationConfidence" : 0.9154662
      }, {
        "latitudeE7" : 299450713,
        "longitudeE7" : -900661811,
        "placeId" : "ChIJrWOY93GmIIYRQ30Pu5ERO1M",
        "name" : "Embassy Suites by Hilton New Orleans Convention Center",
        "locationConfidence" : 0.6011843
      }, {
        "latitudeE7" : 299369681,
        "longitudeE7" : -900633645,
        "placeId" : "ChIJJd04RW6mIIYRF3rRsrXpOUQ",
        "name" : "New Orleans Ernest N. Morial Convention Center",
        "locationConfidence" : 0.29729778
      }, {
        "latitudeE7" : 299446160,
        "longitudeE7" : -900672860,
        "placeId" : "ChIJp6mGj3GmIIYRfS0qjpoGsmo",
        "name" : "Emeril's",
        "locationConfidence" : 0.18835017
      }, {
        "latitudeE7" : 299455370,
        "longitudeE7" : -900651400,
        "placeId" : "ChIJn3xO-m2mIIYRiptrKddu2G0",
        "name" : "Omni Riverfront Hotel",
        "locationConfidence" : 0.13694058
      }, {
        "latitudeE7" : 299435182,
        "longitudeE7" : -900653896,
        "placeId" : "ChIJu0I92XGmIIYRlLatCmZMTfk",
        "name" : "Restaurant Rebirth",
        "locationConfidence" : 0.11878608
      } ],
      "editConfirmationStatus" : "NOT_CONFIRMED"
    }
  }, {
    "activitySegment" : {
      "startLocation" : {
        "latitudeE7" : 299433624,
        "longitudeE7" : -900643493,
        "sourceInfo" : {
          "deviceTag" : 1259109606
        }
      },
      "endLocation" : {
        "latitudeE7" : 423651090,
        "longitudeE7" : -710213044,
        "sourceInfo" : {
          "deviceTag" : 1259109606
        }
      },
      "duration" : {
        "startTimestampMs" : "1524743916000",
        "endTimestampMs" : "1524769624001"
      },
      "distance" : 2188996,
      "activityType" : "FLYING",
      "confidence" : "HIGH",
      "activities" : [ {
        "activityType" : "FLYING",
        "probability" : 97.96060496537396
      }, {
        "activityType" : "WALKING",
        "probability" : 0.8543660093358906
      }, {
        "activityType" : "CYCLING",
        "probability" : 0.4278381870670083
      } ],
      "editConfirmationStatus" : "NOT_CONFIRMED"
    }
  }, {
    "activitySegment" : {
      "startLocation" : {
        "latitudeE7" : 423165577,
        "longitudeE7" : -712267894
      },
      "endLocation" : {
        "latitudeE7" : 423145153,
        "longitudeE7" : -712245205
      },
      "duration" : {
        "startTimestampMs" : "1525012584387",
        "endTimestampMs" : "1525012819000"
      },
      "distance" : 302,
      "activityType" : "IN_PASSENGER_VEHICLE",
      "confidence" : "HIGH",
      "activities" : [ {
        "activityType" : "IN_PASSENGER_VEHICLE",
        "probability" : 90.7792613836354
      }, {
        "activityType" : "WALKING",
        "probability" : 7.818278084690903
      }, {
        "activityType" : "CYCLING",
        "probability" : 0.8435449972985959
      } ],
      "waypointPath" : {
        "waypoints" : [ {
          "latE7" : 423165588,
          "lngE7" : -712269439
        }, {
          "latE7" : 423146247,
          "lngE7" : -712248611
        }, {
          "latE7" : 423146629,
          "lngE7" : -712245483
        } ]
      },
      "editConfirmationStatus" : "NOT_CONFIRMED",
      "parkingEvent" : {
        "timestampMs" : "1525012819000",
        "location" : {
          "latitudeE7" : 423145153,
          "longitudeE7" : -712245205,
          "accuracyMetres" : 181
        }
      }
    }
  }, {
    "placeVisit" : {
      "location" : {
        "latitudeE7" : 423142660,
        "longitudeE7" : -712250820,
        "placeId" : "ChIJyTemcEmD44kRms7Un5a3ypY",
        "address" : "1029 Chestnut St\nNewton Upper Falls, MA 02464\nUSA",
        "name" : "Johnson String Instrument Inc",
        "sourceInfo" : {
          "deviceTag" : 1259109606
        },
        "locationConfidence" : 68.32122
      },
      "duration" : {
        "startTimestampMs" : "1525012819000",
        "endTimestampMs" : "1525013168000"
      },
      "placeConfidence" : "LOW_CONFIDENCE",
      "centerLatE7" : 423145731,
      "centerLngE7" : -712245238,
      "visitConfidence" : 87,
      "otherCandidateLocations" : [ {
        "latitudeE7" : 423147478,
        "longitudeE7" : -712250649,
        "placeId" : "ChIJyeX3JzuC44kR5RM6qPCUnDk",
        "name" : "Mobil",
        "locationConfidence" : 8.076279
      }, {
        "latitudeE7" : 423138013,
        "longitudeE7" : -712255822,
        "placeId" : "ChIJAVvVw5l444kRai8IRSvIKjE",
        "semanticType" : "TYPE_SEARCHED_ADDRESS",
        "locationConfidence" : 6.4674954
      }, {
        "latitudeE7" : 423147431,
        "longitudeE7" : -712278378,
        "placeId" : "ChIJ84-I_i-C44kReqF435rTuD8",
        "name" : "Hemlock Gorge Reservation",
        "locationConfidence" : 4.915015
      }, {
        "latitudeE7" : 423139733,
        "longitudeE7" : -712256078,
        "placeId" : "ChIJHz9lKSWC44kRX1jEC1GW8r0",
        "name" : "Carriage House Violins of Johnson String Instrument",
        "locationConfidence" : 4.316764
      }, {
        "latitudeE7" : 423142028,
        "longitudeE7" : -712246183,
        "placeId" : "ChIJh3jE1CSC44kR_iH1GyEJs2M",
        "name" : "EverPresent",
        "locationConfidence" : 2.1452231
      }, {
        "latitudeE7" : 423142085,
        "longitudeE7" : -712246064,
        "placeId" : "ChIJw8g5nCeC44kR-7DkSYJFoTw",
        "name" : "Play it Again Video",
        "locationConfidence" : 0.7977882
      }, {
        "latitudeE7" : 423146744,
        "longitudeE7" : -712253486,
        "placeId" : "ChIJEbVJJiOC44kRZD7MREcwDos",
        "name" : "AGS TAX GROUP",
        "locationConfidence" : 0.4880686
      }, {
        "latitudeE7" : 423145671,
        "longitudeE7" : -712215263,
        "placeId" : "ChIJLYNToTyC44kRy5QoFhH4m4Y",
        "name" : "Emerson Playground",
        "locationConfidence" : 0.4443474
      }, {
        "latitudeE7" : 423145608,
        "longitudeE7" : -712256262,
        "placeId" : "ChIJufoqzjqC44kRPe0hLct81bI",
        "name" : "St. Basil’s Syriac Orthodox Church",
        "locationConfidence" : 0.3669344
      } ],
      "editConfirmationStatus" : "NOT_CONFIRMED"
    }
  }, {
    "activitySegment" : {
      "startLocation" : {
        "latitudeE7" : 423139571,
        "longitudeE7" : -712248388,
        "sourceInfo" : {
          "deviceTag" : 1259109606
        }
      },
      "endLocation" : {
        "latitudeE7" : 423128208,
        "longitudeE7" : -712120628,
        "sourceInfo" : {
          "deviceTag" : 1259109606
        }
      },
      "duration" : {
        "startTimestampMs" : "1525013168000",
        "endTimestampMs" : "1525013374000"
      },
      "distance" : 1813,
      "activityType" : "IN_PASSENGER_VEHICLE",
      "confidence" : "HIGH",
      "activities" : [ {
        "activityType" : "IN_PASSENGER_VEHICLE",
        "probability" : 98.8800510054532
      }, {
        "activityType" : "WALKING",
        "probability" : 0.8548180535255264
      }, {
        "activityType" : "MOTORCYCLING",
        "probability" : 0.14407511934099354
      } ],
      "waypointPath" : {
        "waypoints" : [ {
          "latE7" : 423139648,
          "lngE7" : -712248001
        }, {
          "latE7" : 423074989,
          "lngE7" : -712161407
        }, {
          "latE7" : 423129081,
          "lngE7" : -712119827
        } ]
      },
      "simplifiedRawPath" : {
        "points" : [ {
          "latE7" : 423075190,
          "lngE7" : -712164287,
          "timestampMs" : "1525013309000",
          "accuracyMeters" : 10
        } ]
      },
      "editConfirmationStatus" : "NOT_CONFIRMED",
      "parkingEvent" : {
        "timestampMs" : "1525013374000",
        "location" : {
          "latitudeE7" : 423128208,
          "longitudeE7" : -712120628,
          "accuracyMetres" : 160
        }
      }
    }
  }, {
    "placeVisit" : {
      "location" : {
        "latitudeE7" : 423128208,
        "longitudeE7" : -712120628,
        "placeId" : "ChIJ_zXnbReC44kRg1KjpcSiHqs",
        "address" : "138 Needham St\nNewton, MA 02464\nUSA",
        "name" : "Dunkin'",
        "sourceInfo" : {
          "deviceTag" : 1259109606
        },
        "locationConfidence" : 98.87405
      },
      "duration" : {
        "startTimestampMs" : "1525013374000",
        "endTimestampMs" : "1525017313917"
      },
      "placeConfidence" : "HIGH_CONFIDENCE",
      "centerLatE7" : 423128011,
      "centerLngE7" : -712122766,
      "visitConfidence" : 93,
      "otherCandidateLocations" : [ {
        "latitudeE7" : 423125528,
        "longitudeE7" : -712134831,
        "placeId" : "ChIJAQBAhxeC44kRIsIGmpOlMnE",
        "name" : "Newton Nexus",
        "locationConfidence" : 0.8932082
      }, {
        "latitudeE7" : 423137670,
        "longitudeE7" : -712122200,
        "placeId" : "ChIJC5-dGReC44kR9lHIYfYZW-U",
        "name" : "McDonald's",
        "locationConfidence" : 0.05334991
      }, {
        "latitudeE7" : 423124936,
        "longitudeE7" : -712123533,
        "placeId" : "ChIJBWWKeheC44kRFC63Ju4VV80",
        "name" : "Upper Falls Beverage Store Inc",
        "locationConfidence" : 0.022668999
      }, {
        "latitudeE7" : 423125438,
        "longitudeE7" : -712118623,
        "placeId" : "ChIJS5xhaBeC44kRSwCthn2L3fo",
        "locationConfidence" : 0.013521841
      } ],
      "editConfirmationStatus" : "NOT_CONFIRMED"
    }
  }, {
    "activitySegment" : {
      "startLocation" : {
        "latitudeE7" : 423129441,
        "longitudeE7" : -712119141,
        "sourceInfo" : {
          "deviceTag" : 1259109606
        }
      },
      "endLocation" : {
        "latitudeE7" : 423147431,
        "longitudeE7" : -712278378,
        "sourceInfo" : {
          "deviceTag" : 1259109606
        }
      },
      "duration" : {
        "startTimestampMs" : "1525017313917",
        "endTimestampMs" : "1525018289849"
      },
      "distance" : 2870,
      "activityType" : "IN_PASSENGER_VEHICLE",
      "confidence" : "LOW",
      "activities" : [ {
        "activityType" : "IN_PASSENGER_VEHICLE",
        "probability" : 52.6106514551459
      }, {
        "activityType" : "WALKING",
        "probability" : 43.3421421184744
      }, {
        "activityType" : "IN_BUS",
        "probability" : 3.3247826126698814
      } ],
      "waypointPath" : {
        "waypoints" : [ {
          "latE7" : 423128967,
          "lngE7" : -712119522
        }, {
          "latE7" : 423012199,
          "lngE7" : -712280044
        }, {
          "latE7" : 423152427,
          "lngE7" : -712291259
        } ]
      },
      "editConfirmationStatus" : "NOT_CONFIRMED",
      "parkingEvent" : {
        "timestampMs" : "1525018289849",
        "location" : {
          "latitudeE7" : 423147431,
          "longitudeE7" : -712278378,
          "accuracyMetres" : 182
        }
      }
    }
  }, {
    "placeVisit" : {
      "location" : {
        "latitudeE7" : 423147431,
        "longitudeE7" : -712278378,
        "placeId" : "ChIJ84-I_i-C44kReqF435rTuD8",
        "address" : "21 Bridge St\nNeedham, MA 02494\nUSA",
        "name" : "Hemlock Gorge Reservation",
        "sourceInfo" : {
          "deviceTag" : 1259109606
        },
        "locationConfidence" : 53.362797
      },
      "duration" : {
        "startTimestampMs" : "1525018289849",
        "endTimestampMs" : "1525018667169"
      },
      "placeConfidence" : "LOW_CONFIDENCE",
      "centerLatE7" : 423127414,
      "centerLngE7" : -712275757,
      "visitConfidence" : 87,
      "otherCandidateLocations" : [ {
        "latitudeE7" : 423142660,
        "longitudeE7" : -712250820,
        "placeId" : "ChIJyTemcEmD44kRms7Un5a3ypY",
        "name" : "Johnson String Instrument Inc",
        "locationConfidence" : 31.0818
      }, {
        "latitudeE7" : 423138013,
        "longitudeE7" : -712255822,
        "placeId" : "ChIJAVvVw5l444kRai8IRSvIKjE",
        "semanticType" : "TYPE_SEARCHED_ADDRESS",
        "locationConfidence" : 5.6896996
      }, {
        "latitudeE7" : 423139733,
        "longitudeE7" : -712256078,
        "placeId" : "ChIJHz9lKSWC44kRX1jEC1GW8r0",
        "name" : "Carriage House Violins of Johnson String Instrument",
        "locationConfidence" : 3.8642569
      }, {
        "latitudeE7" : 423134305,
        "longitudeE7" : -712261663,
        "placeId" : "ChIJASn-OyWC44kR5M8yiIGE1l8",
        "name" : "Charles River Reservoir",
        "locationConfidence" : 0.68318206
      }, {
        "latitudeE7" : 423096846,
        "longitudeE7" : -712252389,
        "placeId" : "ChIJyfxyMiSC44kRRuSkZ3_jBM0",
        "name" : "Upper Falls Playground",
        "locationConfidence" : 0.6450505
      }, {
        "latitudeE7" : 423115824,
        "longitudeE7" : -712286444,
        "placeId" : "ChIJnWekZS-C44kRqcXPyiuEuFI",
        "name" : "Brad's Coins, Comics and Cards",
        "locationConfidence" : 0.4932274
      }, {
        "latitudeE7" : 423133790,
        "longitudeE7" : -712253590,
        "placeId" : "ChIJd0F_pfp444kRY4DwiV9q7uA",
        "name" : "StoryHeights Church",
        "locationConfidence" : 0.254495
      }, {
        "latitudeE7" : 423135327,
        "longitudeE7" : -712255174,
        "placeId" : "ChIJWzDuGyWC44kRWKRbYViuWCs",
        "name" : "Cmg Associates Inc",
        "locationConfidence" : 0.16131596
      }, {
        "latitudeE7" : 423138793,
        "longitudeE7" : -712256121,
        "placeId" : "ChIJETQktr2C44kRCkok69irhus",
        "name" : "Mothers Milk Bank Northeast",
        "locationConfidence" : 0.14218937
      } ],
      "editConfirmationStatus" : "NOT_CONFIRMED",
      "simplifiedRawPath" : {
        "points" : [ {
          "latE7" : 423128802,
          "lngE7" : -712280035,
          "timestampMs" : "1525018289849",
          "accuracyMeters" : 32
        }, {
          "latE7" : 423124219,
          "lngE7" : -712275809,
          "timestampMs" : "1525018352526",
          "accuracyMeters" : 45
        }, {
          "latE7" : 423131146,
          "lngE7" : -712273699,
          "timestampMs" : "1525018367638",
          "accuracyMeters" : 31
        }, {
          "latE7" : 423131146,
          "lngE7" : -712273699,
          "timestampMs" : "1525018413049",
          "accuracyMeters" : 100
        } ]
      }
    }
  }, {
    "activitySegment" : {
      "startLocation" : {
        "latitudeE7" : 423147431,
        "longitudeE7" : -712278378,
        "sourceInfo" : {
          "deviceTag" : 1259109606
        }
      },
      "endLocation" : {
        "latitudeE7" : 423657104,
        "longitudeE7" : -711353803,
        "sourceInfo" : {
          "deviceTag" : 1259109606
        }
      },
      "duration" : {
        "startTimestampMs" : "1525018667169",
        "endTimestampMs" : "1525024119754"
      },
      "distance" : 20155,
      "activityType" : "IN_PASSENGER_VEHICLE",
      "confidence" : "HIGH",
      "activities" : [ {
        "activityType" : "IN_PASSENGER_VEHICLE",
        "probability" : 91.62813149643932
      }, {
        "activityType" : "WALKING",
        "probability" : 5.321749793226299
      }, {
        "activityType" : "IN_BUS",
        "probability" : 2.500191693327437
      } ],
      "waypointPath" : {
        "waypoints" : [ {
          "latE7" : 423152427,
          "lngE7" : -712291259
        }, {
          "latE7" : 423167991,
          "lngE7" : -712292938
        }, {
          "latE7" : 423217086,
          "lngE7" : -712359161
        }, {
          "latE7" : 423258590,
          "lngE7" : -712560882
        }, {
          "latE7" : 423255844,
          "lngE7" : -712594375
        }, {
          "latE7" : 423478622,
          "lngE7" : -712274093
        }, {
          "latE7" : 423656730,
          "lngE7" : -711354598
        } ]
      },
      "simplifiedRawPath" : {
        "points" : [ {
          "latE7" : 423174021,
          "lngE7" : -712280321,
          "timestampMs" : "1525019339304",
          "accuracyMeters" : 21
        }, {
          "latE7" : 423211488,
          "lngE7" : -712361757,
          "timestampMs" : "1525019738640",
          "accuracyMeters" : 18
        }, {
          "latE7" : 423257339,
          "lngE7" : -712563899,
          "timestampMs" : "1525020768928",
          "accuracyMeters" : 15
        }, {
          "latE7" : 423255844,
          "lngE7" : -712594403,
          "timestampMs" : "1525021322000",
          "accuracyMeters" : 10
        }, {
          "latE7" : 423478373,
          "lngE7" : -712273009,
          "timestampMs" : "1525021852000",
          "accuracyMeters" : 10
        } ]
      },
      "editConfirmationStatus" : "NOT_CONFIRMED",
      "parkingEvent" : {
        "timestampMs" : "1525024119754",
        "location" : {
          "latitudeE7" : 423657104,
          "longitudeE7" : -711353803,
          "accuracyMetres" : 179
        }
      }
    }
  }, {
    "placeVisit" : {
      "location" : {
        "latitudeE7" : 423657104,
        "longitudeE7" : -711353803,
        "placeId" : "ChIJLfzlAX1344kRiLIzQQ5Jmuc",
        "address" : "Boston, MA 02134\nUSA",
        "name" : "Christian Herter Park",
        "sourceInfo" : {
          "deviceTag" : 1259109606
        },
        "locationConfidence" : 84.155396
      },
      "duration" : {
        "startTimestampMs" : "1525024119754",
        "endTimestampMs" : "1525027051000"
      },
      "placeConfidence" : "MEDIUM_CONFIDENCE",
      "centerLatE7" : 423646778,
      "centerLngE7" : -711371702,
      "visitConfidence" : 93,
      "otherCandidateLocations" : [ {
        "latitudeE7" : 423770029,
        "longitudeE7" : -711166601,
        "placeId" : "ChIJmQF_fUJ344kR8Cck7lzGN1k",
        "name" : "Harvard University",
        "locationConfidence" : 4.633368
      }, {
        "latitudeE7" : 423635465,
        "longitudeE7" : -711369072,
        "placeId" : "ChIJ1295Q9Z544kRNHNdZRFHMWE",
        "name" : "The Skating Club of Boston",
        "locationConfidence" : 4.2816687
      }, {
        "latitudeE7" : 423631949,
        "longitudeE7" : -711357874,
        "placeId" : "ChIJ85NjB9d544kRhMvb6D2DPPI",
        "name" : "Western Ave @ Everett St",
        "locationConfidence" : 1.4381887
      }, {
        "latitudeE7" : 423636040,
        "longitudeE7" : -711369280,
        "placeId" : "ChIJtZMPWdZ544kRbeTZkOatvA4",
        "name" : "Skating Academy Boston",
        "locationConfidence" : 1.127823
      }, {
        "latitudeE7" : 423626393,
        "longitudeE7" : -711394086,
        "placeId" : "ChIJbU1uItR544kRGnafAlGskYU",
        "name" : "Telford 180 Condominium Sales Office",
        "locationConfidence" : 0.7235331
      }, {
        "latitudeE7" : 423627780,
        "longitudeE7" : -711369355,
        "placeId" : "ChIJvbO57dZ544kRr8pA2pSTC80",
        "name" : "McDonald's",
        "locationConfidence" : 0.51454
      }, {
        "latitudeE7" : 423644620,
        "longitudeE7" : -711351080,
        "placeId" : "ChIJSyFwxQp644kR3Y9m64f6hqs",
        "name" : "The Mount Vernon Company",
        "locationConfidence" : 0.23530746
      }, {
        "latitudeE7" : 423640587,
        "longitudeE7" : -711364589,
        "placeId" : "ChIJL4WbUdZ544kRiKwhvV1ZaPA",
        "locationConfidence" : 0.22788641
      }, {
        "latitudeE7" : 423630035,
        "longitudeE7" : -711379319,
        "placeId" : "ChIJj9JxjtZ544kR4gCfeheL_bY",
        "name" : "Shield System Car Wash",
        "locationConfidence" : 0.18612595
      } ],
      "editConfirmationStatus" : "NOT_CONFIRMED",
      "simplifiedRawPath" : {
        "points" : [ {
          "latE7" : 423639238,
          "lngE7" : -711374741,
          "timestampMs" : "1525024240047",
          "accuracyMeters" : 34
        }, {
          "latE7" : 423649148,
          "lngE7" : -711375881,
          "timestampMs" : "1525024500000",
          "accuracyMeters" : 10
        }, {
          "latE7" : 423649148,
          "lngE7" : -711375881,
          "timestampMs" : "1525024652052",
          "accuracyMeters" : 10
        }, {
          "latE7" : 423654756,
          "lngE7" : -711364031,
          "timestampMs" : "1525025400198",
          "accuracyMeters" : 37
        }, {
          "latE7" : 423642029,
          "lngE7" : -711368243,
          "timestampMs" : "1525025956027",
          "accuracyMeters" : 54
        }, {
          "latE7" : 423647986,
          "lngE7" : -711364267,
          "timestampMs" : "1525026985000",
          "accuracyMeters" : 10
        }, {
          "latE7" : 423651009,
          "lngE7" : -711369688,
          "timestampMs" : "1525027015000",
          "accuracyMeters" : 10
        } ]
      }
    }
  }, {
    "activitySegment" : {
      "startLocation" : {
        "latitudeE7" : 423643374,
        "longitudeE7" : -711373287,
        "sourceInfo" : {
          "deviceTag" : 1259109606
        }
      },
      "endLocation" : {
        "latitudeE7" : 423346390,
        "longitudeE7" : -711454627,
        "sourceInfo" : {
          "deviceTag" : 1259109606
        }
      },
      "duration" : {
        "startTimestampMs" : "1525027051000",
        "endTimestampMs" : "1525029096071"
      },
      "distance" : 11706,
      "activityType" : "IN_PASSENGER_VEHICLE",
      "confidence" : "HIGH",
      "activities" : [ {
        "activityType" : "IN_PASSENGER_VEHICLE",
        "probability" : 99.0607713263096
      }, {
        "activityType" : "WALKING",
        "probability" : 0.7005639253496496
      }, {
        "activityType" : "IN_BUS",
        "probability" : 0.14595889165827508
      } ],
      "waypointPath" : {
        "waypoints" : [ {
          "latE7" : 423643302,
          "lngE7" : -711373214
        }, {
          "latE7" : 423610076,
          "lngE7" : -711174240
        }, {
          "latE7" : 423648757,
          "lngE7" : -711071929
        }, {
          "latE7" : 423540267,
          "lngE7" : -711111221
        }, {
          "latE7" : 423496093,
          "lngE7" : -711121520
        }, {
          "latE7" : 423357658,
          "lngE7" : -711417160
        }, {
          "latE7" : 423344078,
          "lngE7" : -711458358
        } ]
      },
      "simplifiedRawPath" : {
        "points" : [ {
          "latE7" : 423610395,
          "lngE7" : -711177546,
          "timestampMs" : "1525027741000",
          "accuracyMeters" : 10
        }, {
          "latE7" : 423648165,
          "lngE7" : -711072152,
          "timestampMs" : "1525027953000",
          "accuracyMeters" : 10
        }, {
          "latE7" : 423538208,
          "lngE7" : -711108892,
          "timestampMs" : "1525028399000",
          "accuracyMeters" : 10
        }, {
          "latE7" : 423497077,
          "lngE7" : -711112019,
          "timestampMs" : "1525028478000",
          "accuracyMeters" : 10
        }, {
          "latE7" : 423353738,
          "lngE7" : -711442355,
          "timestampMs" : "1525029035033",
          "accuracyMeters" : 16
        } ]
      },
      "editConfirmationStatus" : "NOT_CONFIRMED",
      "parkingEvent" : {
        "timestampMs" : "1525029158122",
        "location" : {
          "latitudeE7" : 423346390,
          "longitudeE7" : -711454627,
          "accuracyMetres" : 45
        }
      }
    }
  }, {
    "placeVisit" : {
      "location" : {
        "latitudeE7" : 423345833,
        "longitudeE7" : -711456070,
        "placeId" : "ChIJL6P4T1N444kRUxwGfnTlDvI",
        "address" : "247 Fisher Ave\nBrookline, MA 02445\nUSA",
        "name" : "247 Fisher Ave",
        "semanticType" : "TYPE_HOME",
        "sourceInfo" : {
          "deviceTag" : 1259109606
        },
        "locationConfidence" : 96.11741
      },
      "duration" : {
        "startTimestampMs" : "1525029096071",
        "endTimestampMs" : "1525040537662"
      },
      "placeConfidence" : "HIGH_CONFIDENCE",
      "centerLatE7" : 423345133,
      "centerLngE7" : -711456829,
      "visitConfidence" : 84,
      "otherCandidateLocations" : [ {
        "latitudeE7" : 423350570,
        "longitudeE7" : -711488775,
        "placeId" : "ChIJlzvejVN444kRA845bwOxjVI",
        "name" : "Reservoir",
        "locationConfidence" : 1.1231529
      }, {
        "latitudeE7" : 423361155,
        "longitudeE7" : -711456158,
        "placeId" : "ChIJb1MhJlN444kRe-0qa4Ipj_U",
        "name" : "RentViva Apartments for Rent",
        "locationConfidence" : 0.9043608
      }, {
        "latitudeE7" : 423323150,
        "longitudeE7" : -711467930,
        "placeId" : "ChIJwwDt5VR444kRWF1WfImPQ-M",
        "name" : "Chestnut Hill Ave opp Buckminster Rd",
        "locationConfidence" : 0.4068885
      }, {
        "latitudeE7" : 423340647,
        "longitudeE7" : -711443884,
        "placeId" : "ChIJb9S9rqx544kRu34sbJmR7Y0",
        "name" : "Levine Howard B MD",
        "locationConfidence" : 0.16182908
      }, {
        "latitudeE7" : 423359503,
        "longitudeE7" : -711490210,
        "placeId" : "ChIJIyQrulN444kR_XIChsjuFs4",
        "name" : "CVS",
        "locationConfidence" : 0.13312231
      }, {
        "latitudeE7" : 423367260,
        "longitudeE7" : -711486290,
        "placeId" : "ChIJ1RxyslN444kRqqysFJOU3GI",
        "name" : "Boston Oriental Foot Spa",
        "locationConfidence" : 0.11562786
      } ],
      "editConfirmationStatus" : "NOT_CONFIRMED"
    }
  } ]
}