{
  "timelineObjects" : [ {
    "placeVisit" : {
      "location" : {
        "latitudeE7" : 423345833,
        "longitudeE7" : -711456070,
        "placeId" : "ChIJL6P4T1N444kRUxwGfnTlDvI",
        "address" : "247 Fisher Ave\nBrookline, MA 02445\nUSA",
        "name" : "247 Fisher Ave",
        "semanticType" : "TYPE_HOME",
        "sourceInfo" : {
          "deviceTag" : 1259109606
        },
        "locationConfidence" : 90.999916
      },
      "duration" : {
        "startTimestampMs" : "1525747569000",
        "endTimestampMs" : "1525751177991"
      },
      "placeConfidence" : "MEDIUM_CONFIDENCE",
      "centerLatE7" : 423345230,
      "centerLngE7" : -711458730,
      "visitConfidence" : 81,
      "otherCandidateLocations" : [ {
        "latitudeE7" : 423350570,
        "longitudeE7" : -711488775,
        "placeId" : "ChIJlzvejVN444kRA845bwOxjVI",
        "name" : "Reservoir",
        "locationConfidence" : 4.8301616
      }, {
        "latitudeE7" : 423361155,
        "longitudeE7" : -711456158,
        "placeId" : "ChIJb1MhJlN444kRe-0qa4Ipj_U",
        "name" : "RentViva Apartments for Rent",
        "locationConfidence" : 1.2279729
      }, {
        "latitudeE7" : 423359503,
        "longitudeE7" : -711490210,
        "placeId" : "ChIJIyQrulN444kR_XIChsjuFs4",
        "name" : "CVS",
        "locationConfidence" : 0.8346624
      }, {
        "latitudeE7" : 423366760,
        "longitudeE7" : -711489130,
        "placeId" : "ChIJf_OJs1N444kRe03GfU-3aUs",
        "name" : "Boston Convenience",
        "locationConfidence" : 0.29885885
      }, {
        "latitudeE7" : 423371291,
        "longitudeE7" : -711452620,
        "placeId" : "ChIJazpExVJ444kRkWU-_jWAlZw",
        "name" : "Englewood Ave.",
        "locationConfidence" : 0.1591191
      }, {
        "latitudeE7" : 423364425,
        "longitudeE7" : -711435818,
        "placeId" : "ChIJx-F9F61544kRQrHqJTEJ8MU",
        "name" : "Jean B. Waldstein Playground",
        "locationConfidence" : 0.15182225
      } ],
      "editConfirmationStatus" : "NOT_CONFIRMED"
    }
  }, {
    "placeVisit" : {
      "location" : {
        "latitudeE7" : 423345833,
        "longitudeE7" : -711456070,
        "placeId" : "ChIJL6P4T1N444kRUxwGfnTlDvI",
        "address" : "247 Fisher Ave\nBrookline, MA 02445\nUSA",
        "name" : "247 Fisher Ave",
        "semanticType" : "TYPE_HOME",
        "sourceInfo" : {
          "deviceTag" : 1259109606
        },
        "locationConfidence" : 96.71555
      },
      "duration" : {
        "startTimestampMs" : "1526758617558",
        "endTimestampMs" : "1526991522118"
      },
      "placeConfidence" : "HIGH_CONFIDENCE",
      "centerLatE7" : 423345050,
      "centerLngE7" : -711455575,
      "visitConfidence" : 89,
      "otherCandidateLocations" : [ {
        "latitudeE7" : 423361155,
        "longitudeE7" : -711456158,
        "placeId" : "ChIJb1MhJlN444kRe-0qa4Ipj_U",
        "name" : "RentViva Apartments for Rent",
        "locationConfidence" : 0.7941577
      }, {
        "latitudeE7" : 423340647,
        "longitudeE7" : -711443884,
        "placeId" : "ChIJb9S9rqx544kRu34sbJmR7Y0",
        "name" : "Levine Howard B MD",
        "locationConfidence" : 0.53278273
      }, {
        "latitudeE7" : 423373220,
        "longitudeE7" : -711474701,
        "placeId" : "ChIJjx5L91J444kRfAm9BNpbDqE",
        "name" : "Strathmore Road Apartments",
        "locationConfidence" : 0.413275
      }, {
        "latitudeE7" : 423350570,
        "longitudeE7" : -711488775,
        "placeId" : "ChIJlzvejVN444kRA845bwOxjVI",
        "name" : "Reservoir",
        "locationConfidence" : 0.37829736
      }, {
        "latitudeE7" : 423323150,
        "longitudeE7" : -711467930,
        "placeId" : "ChIJwwDt5VR444kRWF1WfImPQ-M",
        "name" : "Chestnut Hill Ave opp Buckminster Rd",
        "locationConfidence" : 0.22751468
      } ],
      "editConfirmationStatus" : "NOT_CONFIRMED"
    }
  }, {
    "activitySegment" : {
      "startLocation" : {
        "latitudeE7" : 423344813,
        "longitudeE7" : -711455701,
        "sourceInfo" : {
          "deviceTag" : 1259109606
        }
      },
      "endLocation" : {
        "latitudeE7" : 299360083,
        "longitudeE7" : -900614572,
        "sourceInfo" : {
          "deviceTag" : 1259109606
        }
      },
      "duration" : {
        "startTimestampMs" : "1526991522118",
        "endTimestampMs" : "1527033600000"
      },
      "distance" : 2180576,
      "activityType" : "FLYING",
      "confidence" : "LOW",
      "activities" : [ {
        "activityType" : "FLYING",
        "probability" : 53.24049148222668
      }, {
        "activityType" : "IN_PASSENGER_VEHICLE",
        "probability" : 28.597340558723218
      }, {
        "activityType" : "WALKING",
        "probability" : 12.697331980249778
      } ],
      "editConfirmationStatus" : "NOT_CONFIRMED"
    }
  }, {
    "activitySegment" : {
      "startLocation" : {
        "latitudeE7" : 299360083,
        "longitudeE7" : -900614572,
        "sourceInfo" : {
          "deviceTag" : 1259109606
        }
      },
      "endLocation" : {
        "latitudeE7" : 299528323,
        "longitudeE7" : -900743756,
        "sourceInfo" : {
          "deviceTag" : 1259109606
        }
      },
      "duration" : {
        "startTimestampMs" : "1527033600000",
        "endTimestampMs" : "1527081403234"
      },
      "activityType" : "UNKNOWN_ACTIVITY_TYPE",
      "activities" : [ {
        "activityType" : "UNKNOWN_ACTIVITY_TYPE",
        "probability" : 0.0
      } ],
      "simplifiedRawPath" : {
        "points" : [ {
          "latE7" : 299531107,
          "lngE7" : -900717582,
          "timestampMs" : "1527081205141",
          "accuracyMeters" : 17
        } ]
      }
    }
  }, {
    "activitySegment" : {
      "startLocation" : {
        "latitudeE7" : 299528323,
        "longitudeE7" : -900743756,
        "sourceInfo" : {
          "deviceTag" : 1259109606
        }
      },
      "endLocation" : {
        "latitudeE7" : 299417322,
        "longitudeE7" : -900646555,
        "sourceInfo" : {
          "deviceTag" : 1259109606
        }
      },
      "duration" : {
        "startTimestampMs" : "1527081403234",
        "endTimestampMs" : "1527082030349"
      },
      "distance" : 2019,
      "activityType" : "IN_BUS",
      "confidence" : "LOW",
      "activities" : [ {
        "activityType" : "IN_BUS",
        "probability" : 53.25067205337767
      }, {
        "activityType" : "IN_PASSENGER_VEHICLE",
        "probability" : 36.47586691793909
      }, {
        "activityType" : "WALKING",
        "probability" : 8.420059512589015
      } ],
      "transitPath" : {
        "transitStops" : [ {
          "latitudeE7" : 299528323,
          "longitudeE7" : -900743756,
          "placeId" : "ChIJKXTphAqmIIYRAQyjqfoW3-Q",
          "name" : "S. Rampart at Gravier"
        }, {
          "latitudeE7" : 299417322,
          "longitudeE7" : -900646555,
          "placeId" : "ChIJETxPzm-mIIYRBIzjDNgVz2Q",
          "name" : "Convention Center Blvd at Triangle"
        } ],
        "name" : "W-8",
        "hexRgbColor" : "F2E51A"
      },
      "simplifiedRawPath" : {
        "points" : [ {
          "latE7" : 299494905,
          "lngE7" : -900711431,
          "timestampMs" : "1527081517657",
          "accuracyMeters" : 47
        }, {
          "latE7" : 299481329,
          "lngE7" : -900656024,
          "timestampMs" : "1527081638887",
          "accuracyMeters" : 100
        } ]
      },
      "editConfirmationStatus" : "NOT_CONFIRMED"
    }
  }, {
    "placeVisit" : {
      "location" : {
        "latitudeE7" : 299360469,
        "longitudeE7" : -900613931,
        "placeId" : "ChIJbVadMWSmIIYRz1LVs6VfZjM",
        "address" : "1370 Port of New Orleans Pl\nNew Orleans, LA 70130\nUSA",
        "name" : "Tulane River and Coastal Center",
        "sourceInfo" : {
          "deviceTag" : 1259109606
        },
        "locationConfidence" : 98.28624
      },
      "duration" : {
        "startTimestampMs" : "1527082030349",
        "endTimestampMs" : "1527110112661"
      },
      "placeConfidence" : "HIGH_CONFIDENCE",
      "centerLatE7" : 299360000,
      "centerLngE7" : -900614500,
      "visitConfidence" : 87,
      "otherCandidateLocations" : [ {
        "latitudeE7" : 299343128,
        "longitudeE7" : -900627365,
        "placeId" : "ChIJiWZva2SmIIYRSMpV9BV_xhc",
        "locationConfidence" : 1.4641827
      }, {
        "latitudeE7" : 299450702,
        "longitudeE7" : -900621572,
        "placeId" : "ChIJ-R-bCm2mIIYReXq-9yGgXIU",
        "locationConfidence" : 0.11238585
      }, {
        "latitudeE7" : 299369681,
        "longitudeE7" : -900633645,
        "placeId" : "ChIJJd04RW6mIIYRF3rRsrXpOUQ",
        "name" : "New Orleans Ernest N. Morial Convention Center",
        "locationConfidence" : 0.075226605
      }, {
        "latitudeE7" : 299346579,
        "longitudeE7" : -900615820,
        "placeId" : "ChIJWTjotmWmIIYRjo3SZ8nZck4",
        "name" : "Mardi Gras World",
        "locationConfidence" : 0.037140705
      } ],
      "editConfirmationStatus" : "NOT_CONFIRMED"
    }
  }, {
    "activitySegment" : {
      "startLocation" : {
        "latitudeE7" : 299362879,
        "longitudeE7" : -900611217,
        "sourceInfo" : {
          "deviceTag" : 1259109606
        }
      },
      "endLocation" : {
        "latitudeE7" : 423642047,
        "longitudeE7" : -710239989,
        "sourceInfo" : {
          "deviceTag" : 1259109606
        }
      },
      "duration" : {
        "startTimestampMs" : "1527110113489",
        "endTimestampMs" : "1527137253506"
      },
      "distance" : 2189077,
      "activityType" : "WALKING",
      "confidence" : "MEDIUM",
      "activities" : [ {
        "activityType" : "WALKING",
        "probability" : 77.40332013974765
      }, {
        "activityType" : "CYCLING",
        "probability" : 15.932852310332162
      }, {
        "activityType" : "RUNNING",
        "probability" : 4.168384354915152
      } ],
      "editConfirmationStatus" : "NOT_CONFIRMED"
    }
  }, {
    "activitySegment" : {
      "startLocation" : {
        "latitudeE7" : 423642047,
        "longitudeE7" : -710239989,
        "sourceInfo" : {
          "deviceTag" : 1259109606
        }
      },
      "endLocation" : {
        "latitudeE7" : 423436476,
        "longitudeE7" : -711426055,
        "sourceInfo" : {
          "deviceTag" : 1259109606
        }
      },
      "duration" : {
        "startTimestampMs" : "1527137253506",
        "endTimestampMs" : "1527960624124"
      },
      "activityType" : "UNKNOWN_ACTIVITY_TYPE",
      "activities" : [ {
        "activityType" : "UNKNOWN_ACTIVITY_TYPE",
        "probability" : 0.0
      } ],
      "simplifiedRawPath" : {
        "points" : [ {
          "latE7" : 423672662,
          "lngE7" : -710176077,
          "timestampMs" : "1527137278962",
          "accuracyMeters" : 65
        }, {
          "latE7" : 423440195,
          "lngE7" : -711432586,
          "timestampMs" : "1527960482998",
          "accuracyMeters" : 17
        } ]
      }
    }
  } ]
}