{
  "timelineObjects" : [ {
    "placeVisit" : {
      "location" : {
        "latitudeE7" : 423888763,
        "longitudeE7" : -725316777,
        "placeId" : "ChIJu7Zs-HHS5okRBkc_pmaESaM",
        "address" : "161 Commonwealth Ave\nAmherst, MA 01002\nUSA",
        "name" : "Recreation Center",
        "locationConfidence" : 84.04908
      },
      "duration" : {
        "startTimestampMs" : "1427846861853",
        "endTimestampMs" : "1427850804401"
      },
      "centerLatE7" : 423889592,
      "centerLngE7" : -725315396,
      "visitConfidence" : 78,
      "otherCandidateLocations" : [ {
        "latitudeE7" : 423911570,
        "longitudeE7" : -725267120,
        "placeId" : "ChIJZfjw5HPS5okRBY4UiWBY1qA",
        "semanticType" : "TYPE_WORK",
        "locationConfidence" : 15.146805
      }, {
        "latitudeE7" : 423897706,
        "longitudeE7" : -725307027,
        "placeId" : "ChIJd_uNlHHS5okRBMnidSnXRq8",
        "name" : "George N. Parks Minuteman Marching Band Building",
        "locationConfidence" : 0.22437216
      }, {
        "latitudeE7" : 423898874,
        "longitudeE7" : -725336748,
        "placeId" : "ChIJLV2zMW7S5okRbP34oPqhzDo",
        "name" : "Mullins Center",
        "locationConfidence" : 0.21256049
      }, {
        "latitudeE7" : 423877835,
        "longitudeE7" : -725305903,
        "placeId" : "ChIJKzYkPHLS5okRsoOSJRgQ2YE",
        "name" : "Commonwealth Honors College Residential Community",
        "locationConfidence" : 0.10550842
      }, {
        "latitudeE7" : 423878694,
        "longitudeE7" : -725306802,
        "placeId" : "ChIJp1rVeHHS5okRWaCPuTjWT2Q",
        "name" : "Commonwealth Honors College",
        "locationConfidence" : 0.08121191
      }, {
        "latitudeE7" : 423898130,
        "longitudeE7" : -725282500,
        "placeId" : "ChIJMRZ8unHS5okR6-kaDNvl4P0",
        "name" : "Du Bois Library",
        "locationConfidence" : 0.025806135
      }, {
        "latitudeE7" : 423888282,
        "longitudeE7" : -725307876,
        "placeId" : "ChIJd2Hp8nHS5okRfvoIYFF3JRk",
        "name" : "64",
        "locationConfidence" : 0.021084761
      }, {
        "latitudeE7" : 423888627,
        "longitudeE7" : -725316685,
        "placeId" : "ChIJX7Ac-XHS5okRFt3W3OIfRy8",
        "name" : "Courtside Café",
        "locationConfidence" : 0.015489834
      }, {
        "latitudeE7" : 423952970,
        "longitudeE7" : -725280580,
        "placeId" : "ChIJHXb9SnrS5okRd_u_U3sOIv0",
        "semanticType" : "TYPE_SEARCHED_ADDRESS",
        "locationConfidence" : 0.014428423
      } ],
      "editConfirmationStatus" : "NOT_CONFIRMED"
    }
  }, {
    "activitySegment" : {
      "startLocation" : {
        "latitudeE7" : 423888763,
        "longitudeE7" : -725316777,
        "placeId" : "ChIJu7Zs-HHS5okRBkc_pmaESaM",
        "address" : "161 Commonwealth Ave\nAmherst, MA 01002\nUSA",
        "name" : "Recreation Center",
        "locationConfidence" : 84.04908
      },
      "endLocation" : {
        "latitudeE7" : 423891135,
        "longitudeE7" : -725311741
      },
      "duration" : {
        "startTimestampMs" : "1427850804401",
        "endTimestampMs" : "1427851901032"
      },
      "confidence" : "MEDIUM",
      "activities" : [ {
        "activityType" : "WALKING",
        "probability" : 0.0
      }, {
        "activityType" : "CYCLING",
        "probability" : 0.0
      }, {
        "activityType" : "IN_VEHICLE",
        "probability" : 0.0
      }, {
        "activityType" : "FLYING",
        "probability" : 0.0
      } ],
      "waypointPath" : {
        "waypoints" : [ {
          "latE7" : 423888702,
          "lngE7" : -725322189
        }, {
          "latE7" : 423890571,
          "lngE7" : -725311508
        } ]
      },
      "editConfirmationStatus" : "NOT_CONFIRMED"
    }
  }, {
    "placeVisit" : {
      "location" : {
        "latitudeE7" : 423911570,
        "longitudeE7" : -725267120,
        "placeId" : "ChIJZfjw5HPS5okRBY4UiWBY1qA",
        "address" : "Amherst, MA 01003\nUSA",
        "name" : "University of Massachusetts Amherst",
        "semanticType" : "TYPE_WORK",
        "locationConfidence" : 82.118065
      },
      "duration" : {
        "startTimestampMs" : "1427851943908",
        "endTimestampMs" : "1427864460434"
      },
      "centerLatE7" : 423976195,
      "centerLngE7" : -725252297,
      "visitConfidence" : 78,
      "otherCandidateLocations" : [ {
        "latitudeE7" : 423970630,
        "longitudeE7" : -725246544,
        "placeId" : "ChIJvzY9NHnS5okRdpt3qxr4JrM",
        "locationConfidence" : 16.17357
      }, {
        "latitudeE7" : 423984525,
        "longitudeE7" : -725255920,
        "placeId" : "ChIJqZMlvX7S5okRrSTKEpY-RXQ",
        "locationConfidence" : 0.50898045
      }, {
        "latitudeE7" : 423948333,
        "longitudeE7" : -725248870,
        "placeId" : "ChIJ77e8CnnS5okRvgyrAAr5xio",
        "name" : "Northeast Residential Area",
        "locationConfidence" : 0.46588168
      }, {
        "latitudeE7" : 423952970,
        "longitudeE7" : -725280580,
        "placeId" : "ChIJHXb9SnrS5okRd_u_U3sOIv0",
        "semanticType" : "TYPE_SEARCHED_ADDRESS",
        "locationConfidence" : 0.3237566
      }, {
        "latitudeE7" : 423826344,
        "longitudeE7" : -725297150,
        "placeId" : "ChIJM4thN3_S5okRL74mVCDS3MI",
        "name" : "UMass Amherst Residential Life Student Services",
        "locationConfidence" : 0.086009376
      }, {
        "latitudeE7" : 423982195,
        "longitudeE7" : -725264899,
        "placeId" : "ChIJq5rKAnzS5okRDVSYfH1KvSU",
        "name" : "Office of the Dean",
        "locationConfidence" : 0.07830321
      }, {
        "latitudeE7" : 423987270,
        "longitudeE7" : -725151876,
        "placeId" : "ChIJUcJkhYHN5okRThnJLRNd8gk",
        "semanticType" : "TYPE_SEARCHED_ADDRESS",
        "locationConfidence" : 0.07463611
      }, {
        "latitudeE7" : 423956760,
        "longitudeE7" : -725252840,
        "placeId" : "ChIJV7jYbXnS5okR6111li0cT-E",
        "name" : "Totman Gym (Out) (47)",
        "locationConfidence" : 0.0725111
      }, {
        "latitudeE7" : 423961334,
        "longitudeE7" : -725259365,
        "placeId" : "ChIJq6qq6njS5okRGBY9HsUJOnY",
        "name" : "Jane Kent-Braun",
        "locationConfidence" : 0.02803113
      } ],
      "editConfirmationStatus" : "NOT_CONFIRMED"
    }
  }, {
    "placeVisit" : {
      "location" : {
        "latitudeE7" : 423911570,
        "longitudeE7" : -725267120,
        "placeId" : "ChIJZfjw5HPS5okRBY4UiWBY1qA",
        "address" : "Amherst, MA 01003\nUSA",
        "name" : "University of Massachusetts Amherst",
        "semanticType" : "TYPE_WORK",
        "locationConfidence" : 82.96655
      },
      "duration" : {
        "startTimestampMs" : "1427907895941",
        "endTimestampMs" : "1427911321746"
      },
      "centerLatE7" : 423976800,
      "centerLngE7" : -725252941,
      "visitConfidence" : 78,
      "otherCandidateLocations" : [ {
        "latitudeE7" : 423970630,
        "longitudeE7" : -725246544,
        "placeId" : "ChIJvzY9NHnS5okRdpt3qxr4JrM",
        "locationConfidence" : 14.972432
      }, {
        "latitudeE7" : 423984525,
        "longitudeE7" : -725255920,
        "placeId" : "ChIJqZMlvX7S5okRrSTKEpY-RXQ",
        "locationConfidence" : 0.73122406
      }, {
        "latitudeE7" : 423948333,
        "longitudeE7" : -725248870,
        "placeId" : "ChIJ77e8CnnS5okRvgyrAAr5xio",
        "name" : "Northeast Residential Area",
        "locationConfidence" : 0.48266613
      }, {
        "latitudeE7" : 423952970,
        "longitudeE7" : -725280580,
        "placeId" : "ChIJHXb9SnrS5okRd_u_U3sOIv0",
        "semanticType" : "TYPE_SEARCHED_ADDRESS",
        "locationConfidence" : 0.37837252
      }, {
        "latitudeE7" : 423982195,
        "longitudeE7" : -725264899,
        "placeId" : "ChIJq5rKAnzS5okRDVSYfH1KvSU",
        "name" : "Office of the Dean",
        "locationConfidence" : 0.095525905
      }, {
        "latitudeE7" : 423956760,
        "longitudeE7" : -725252840,
        "placeId" : "ChIJV7jYbXnS5okR6111li0cT-E",
        "name" : "Totman Gym (Out) (47)",
        "locationConfidence" : 0.08952664
      }, {
        "latitudeE7" : 423987270,
        "longitudeE7" : -725151876,
        "placeId" : "ChIJUcJkhYHN5okRThnJLRNd8gk",
        "semanticType" : "TYPE_SEARCHED_ADDRESS",
        "locationConfidence" : 0.08610465
      }, {
        "latitudeE7" : 423826344,
        "longitudeE7" : -725297150,
        "placeId" : "ChIJM4thN3_S5okRL74mVCDS3MI",
        "name" : "UMass Amherst Residential Life Student Services",
        "locationConfidence" : 0.082232215
      }, {
        "latitudeE7" : 423961334,
        "longitudeE7" : -725259365,
        "placeId" : "ChIJq6qq6njS5okRGBY9HsUJOnY",
        "name" : "Jane Kent-Braun",
        "locationConfidence" : 0.026964862
      } ],
      "editConfirmationStatus" : "NOT_CONFIRMED"
    }
  }, {
    "placeVisit" : {
      "location" : {
        "latitudeE7" : 423911570,
        "longitudeE7" : -725267120,
        "placeId" : "ChIJZfjw5HPS5okRBY4UiWBY1qA",
        "address" : "Amherst, MA 01003\nUSA",
        "name" : "University of Massachusetts Amherst",
        "semanticType" : "TYPE_WORK",
        "locationConfidence" : 95.88793
      },
      "duration" : {
        "startTimestampMs" : "1428011976381",
        "endTimestampMs" : "1428017564580"
      },
      "centerLatE7" : 423978019,
      "centerLngE7" : -725253900,
      "visitConfidence" : 69,
      "otherCandidateLocations" : [ {
        "latitudeE7" : 423970630,
        "longitudeE7" : -725246544,
        "placeId" : "ChIJvzY9NHnS5okRdpt3qxr4JrM",
        "locationConfidence" : 2.5045846
      }, {
        "latitudeE7" : 423948333,
        "longitudeE7" : -725248870,
        "placeId" : "ChIJ77e8CnnS5okRvgyrAAr5xio",
        "name" : "Northeast Residential Area",
        "locationConfidence" : 0.6426159
      }, {
        "latitudeE7" : 423984525,
        "longitudeE7" : -725255920,
        "placeId" : "ChIJqZMlvX7S5okRrSTKEpY-RXQ",
        "locationConfidence" : 0.3556674
      }, {
        "latitudeE7" : 423952970,
        "longitudeE7" : -725280580,
        "placeId" : "ChIJHXb9SnrS5okRd_u_U3sOIv0",
        "semanticType" : "TYPE_SEARCHED_ADDRESS",
        "locationConfidence" : 0.33252317
      }, {
        "latitudeE7" : 423987270,
        "longitudeE7" : -725151876,
        "placeId" : "ChIJUcJkhYHN5okRThnJLRNd8gk",
        "semanticType" : "TYPE_SEARCHED_ADDRESS",
        "locationConfidence" : 0.09285193
      }, {
        "latitudeE7" : 423826344,
        "longitudeE7" : -725297150,
        "placeId" : "ChIJM4thN3_S5okRL74mVCDS3MI",
        "name" : "UMass Amherst Residential Life Student Services",
        "locationConfidence" : 0.05362939
      }, {
        "latitudeE7" : 423982195,
        "longitudeE7" : -725264899,
        "placeId" : "ChIJq5rKAnzS5okRDVSYfH1KvSU",
        "name" : "Office of the Dean",
        "locationConfidence" : 0.040353455
      }, {
        "latitudeE7" : 423956760,
        "longitudeE7" : -725252840,
        "placeId" : "ChIJV7jYbXnS5okR6111li0cT-E",
        "name" : "Totman Gym (Out) (47)",
        "locationConfidence" : 0.035742283
      }, {
        "latitudeE7" : 423961334,
        "longitudeE7" : -725259365,
        "placeId" : "ChIJq6qq6njS5okRGBY9HsUJOnY",
        "name" : "Jane Kent-Braun",
        "locationConfidence" : 0.010554837
      } ],
      "editConfirmationStatus" : "NOT_CONFIRMED",
      "simplifiedRawPath" : {
        "points" : [ {
          "latE7" : 423975626,
          "lngE7" : -725252919,
          "timestampMs" : "1428012142294",
          "accuracyMeters" : 25
        }, {
          "latE7" : 423984181,
          "lngE7" : -725260873,
          "timestampMs" : "1428016876832",
          "accuracyMeters" : 24
        }, {
          "latE7" : 423984181,
          "lngE7" : -725260873,
          "timestampMs" : "1428016932634",
          "accuracyMeters" : 24
        } ]
      }
    }
  } ]
}