{
  "timelineObjects" : [ {
    "activitySegment" : {
      "startLocation" : {
      },
      "endLocation" : {
      },
      "duration" : {
        "startTimestampMs" : "1414891214764",
        "endTimestampMs" : "1414891791113"
      },
      "distance" : 385,
      "confidence" : "UNKNOWN_CONFIDENCE",
      "activities" : [ {
        "activityType" : "UNKNOWN_ACTIVITY_TYPE",
        "probability" : 0.0
      } ],
      "editConfirmationStatus" : "NOT_CONFIRMED"
    }
  }, {
    "activitySegment" : {
      "startLocation" : {
        "latitudeE7" : 424124563,
        "longitudeE7" : -725288772
      },
      "endLocation" : {
        "latitudeE7" : 424124563,
        "longitudeE7" : -725288772
      },
      "duration" : {
        "startTimestampMs" : "1414900474199",
        "endTimestampMs" : "1414900558137"
      },
      "distance" : 73,
      "confidence" : "LOW",
      "activities" : [ {
        "activityType" : "WALKING",
        "probability" : 0.0
      }, {
        "activityType" : "CYCLING",
        "probability" : 0.0
      }, {
        "activityType" : "IN_VEHICLE",
        "probability" : 0.0
      }, {
        "activityType" : "FLYING",
        "probability" : 0.0
      } ],
      "editConfirmationStatus" : "NOT_CONFIRMED"
    }
  }, {
    "placeVisit" : {
      "location" : {
        "latitudeE7" : 423911569,
        "longitudeE7" : -725267121,
        "placeId" : "ChIJZfjw5HPS5okRBY4UiWBY1qA",
        "address" : "Amherst, MA 01003\nUSA",
        "name" : "University of Massachusetts Amherst",
        "locationConfidence" : 99.009834
      },
      "duration" : {
        "startTimestampMs" : "1414906933883",
        "endTimestampMs" : "1414910590687"
      },
      "centerLatE7" : 424067106,
      "centerLngE7" : -725356659,
      "visitConfidence" : 79,
      "otherCandidateLocations" : [ {
        "latitudeE7" : 424076263,
        "longitudeE7" : -725357239,
        "placeId" : "ChIJU_zyI4nS5okRkFQKdOvZUQA",
        "name" : "Brandywine Apartments",
        "locationConfidence" : 0.6156041
      }, {
        "latitudeE7" : 424033268,
        "longitudeE7" : -725326728,
        "placeId" : "ChIJDyxbomLS5okRMZYx7NXmJ3E",
        "locationConfidence" : 0.3326568
      }, {
        "latitudeE7" : 424087732,
        "longitudeE7" : -725342440,
        "placeId" : "ChIJf4GZFY_S5okRcshAdbzDPf0",
        "name" : "Townehouse Amherst",
        "locationConfidence" : 0.03126483
      }, {
        "latitudeE7" : 424058690,
        "longitudeE7" : -725324860,
        "placeId" : "ChIJRQOhgYjS5okRPeEPIf-BAao",
        "name" : "Puffton Village 1 (34)",
        "locationConfidence" : 0.010642607
      } ],
      "editConfirmationStatus" : "NOT_CONFIRMED"
    }
  }, {
    "activitySegment" : {
      "startLocation" : {
      },
      "endLocation" : {
      },
      "duration" : {
        "startTimestampMs" : "1414910604487",
        "endTimestampMs" : "1414912547130"
      },
      "distance" : 1379,
      "confidence" : "UNKNOWN_CONFIDENCE",
      "activities" : [ {
        "activityType" : "UNKNOWN_ACTIVITY_TYPE",
        "probability" : 0.0
      } ],
      "editConfirmationStatus" : "NOT_CONFIRMED"
    }
  }, {
    "placeVisit" : {
      "location" : {
        "latitudeE7" : 423911569,
        "longitudeE7" : -725267121,
        "placeId" : "ChIJZfjw5HPS5okRBY4UiWBY1qA",
        "address" : "Amherst, MA 01003\nUSA",
        "name" : "University of Massachusetts Amherst",
        "locationConfidence" : 69.30218
      },
      "duration" : {
        "startTimestampMs" : "1414953855982",
        "endTimestampMs" : "1415005697112"
      },
      "centerLatE7" : 424017050,
      "centerLngE7" : -725319850,
      "visitConfidence" : 77,
      "otherCandidateLocations" : [ {
        "latitudeE7" : 423975787,
        "longitudeE7" : -725251434,
        "locationConfidence" : 29.530611
      }, {
        "latitudeE7" : 423952970,
        "longitudeE7" : -725280580,
        "placeId" : "ChIJHXb9SnrS5okRd_u_U3sOIv0",
        "semanticType" : "TYPE_SEARCHED_ADDRESS",
        "locationConfidence" : 0.71830374
      }, {
        "latitudeE7" : 424033268,
        "longitudeE7" : -725326728,
        "placeId" : "ChIJDyxbomLS5okRMZYx7NXmJ3E",
        "locationConfidence" : 0.43716255
      }, {
        "latitudeE7" : 424024470,
        "longitudeE7" : -725290300,
        "placeId" : "ChIJuVpXgX3S5okRFumsgqtwoMY",
        "name" : "Amhrst Pleasant Meadow Child",
        "locationConfidence" : 0.004627924
      }, {
        "latitudeE7" : 424038510,
        "longitudeE7" : -725294420,
        "placeId" : "ChIJAUHKn4fS5okR2pABE7Z0haw",
        "name" : "Crestview (37)",
        "locationConfidence" : 0.0027820237
      }, {
        "latitudeE7" : 424031980,
        "longitudeE7" : -725291600,
        "placeId" : "ChIJsYCqeYfS5okReMcnInxg6E8",
        "name" : "North Village (38)",
        "locationConfidence" : 0.0023454595
      }, {
        "latitudeE7" : 424032009,
        "longitudeE7" : -725338436,
        "placeId" : "ChIJM7S-B3RaZlMReyKQMfuaZV8",
        "name" : "Elenie King Massage",
        "locationConfidence" : 0.0019886065
      } ],
      "editConfirmationStatus" : "NOT_CONFIRMED"
    }
  }, {
    "placeVisit" : {
      "location" : {
        "latitudeE7" : 423911569,
        "longitudeE7" : -725267121,
        "placeId" : "ChIJZfjw5HPS5okRBY4UiWBY1qA",
        "address" : "Amherst, MA 01003\nUSA",
        "name" : "University of Massachusetts Amherst",
        "locationConfidence" : 99.58206
      },
      "duration" : {
        "startTimestampMs" : "1415556245973",
        "endTimestampMs" : "1415570933287"
      },
      "centerLatE7" : 424064750,
      "centerLngE7" : -725361350,
      "visitConfidence" : 77,
      "otherCandidateLocations" : [ {
        "latitudeE7" : 424033268,
        "longitudeE7" : -725326728,
        "placeId" : "ChIJDyxbomLS5okRMZYx7NXmJ3E",
        "locationConfidence" : 0.33578327
      }, {
        "latitudeE7" : 424076263,
        "longitudeE7" : -725357239,
        "placeId" : "ChIJU_zyI4nS5okRkFQKdOvZUQA",
        "name" : "Brandywine Apartments",
        "locationConfidence" : 0.06414235
      }, {
        "latitudeE7" : 424087732,
        "longitudeE7" : -725342440,
        "placeId" : "ChIJf4GZFY_S5okRcshAdbzDPf0",
        "name" : "Townehouse Amherst",
        "locationConfidence" : 0.011575868
      }, {
        "latitudeE7" : 424058690,
        "longitudeE7" : -725324860,
        "placeId" : "ChIJRQOhgYjS5okRPeEPIf-BAao",
        "name" : "Puffton Village 1 (34)",
        "locationConfidence" : 0.0064404914
      } ],
      "editConfirmationStatus" : "NOT_CONFIRMED"
    }
  }, {
    "placeVisit" : {
      "location" : {
        "latitudeE7" : 423888763,
        "longitudeE7" : -725316777,
        "placeId" : "ChIJu7Zs-HHS5okRBkc_pmaESaM",
        "address" : "161 Commonwealth Ave\nAmherst, MA 01002\nUSA",
        "name" : "Recreation Center",
        "locationConfidence" : 71.69984
      },
      "duration" : {
        "startTimestampMs" : "1415627384025",
        "endTimestampMs" : "1415629521518"
      },
      "centerLatE7" : 423890442,
      "centerLngE7" : -725316336,
      "visitConfidence" : 77,
      "otherCandidateLocations" : [ {
        "latitudeE7" : 423911570,
        "longitudeE7" : -725267120,
        "placeId" : "ChIJZfjw5HPS5okRBY4UiWBY1qA",
        "semanticType" : "TYPE_WORK",
        "locationConfidence" : 27.3258
      }, {
        "latitudeE7" : 423877835,
        "longitudeE7" : -725305903,
        "placeId" : "ChIJKzYkPHLS5okRsoOSJRgQ2YE",
        "name" : "Commonwealth Honors College Residential Community",
        "locationConfidence" : 0.2139431
      }, {
        "latitudeE7" : 423878694,
        "longitudeE7" : -725306802,
        "placeId" : "ChIJp1rVeHHS5okRWaCPuTjWT2Q",
        "name" : "Commonwealth Honors College",
        "locationConfidence" : 0.20825481
      }, {
        "latitudeE7" : 423897706,
        "longitudeE7" : -725307027,
        "placeId" : "ChIJd_uNlHHS5okRBMnidSnXRq8",
        "name" : "George N. Parks Minuteman Marching Band Building",
        "locationConfidence" : 0.20076093
      }, {
        "latitudeE7" : 423898874,
        "longitudeE7" : -725336748,
        "placeId" : "ChIJLV2zMW7S5okRbP34oPqhzDo",
        "name" : "Mullins Center",
        "locationConfidence" : 0.1325959
      }, {
        "latitudeE7" : 423888282,
        "longitudeE7" : -725307876,
        "placeId" : "ChIJd2Hp8nHS5okRfvoIYFF3JRk",
        "name" : "64",
        "locationConfidence" : 0.025220988
      }, {
        "latitudeE7" : 423898130,
        "longitudeE7" : -725282500,
        "placeId" : "ChIJMRZ8unHS5okR6-kaDNvl4P0",
        "name" : "Du Bois Library",
        "locationConfidence" : 0.024892893
      }, {
        "latitudeE7" : 423880133,
        "longitudeE7" : -725312877,
        "placeId" : "ChIJV1wgEXLS5okROQIb23lhvGc",
        "name" : "Birch Hall",
        "locationConfidence" : 0.020626526
      }, {
        "latitudeE7" : 423952970,
        "longitudeE7" : -725280580,
        "placeId" : "ChIJHXb9SnrS5okRd_u_U3sOIv0",
        "semanticType" : "TYPE_SEARCHED_ADDRESS",
        "locationConfidence" : 0.017969035
      } ],
      "editConfirmationStatus" : "NOT_CONFIRMED"
    }
  }, {
    "activitySegment" : {
      "startLocation" : {
        "latitudeE7" : 423890442,
        "longitudeE7" : -725316336
      },
      "endLocation" : {
        "latitudeE7" : 423975984,
        "longitudeE7" : -725252813
      },
      "duration" : {
        "startTimestampMs" : "1415629521518",
        "endTimestampMs" : "1415630507491"
      },
      "activityType" : "UNKNOWN_ACTIVITY_TYPE",
      "activities" : [ {
        "activityType" : "UNKNOWN_ACTIVITY_TYPE",
        "probability" : 0.0
      } ],
      "simplifiedRawPath" : {
        "points" : [ {
          "latE7" : 423931507,
          "lngE7" : -725265081,
          "timestampMs" : "1415630038242",
          "accuracyMeters" : 48
        }, {
          "latE7" : 423933270,
          "lngE7" : -725253351,
          "timestampMs" : "1415630094204",
          "accuracyMeters" : 39
        } ]
      }
    }
  }, {
    "placeVisit" : {
      "location" : {
        "latitudeE7" : 423911570,
        "longitudeE7" : -725267120,
        "placeId" : "ChIJZfjw5HPS5okRBY4UiWBY1qA",
        "address" : "Amherst, MA 01003\nUSA",
        "name" : "University of Massachusetts Amherst",
        "semanticType" : "TYPE_WORK",
        "locationConfidence" : 70.67714
      },
      "duration" : {
        "startTimestampMs" : "1415746963508",
        "endTimestampMs" : "1415747574378"
      },
      "centerLatE7" : 423951838,
      "centerLngE7" : -725252775,
      "visitConfidence" : 65,
      "otherCandidateLocations" : [ {
        "latitudeE7" : 423975787,
        "longitudeE7" : -725251434,
        "locationConfidence" : 14.408456
      }, {
        "latitudeE7" : 423948333,
        "longitudeE7" : -725248870,
        "placeId" : "ChIJ77e8CnnS5okRvgyrAAr5xio",
        "name" : "Northeast Residential Area",
        "locationConfidence" : 12.373446
      }, {
        "latitudeE7" : 423956760,
        "longitudeE7" : -725252840,
        "placeId" : "ChIJV7jYbXnS5okR6111li0cT-E",
        "name" : "Totman Gym (Out) (47)",
        "locationConfidence" : 1.4443572
      }, {
        "latitudeE7" : 423970630,
        "longitudeE7" : -725246544,
        "placeId" : "ChIJvzY9NHnS5okRdpt3qxr4JrM",
        "locationConfidence" : 0.35337085
      }, {
        "latitudeE7" : 423952970,
        "longitudeE7" : -725280580,
        "placeId" : "ChIJHXb9SnrS5okRd_u_U3sOIv0",
        "semanticType" : "TYPE_SEARCHED_ADDRESS",
        "locationConfidence" : 0.29411748
      }, {
        "latitudeE7" : 423942766,
        "longitudeE7" : -725269950,
        "placeId" : "ChIJWaInJ3rS5okRc0neZcEm1g0",
        "name" : "Science and Engineering Library",
        "locationConfidence" : 0.13884825
      }, {
        "latitudeE7" : 423936187,
        "longitudeE7" : -725242669,
        "placeId" : "ChIJi9CSx3nS5okRFjJGrcqb7QI",
        "name" : "Pita Pit",
        "locationConfidence" : 0.09526347
      }, {
        "latitudeE7" : 423944122,
        "longitudeE7" : -725260586,
        "placeId" : "ChIJMcq4iHnS5okRpWHD4zsK5V4",
        "name" : "School of Public Health and Health Sciences",
        "locationConfidence" : 0.030541237
      }, {
        "latitudeE7" : 423961334,
        "longitudeE7" : -725259366,
        "placeId" : "ChIJuw4BZ3nS5okRNEgb3LYq06k",
        "name" : "Department of Kinesiology",
        "locationConfidence" : 0.025985153
      } ],
      "editConfirmationStatus" : "NOT_CONFIRMED",
      "simplifiedRawPath" : {
        "points" : [ {
          "latE7" : 423951622,
          "lngE7" : -725253555,
          "timestampMs" : "1415747011197",
          "accuracyMeters" : 37
        }, {
          "latE7" : 423945573,
          "lngE7" : -725250649,
          "timestampMs" : "1415747067856",
          "accuracyMeters" : 43
        }, {
          "latE7" : 423958561,
          "lngE7" : -725252184,
          "timestampMs" : "1415747521186",
          "accuracyMeters" : 28
        } ]
      }
    }
  }, {
    "activitySegment" : {
      "startLocation" : {
        "latitudeE7" : 423951838,
        "longitudeE7" : -725252775
      },
      "endLocation" : {
        "latitudeE7" : 423896591,
        "longitudeE7" : -725281064
      },
      "duration" : {
        "startTimestampMs" : "1415747574378",
        "endTimestampMs" : "1415830482184"
      },
      "activityType" : "UNKNOWN_ACTIVITY_TYPE",
      "activities" : [ {
        "activityType" : "UNKNOWN_ACTIVITY_TYPE",
        "probability" : 0.0
      } ],
      "simplifiedRawPath" : {
        "points" : [ {
          "latE7" : 423967304,
          "lngE7" : -725255437,
          "timestampMs" : "1415748046416",
          "accuracyMeters" : 32
        } ]
      }
    }
  }, {
    "placeVisit" : {
      "location" : {
        "latitudeE7" : 423911570,
        "longitudeE7" : -725267120,
        "placeId" : "ChIJZfjw5HPS5okRBY4UiWBY1qA",
        "address" : "Amherst, MA 01003\nUSA",
        "name" : "University of Massachusetts Amherst",
        "semanticType" : "TYPE_WORK",
        "locationConfidence" : 91.83531
      },
      "duration" : {
        "startTimestampMs" : "1415830482184",
        "endTimestampMs" : "1415831028357"
      },
      "centerLatE7" : 423896591,
      "centerLngE7" : -725281064,
      "visitConfidence" : 77,
      "otherCandidateLocations" : [ {
        "latitudeE7" : 423898130,
        "longitudeE7" : -725282500,
        "placeId" : "ChIJMRZ8unHS5okR6-kaDNvl4P0",
        "name" : "Du Bois Library",
        "locationConfidence" : 7.996572
      }, {
        "latitudeE7" : 423900158,
        "longitudeE7" : -725299477,
        "placeId" : "ChIJWaMxBHHS5okREXwPsXHs57w",
        "name" : "Department of Communication",
        "locationConfidence" : 0.047035538
      }, {
        "latitudeE7" : 423975787,
        "longitudeE7" : -725251434,
        "locationConfidence" : 0.046374973
      }, {
        "latitudeE7" : 423895046,
        "longitudeE7" : -725289265,
        "placeId" : "ChIJR5OCdHHS5okRC8QiBIKX-Ck",
        "name" : "Department of Linguistics",
        "locationConfidence" : 0.016451754
      }, {
        "latitudeE7" : 423917296,
        "longitudeE7" : -725270232,
        "placeId" : "ChIJdRw-NXDS5okR1zekivOIbZ4",
        "name" : "Bookstore",
        "locationConfidence" : 0.0074861073
      }, {
        "latitudeE7" : 423877835,
        "longitudeE7" : -725305903,
        "placeId" : "ChIJKzYkPHLS5okRsoOSJRgQ2YE",
        "name" : "Commonwealth Honors College Residential Community",
        "locationConfidence" : 0.0068880282
      }, {
        "latitudeE7" : 423895045,
        "longitudeE7" : -725289266,
        "placeId" : "ChIJwVVDc3HS5okR-Dw_qmAV9Aw",
        "name" : "College of Humanities and Fine Arts",
        "locationConfidence" : 0.0050386833
      }, {
        "latitudeE7" : 423897706,
        "longitudeE7" : -725307027,
        "placeId" : "ChIJd_uNlHHS5okRBMnidSnXRq8",
        "name" : "George N. Parks Minuteman Marching Band Building",
        "locationConfidence" : 0.0049049947
      }, {
        "latitudeE7" : 423952970,
        "longitudeE7" : -725280580,
        "placeId" : "ChIJHXb9SnrS5okRd_u_U3sOIv0",
        "semanticType" : "TYPE_SEARCHED_ADDRESS",
        "locationConfidence" : 0.0032813651
      } ],
      "editConfirmationStatus" : "NOT_CONFIRMED"
    }
  }, {
    "placeVisit" : {
      "location" : {
        "latitudeE7" : 423911569,
        "longitudeE7" : -725267121,
        "placeId" : "ChIJZfjw5HPS5okRBY4UiWBY1qA",
        "address" : "Amherst, MA 01003\nUSA",
        "name" : "University of Massachusetts Amherst",
        "locationConfidence" : 99.42176
      },
      "duration" : {
        "startTimestampMs" : "1415942550295",
        "endTimestampMs" : "1415981139161"
      },
      "centerLatE7" : 424064876,
      "centerLngE7" : -725362079,
      "visitConfidence" : 64,
      "otherCandidateLocations" : [ {
        "latitudeE7" : 424033268,
        "longitudeE7" : -725326728,
        "placeId" : "ChIJDyxbomLS5okRMZYx7NXmJ3E",
        "locationConfidence" : 0.4598783
      }, {
        "latitudeE7" : 424076263,
        "longitudeE7" : -725357239,
        "placeId" : "ChIJU_zyI4nS5okRkFQKdOvZUQA",
        "name" : "Brandywine Apartments",
        "locationConfidence" : 0.08814327
      }, {
        "latitudeE7" : 424087732,
        "longitudeE7" : -725342440,
        "placeId" : "ChIJf4GZFY_S5okRcshAdbzDPf0",
        "name" : "Townehouse Amherst",
        "locationConfidence" : 0.021435028
      }, {
        "latitudeE7" : 424058690,
        "longitudeE7" : -725324860,
        "placeId" : "ChIJRQOhgYjS5okRPeEPIf-BAao",
        "name" : "Puffton Village 1 (34)",
        "locationConfidence" : 0.00878664
      } ],
      "editConfirmationStatus" : "NOT_CONFIRMED"
    }
  }, {
    "activitySegment" : {
      "startLocation" : {
        "latitudeE7" : 424064876,
        "longitudeE7" : -725362079
      },
      "endLocation" : {
        "latitudeE7" : 423984540,
        "longitudeE7" : -725248260
      },
      "duration" : {
        "startTimestampMs" : "1415981139161",
        "endTimestampMs" : "1416093095924"
      },
      "activityType" : "UNKNOWN_ACTIVITY_TYPE",
      "activities" : [ {
        "activityType" : "UNKNOWN_ACTIVITY_TYPE",
        "probability" : 0.0
      } ],
      "simplifiedRawPath" : {
        "points" : [ {
          "latE7" : 423928954,
          "lngE7" : -725339723,
          "timestampMs" : "1415995650091",
          "accuracyMeters" : 9
        }, {
          "latE7" : 423923225,
          "lngE7" : -725255022,
          "timestampMs" : "1416083878772",
          "accuracyMeters" : 10
        }, {
          "latE7" : 423847212,
          "lngE7" : -725270382,
          "timestampMs" : "1416084020099",
          "accuracyMeters" : 10
        } ]
      }
    }
  }, {
    "activitySegment" : {
      "startLocation" : {
      },
      "endLocation" : {
      },
      "duration" : {
        "startTimestampMs" : "1416140125369",
        "endTimestampMs" : "1416145129084"
      },
      "distance" : 83644,
      "confidence" : "MEDIUM",
      "activities" : [ {
        "activityType" : "IN_VEHICLE",
        "probability" : 0.0
      }, {
        "activityType" : "FLYING",
        "probability" : 0.0
      }, {
        "activityType" : "CYCLING",
        "probability" : 0.0
      }, {
        "activityType" : "WALKING",
        "probability" : 0.0
      } ],
      "waypointPath" : {
        "waypoints" : [ {
          "latE7" : 423989334,
          "lngE7" : -725247650
        }, {
          "latE7" : 423915214,
          "lngE7" : -725253295
        }, {
          "latE7" : 422093849,
          "lngE7" : -716094284
        } ]
      },
      "simplifiedRawPath" : {
        "points" : [ {
          "latE7" : 423915215,
          "lngE7" : -725253220,
          "timestampMs" : "1416140239103",
          "accuracyMeters" : 4
        } ]
      },
      "editConfirmationStatus" : "NOT_CONFIRMED"
    }
  }, {
    "activitySegment" : {
      "startLocation" : {
        "latitudeE7" : 422092882,
        "longitudeE7" : -716086549
      },
      "endLocation" : {
        "latitudeE7" : 421688343,
        "longitudeE7" : -716064832
      },
      "duration" : {
        "startTimestampMs" : "1416157672026",
        "endTimestampMs" : "1416159388386"
      },
      "distance" : 8804,
      "confidence" : "MEDIUM",
      "activities" : [ {
        "activityType" : "IN_VEHICLE",
        "probability" : 0.0
      }, {
        "activityType" : "CYCLING",
        "probability" : 0.0
      }, {
        "activityType" : "WALKING",
        "probability" : 0.0
      }, {
        "activityType" : "FLYING",
        "probability" : 0.0
      } ],
      "waypointPath" : {
        "waypoints" : [ {
          "latE7" : 422094841,
          "lngE7" : -716087646
        }, {
          "latE7" : 421700553,
          "lngE7" : -716204910
        }, {
          "latE7" : 421688880,
          "lngE7" : -716066284
        } ]
      },
      "simplifiedRawPath" : {
        "points" : [ {
          "latE7" : 421701012,
          "lngE7" : -716205750,
          "timestampMs" : "1416157992779",
          "accuracyMeters" : 9
        } ]
      },
      "editConfirmationStatus" : "NOT_CONFIRMED"
    }
  }, {
    "activitySegment" : {
      "startLocation" : {
        "latitudeE7" : 421688343,
        "longitudeE7" : -716064832
      },
      "endLocation" : {
        "latitudeE7" : 421697745,
        "longitudeE7" : -716212407
      },
      "duration" : {
        "startTimestampMs" : "1416159388386",
        "endTimestampMs" : "1416160142235"
      },
      "activityType" : "UNKNOWN_ACTIVITY_TYPE",
      "activities" : [ {
        "activityType" : "UNKNOWN_ACTIVITY_TYPE",
        "probability" : 0.0
      } ],
      "simplifiedRawPath" : {
        "points" : [ {
          "latE7" : 421709968,
          "lngE7" : -716193801,
          "timestampMs" : "1416160134625",
          "accuracyMeters" : 14
        } ]
      }
    }
  }, {
    "activitySegment" : {
      "startLocation" : {
        "latitudeE7" : 421709968,
        "longitudeE7" : -716193801
      },
      "endLocation" : {
        "latitudeE7" : 424026992,
        "longitudeE7" : -725241741
      },
      "duration" : {
        "startTimestampMs" : "1416160142235",
        "endTimestampMs" : "1416165537166"
      },
      "distance" : 57732,
      "confidence" : "MEDIUM",
      "activities" : [ {
        "activityType" : "IN_VEHICLE",
        "probability" : 0.0
      }, {
        "activityType" : "FLYING",
        "probability" : 0.0
      }, {
        "activityType" : "CYCLING",
        "probability" : 0.0
      }, {
        "activityType" : "WALKING",
        "probability" : 0.0
      } ],
      "waypointPath" : {
        "waypoints" : [ {
          "latE7" : 421707954,
          "lngE7" : -716191787
        }, {
          "latE7" : 424016380,
          "lngE7" : -725236663
        } ]
      },
      "editConfirmationStatus" : "NOT_CONFIRMED"
    }
  }, {
    "activitySegment" : {
      "startLocation" : {
        "latitudeE7" : 424064824,
        "longitudeE7" : -725361590
      },
      "endLocation" : {
        "latitudeE7" : 424064824,
        "longitudeE7" : -725361590
      },
      "duration" : {
        "startTimestampMs" : "1416166167604",
        "endTimestampMs" : "1416166337755"
      },
      "distance" : 152,
      "confidence" : "LOW",
      "activities" : [ {
        "activityType" : "WALKING",
        "probability" : 0.0
      }, {
        "activityType" : "CYCLING",
        "probability" : 0.0
      }, {
        "activityType" : "IN_VEHICLE",
        "probability" : 0.0
      }, {
        "activityType" : "FLYING",
        "probability" : 0.0
      } ],
      "editConfirmationStatus" : "NOT_CONFIRMED"
    }
  }, {
    "activitySegment" : {
      "startLocation" : {
        "latitudeE7" : 424064824,
        "longitudeE7" : -725361590
      },
      "endLocation" : {
        "latitudeE7" : 424064824,
        "longitudeE7" : -725361590
      },
      "duration" : {
        "startTimestampMs" : "1416169382196",
        "endTimestampMs" : "1416170030584"
      },
      "distance" : 917,
      "confidence" : "MEDIUM",
      "activities" : [ {
        "activityType" : "IN_VEHICLE",
        "probability" : 0.0
      }, {
        "activityType" : "CYCLING",
        "probability" : 0.0
      }, {
        "activityType" : "WALKING",
        "probability" : 0.0
      }, {
        "activityType" : "FLYING",
        "probability" : 0.0
      } ],
      "editConfirmationStatus" : "NOT_CONFIRMED"
    }
  }, {
    "activitySegment" : {
      "startLocation" : {
        "latitudeE7" : 424064824,
        "longitudeE7" : -725361590
      },
      "endLocation" : {
        "latitudeE7" : 424064824,
        "longitudeE7" : -725361590
      },
      "duration" : {
        "startTimestampMs" : "1416172139675",
        "endTimestampMs" : "1416172258616"
      },
      "distance" : 122,
      "confidence" : "LOW",
      "activities" : [ {
        "activityType" : "WALKING",
        "probability" : 0.0
      }, {
        "activityType" : "CYCLING",
        "probability" : 0.0
      }, {
        "activityType" : "IN_VEHICLE",
        "probability" : 0.0
      }, {
        "activityType" : "FLYING",
        "probability" : 0.0
      } ],
      "editConfirmationStatus" : "NOT_CONFIRMED"
    }
  }, {
    "activitySegment" : {
      "startLocation" : {
      },
      "endLocation" : {
      },
      "duration" : {
        "startTimestampMs" : "1416178626025",
        "endTimestampMs" : "1416178744427"
      },
      "distance" : 122,
      "confidence" : "UNKNOWN_CONFIDENCE",
      "activities" : [ {
        "activityType" : "UNKNOWN_ACTIVITY_TYPE",
        "probability" : 0.0
      } ],
      "editConfirmationStatus" : "NOT_CONFIRMED"
    }
  }, {
    "activitySegment" : {
      "startLocation" : {
        "latitudeE7" : 424064824,
        "longitudeE7" : -725361590
      },
      "endLocation" : {
        "latitudeE7" : 424064824,
        "longitudeE7" : -725361590
      },
      "duration" : {
        "startTimestampMs" : "1416186969324",
        "endTimestampMs" : "1416187073441"
      },
      "distance" : 156,
      "confidence" : "LOW",
      "activities" : [ {
        "activityType" : "WALKING",
        "probability" : 0.0
      }, {
        "activityType" : "CYCLING",
        "probability" : 0.0
      }, {
        "activityType" : "IN_VEHICLE",
        "probability" : 0.0
      }, {
        "activityType" : "FLYING",
        "probability" : 0.0
      } ],
      "editConfirmationStatus" : "NOT_CONFIRMED"
    }
  }, {
    "activitySegment" : {
      "startLocation" : {
        "latitudeE7" : 424064824,
        "longitudeE7" : -725361590
      },
      "endLocation" : {
        "latitudeE7" : 424064824,
        "longitudeE7" : -725361590
      },
      "duration" : {
        "startTimestampMs" : "1416187613432",
        "endTimestampMs" : "1416187916005"
      },
      "distance" : 408,
      "confidence" : "MEDIUM",
      "activities" : [ {
        "activityType" : "WALKING",
        "probability" : 0.0
      }, {
        "activityType" : "CYCLING",
        "probability" : 0.0
      }, {
        "activityType" : "IN_VEHICLE",
        "probability" : 0.0
      }, {
        "activityType" : "FLYING",
        "probability" : 0.0
      } ],
      "editConfirmationStatus" : "NOT_CONFIRMED"
    }
  }, {
    "activitySegment" : {
      "startLocation" : {
        "latitudeE7" : 424064824,
        "longitudeE7" : -725361590
      },
      "endLocation" : {
        "latitudeE7" : 423893265,
        "longitudeE7" : -725326903
      },
      "duration" : {
        "startTimestampMs" : "1416187916005",
        "endTimestampMs" : "1416188580031"
      },
      "distance" : 1416,
      "confidence" : "MEDIUM",
      "activities" : [ {
        "activityType" : "IN_VEHICLE",
        "probability" : 0.0
      }, {
        "activityType" : "WALKING",
        "probability" : 0.0
      }, {
        "activityType" : "CYCLING",
        "probability" : 0.0
      }, {
        "activityType" : "FLYING",
        "probability" : 0.0
      } ],
      "editConfirmationStatus" : "NOT_CONFIRMED"
    }
  }, {
    "activitySegment" : {
      "startLocation" : {
        "latitudeE7" : 423893265,
        "longitudeE7" : -725326903
      },
      "endLocation" : {
        "latitudeE7" : 424064824,
        "longitudeE7" : -725361590
      },
      "duration" : {
        "startTimestampMs" : "1416188580031",
        "endTimestampMs" : "1416189416066"
      },
      "distance" : 657,
      "confidence" : "MEDIUM",
      "activities" : [ {
        "activityType" : "WALKING",
        "probability" : 0.0
      }, {
        "activityType" : "IN_VEHICLE",
        "probability" : 0.0
      }, {
        "activityType" : "CYCLING",
        "probability" : 0.0
      }, {
        "activityType" : "FLYING",
        "probability" : 0.0
      } ],
      "editConfirmationStatus" : "NOT_CONFIRMED"
    }
  }, {
    "activitySegment" : {
      "startLocation" : {
      },
      "endLocation" : {
      },
      "duration" : {
        "startTimestampMs" : "1416191202370",
        "endTimestampMs" : "1416191502164"
      },
      "distance" : 428,
      "confidence" : "UNKNOWN_CONFIDENCE",
      "activities" : [ {
        "activityType" : "UNKNOWN_ACTIVITY_TYPE",
        "probability" : 0.0
      } ],
      "editConfirmationStatus" : "NOT_CONFIRMED"
    }
  }, {
    "activitySegment" : {
      "startLocation" : {
      },
      "endLocation" : {
      },
      "duration" : {
        "startTimestampMs" : "1416192288756",
        "endTimestampMs" : "1416192412003"
      },
      "distance" : 139,
      "confidence" : "UNKNOWN_CONFIDENCE",
      "activities" : [ {
        "activityType" : "UNKNOWN_ACTIVITY_TYPE",
        "probability" : 0.0
      } ],
      "editConfirmationStatus" : "NOT_CONFIRMED"
    }
  }, {
    "activitySegment" : {
      "startLocation" : {
        "latitudeE7" : 424064824,
        "longitudeE7" : -725361590
      },
      "endLocation" : {
        "latitudeE7" : 424064824,
        "longitudeE7" : -725361590
      },
      "duration" : {
        "startTimestampMs" : "1416193279275",
        "endTimestampMs" : "1416193897952"
      },
      "distance" : 699,
      "confidence" : "MEDIUM",
      "activities" : [ {
        "activityType" : "IN_VEHICLE",
        "probability" : 0.0
      }, {
        "activityType" : "WALKING",
        "probability" : 0.0
      }, {
        "activityType" : "FLYING",
        "probability" : 0.0
      }, {
        "activityType" : "CYCLING",
        "probability" : 0.0
      } ],
      "editConfirmationStatus" : "NOT_CONFIRMED"
    }
  }, {
    "activitySegment" : {
      "startLocation" : {
        "latitudeE7" : 424064824,
        "longitudeE7" : -725361590
      },
      "endLocation" : {
        "latitudeE7" : 424064824,
        "longitudeE7" : -725361590
      },
      "duration" : {
        "startTimestampMs" : "1416226568822",
        "endTimestampMs" : "1416227926260"
      },
      "distance" : 1970,
      "confidence" : "MEDIUM",
      "activities" : [ {
        "activityType" : "IN_VEHICLE",
        "probability" : 0.0
      }, {
        "activityType" : "CYCLING",
        "probability" : 0.0
      }, {
        "activityType" : "WALKING",
        "probability" : 0.0
      }, {
        "activityType" : "FLYING",
        "probability" : 0.0
      } ],
      "editConfirmationStatus" : "NOT_CONFIRMED"
    }
  }, {
    "activitySegment" : {
      "startLocation" : {
        "latitudeE7" : 424064824,
        "longitudeE7" : -725361590
      },
      "endLocation" : {
        "latitudeE7" : 424064824,
        "longitudeE7" : -725361590
      },
      "duration" : {
        "startTimestampMs" : "1416229368560",
        "endTimestampMs" : "1416230307163"
      },
      "distance" : 1183,
      "confidence" : "MEDIUM",
      "activities" : [ {
        "activityType" : "IN_VEHICLE",
        "probability" : 0.0
      }, {
        "activityType" : "WALKING",
        "probability" : 0.0
      }, {
        "activityType" : "CYCLING",
        "probability" : 0.0
      }, {
        "activityType" : "FLYING",
        "probability" : 0.0
      } ],
      "editConfirmationStatus" : "NOT_CONFIRMED"
    }
  }, {
    "activitySegment" : {
      "startLocation" : {
        "latitudeE7" : 424064824,
        "longitudeE7" : -725361590
      },
      "endLocation" : {
        "latitudeE7" : 424064824,
        "longitudeE7" : -725361590
      },
      "duration" : {
        "startTimestampMs" : "1416231175556",
        "endTimestampMs" : "1416232045853"
      },
      "distance" : 1811,
      "confidence" : "MEDIUM",
      "activities" : [ {
        "activityType" : "IN_VEHICLE",
        "probability" : 0.0
      }, {
        "activityType" : "WALKING",
        "probability" : 0.0
      }, {
        "activityType" : "FLYING",
        "probability" : 0.0
      }, {
        "activityType" : "CYCLING",
        "probability" : 0.0
      } ],
      "editConfirmationStatus" : "NOT_CONFIRMED"
    }
  }, {
    "activitySegment" : {
      "startLocation" : {
        "latitudeE7" : 424064824,
        "longitudeE7" : -725361590
      },
      "endLocation" : {
        "latitudeE7" : 424064824,
        "longitudeE7" : -725361590
      },
      "duration" : {
        "startTimestampMs" : "1416232661380",
        "endTimestampMs" : "1416232793745"
      },
      "distance" : 204,
      "confidence" : "LOW",
      "activities" : [ {
        "activityType" : "WALKING",
        "probability" : 0.0
      }, {
        "activityType" : "IN_VEHICLE",
        "probability" : 0.0
      }, {
        "activityType" : "CYCLING",
        "probability" : 0.0
      }, {
        "activityType" : "FLYING",
        "probability" : 0.0
      } ],
      "editConfirmationStatus" : "NOT_CONFIRMED"
    }
  }, {
    "activitySegment" : {
      "startLocation" : {
      },
      "endLocation" : {
      },
      "duration" : {
        "startTimestampMs" : "1416240313144",
        "endTimestampMs" : "1416240622729"
      },
      "distance" : 484,
      "confidence" : "UNKNOWN_CONFIDENCE",
      "activities" : [ {
        "activityType" : "UNKNOWN_ACTIVITY_TYPE",
        "probability" : 0.0
      } ],
      "editConfirmationStatus" : "NOT_CONFIRMED"
    }
  }, {
    "activitySegment" : {
      "startLocation" : {
      },
      "endLocation" : {
      },
      "duration" : {
        "startTimestampMs" : "1416242163620",
        "endTimestampMs" : "1416242379998"
      },
      "distance" : 220,
      "confidence" : "UNKNOWN_CONFIDENCE",
      "activities" : [ {
        "activityType" : "UNKNOWN_ACTIVITY_TYPE",
        "probability" : 0.0
      } ],
      "editConfirmationStatus" : "NOT_CONFIRMED"
    }
  }, {
    "activitySegment" : {
      "startLocation" : {
        "latitudeE7" : 424064824,
        "longitudeE7" : -725361590
      },
      "endLocation" : {
        "latitudeE7" : 423831869,
        "longitudeE7" : -725295874
      },
      "duration" : {
        "startTimestampMs" : "1416244127486",
        "endTimestampMs" : "1416246143881"
      },
      "distance" : 2714,
      "confidence" : "LOW",
      "activities" : [ {
        "activityType" : "WALKING",
        "probability" : 0.0
      }, {
        "activityType" : "CYCLING",
        "probability" : 0.0
      }, {
        "activityType" : "IN_VEHICLE",
        "probability" : 0.0
      }, {
        "activityType" : "FLYING",
        "probability" : 0.0
      } ],
      "editConfirmationStatus" : "NOT_CONFIRMED"
    }
  }, {
    "activitySegment" : {
      "startLocation" : {
      },
      "endLocation" : {
      },
      "duration" : {
        "startTimestampMs" : "1416246143881",
        "endTimestampMs" : "1416246433894"
      },
      "distance" : 310,
      "confidence" : "UNKNOWN_CONFIDENCE",
      "activities" : [ {
        "activityType" : "UNKNOWN_ACTIVITY_TYPE",
        "probability" : 0.0
      } ],
      "editConfirmationStatus" : "NOT_CONFIRMED"
    }
  }, {
    "activitySegment" : {
      "startLocation" : {
        "latitudeE7" : 423862566,
        "longitudeE7" : -725311387
      },
      "endLocation" : {
        "latitudeE7" : 424064824,
        "longitudeE7" : -725361590
      },
      "duration" : {
        "startTimestampMs" : "1416247762476",
        "endTimestampMs" : "1416248434761"
      },
      "distance" : 815,
      "confidence" : "MEDIUM",
      "activities" : [ {
        "activityType" : "WALKING",
        "probability" : 0.0
      }, {
        "activityType" : "CYCLING",
        "probability" : 0.0
      }, {
        "activityType" : "IN_VEHICLE",
        "probability" : 0.0
      }, {
        "activityType" : "FLYING",
        "probability" : 0.0
      } ],
      "editConfirmationStatus" : "NOT_CONFIRMED"
    }
  }, {
    "activitySegment" : {
      "startLocation" : {
      },
      "endLocation" : {
      },
      "duration" : {
        "startTimestampMs" : "1416248707608",
        "endTimestampMs" : "1416249274809"
      },
      "distance" : 240,
      "confidence" : "UNKNOWN_CONFIDENCE",
      "activities" : [ {
        "activityType" : "UNKNOWN_ACTIVITY_TYPE",
        "probability" : 0.0
      } ],
      "editConfirmationStatus" : "NOT_CONFIRMED"
    }
  }, {
    "activitySegment" : {
      "startLocation" : {
        "latitudeE7" : 424064824,
        "longitudeE7" : -725361590
      },
      "endLocation" : {
        "latitudeE7" : 424064824,
        "longitudeE7" : -725361590
      },
      "duration" : {
        "startTimestampMs" : "1416252639484",
        "endTimestampMs" : "1416253186194"
      },
      "distance" : 369,
      "confidence" : "LOW",
      "activities" : [ {
        "activityType" : "WALKING",
        "probability" : 0.0
      }, {
        "activityType" : "IN_VEHICLE",
        "probability" : 0.0
      }, {
        "activityType" : "CYCLING",
        "probability" : 0.0
      }, {
        "activityType" : "FLYING",
        "probability" : 0.0
      } ],
      "editConfirmationStatus" : "NOT_CONFIRMED"
    }
  }, {
    "activitySegment" : {
      "startLocation" : {
      },
      "endLocation" : {
      },
      "duration" : {
        "startTimestampMs" : "1416254620839",
        "endTimestampMs" : "1416254747907"
      },
      "distance" : 207,
      "confidence" : "UNKNOWN_CONFIDENCE",
      "activities" : [ {
        "activityType" : "UNKNOWN_ACTIVITY_TYPE",
        "probability" : 0.0
      } ],
      "editConfirmationStatus" : "NOT_CONFIRMED"
    }
  }, {
    "activitySegment" : {
      "startLocation" : {
      },
      "endLocation" : {
      },
      "duration" : {
        "startTimestampMs" : "1416256032440",
        "endTimestampMs" : "1416256143536"
      },
      "distance" : 144,
      "confidence" : "UNKNOWN_CONFIDENCE",
      "activities" : [ {
        "activityType" : "UNKNOWN_ACTIVITY_TYPE",
        "probability" : 0.0
      } ],
      "editConfirmationStatus" : "NOT_CONFIRMED"
    }
  }, {
    "activitySegment" : {
      "startLocation" : {
        "latitudeE7" : 424064824,
        "longitudeE7" : -725361590
      },
      "endLocation" : {
        "latitudeE7" : 424064824,
        "longitudeE7" : -725361590
      },
      "duration" : {
        "startTimestampMs" : "1416258201073",
        "endTimestampMs" : "1416258897215"
      },
      "distance" : 718,
      "confidence" : "LOW",
      "activities" : [ {
        "activityType" : "WALKING",
        "probability" : 0.0
      }, {
        "activityType" : "CYCLING",
        "probability" : 0.0
      }, {
        "activityType" : "IN_VEHICLE",
        "probability" : 0.0
      }, {
        "activityType" : "FLYING",
        "probability" : 0.0
      } ],
      "editConfirmationStatus" : "NOT_CONFIRMED"
    }
  }, {
    "activitySegment" : {
      "startLocation" : {
      },
      "endLocation" : {
      },
      "duration" : {
        "startTimestampMs" : "1416258897215",
        "endTimestampMs" : "1416259382066"
      },
      "distance" : 273,
      "confidence" : "UNKNOWN_CONFIDENCE",
      "activities" : [ {
        "activityType" : "UNKNOWN_ACTIVITY_TYPE",
        "probability" : 0.0
      } ],
      "editConfirmationStatus" : "NOT_CONFIRMED"
    }
  }, {
    "activitySegment" : {
      "startLocation" : {
        "latitudeE7" : 423893265,
        "longitudeE7" : -725326903
      },
      "endLocation" : {
        "latitudeE7" : 424064824,
        "longitudeE7" : -725361590
      },
      "duration" : {
        "startTimestampMs" : "1416261707472",
        "endTimestampMs" : "1416262505570"
      },
      "distance" : 892,
      "confidence" : "MEDIUM",
      "activities" : [ {
        "activityType" : "WALKING",
        "probability" : 0.0
      }, {
        "activityType" : "CYCLING",
        "probability" : 0.0
      }, {
        "activityType" : "IN_VEHICLE",
        "probability" : 0.0
      }, {
        "activityType" : "FLYING",
        "probability" : 0.0
      } ],
      "editConfirmationStatus" : "NOT_CONFIRMED"
    }
  }, {
    "activitySegment" : {
      "startLocation" : {
        "latitudeE7" : 424064824,
        "longitudeE7" : -725361590
      },
      "endLocation" : {
        "latitudeE7" : 424064824,
        "longitudeE7" : -725361590
      },
      "duration" : {
        "startTimestampMs" : "1416262505570",
        "endTimestampMs" : "1416263192733"
      },
      "distance" : 636,
      "confidence" : "MEDIUM",
      "activities" : [ {
        "activityType" : "IN_VEHICLE",
        "probability" : 0.0
      }, {
        "activityType" : "WALKING",
        "probability" : 0.0
      }, {
        "activityType" : "CYCLING",
        "probability" : 0.0
      }, {
        "activityType" : "FLYING",
        "probability" : 0.0
      } ],
      "editConfirmationStatus" : "NOT_CONFIRMED"
    }
  }, {
    "activitySegment" : {
      "startLocation" : {
        "latitudeE7" : 424064824,
        "longitudeE7" : -725361590
      },
      "endLocation" : {
        "latitudeE7" : 423770573,
        "longitudeE7" : -725245381
      },
      "duration" : {
        "startTimestampMs" : "1416264510690",
        "endTimestampMs" : "1416266099286"
      },
      "distance" : 4273,
      "confidence" : "MEDIUM",
      "activities" : [ {
        "activityType" : "IN_VEHICLE",
        "probability" : 0.0
      }, {
        "activityType" : "WALKING",
        "probability" : 0.0
      }, {
        "activityType" : "CYCLING",
        "probability" : 0.0
      }, {
        "activityType" : "FLYING",
        "probability" : 0.0
      } ],
      "waypointPath" : {
        "waypoints" : [ {
          "latE7" : 424064750,
          "lngE7" : -725362243
        }, {
          "latE7" : 423960075,
          "lngE7" : -725273590
        }, {
          "latE7" : 423770561,
          "lngE7" : -725245437
        } ]
      },
      "simplifiedRawPath" : {
        "points" : [ {
          "latE7" : 423960037,
          "lngE7" : -725273743,
          "timestampMs" : "1416265698350",
          "accuracyMeters" : 3
        } ]
      },
      "editConfirmationStatus" : "NOT_CONFIRMED"
    }
  }, {
    "activitySegment" : {
      "startLocation" : {
      },
      "endLocation" : {
      },
      "duration" : {
        "startTimestampMs" : "1416271947845",
        "endTimestampMs" : "1416272259461"
      },
      "distance" : 402,
      "confidence" : "UNKNOWN_CONFIDENCE",
      "activities" : [ {
        "activityType" : "UNKNOWN_ACTIVITY_TYPE",
        "probability" : 0.0
      } ],
      "editConfirmationStatus" : "NOT_CONFIRMED"
    }
  }, {
    "activitySegment" : {
      "startLocation" : {
      },
      "endLocation" : {
      },
      "duration" : {
        "startTimestampMs" : "1416358256624",
        "endTimestampMs" : "1416369901818"
      },
      "distance" : 550,
      "confidence" : "UNKNOWN_CONFIDENCE",
      "activities" : [ {
        "activityType" : "UNKNOWN_ACTIVITY_TYPE",
        "probability" : 0.0
      } ],
      "editConfirmationStatus" : "NOT_CONFIRMED"
    }
  }, {
    "placeVisit" : {
      "location" : {
        "latitudeE7" : 423911570,
        "longitudeE7" : -725267120,
        "placeId" : "ChIJZfjw5HPS5okRBY4UiWBY1qA",
        "address" : "Amherst, MA 01003\nUSA",
        "name" : "University of Massachusetts Amherst",
        "semanticType" : "TYPE_WORK",
        "locationConfidence" : 98.18767
      },
      "duration" : {
        "startTimestampMs" : "1416592703501",
        "endTimestampMs" : "1416593889033"
      },
      "centerLatE7" : 423886367,
      "centerLngE7" : -725323433,
      "visitConfidence" : 15,
      "otherCandidateLocations" : [ {
        "latitudeE7" : 423888763,
        "longitudeE7" : -725316777,
        "placeId" : "ChIJm5WTA3LS5okRGktyXeCypmQ",
        "name" : "UMass Campus Recreation Center",
        "locationConfidence" : 0.55452794
      }, {
        "latitudeE7" : 423898874,
        "longitudeE7" : -725336748,
        "placeId" : "ChIJLV2zMW7S5okRbP34oPqhzDo",
        "name" : "Mullins Center",
        "locationConfidence" : 0.39272967
      }, {
        "latitudeE7" : 423877835,
        "longitudeE7" : -725305903,
        "placeId" : "ChIJKzYkPHLS5okRsoOSJRgQ2YE",
        "name" : "Commonwealth Honors College Residential Community",
        "locationConfidence" : 0.23086408
      }, {
        "latitudeE7" : 423878694,
        "longitudeE7" : -725306802,
        "placeId" : "ChIJp1rVeHHS5okRWaCPuTjWT2Q",
        "name" : "Commonwealth Honors College",
        "locationConfidence" : 0.20905413
      }, {
        "latitudeE7" : 423897706,
        "longitudeE7" : -725307027,
        "placeId" : "ChIJd_uNlHHS5okRBMnidSnXRq8",
        "name" : "George N. Parks Minuteman Marching Band Building",
        "locationConfidence" : 0.16855235
      }, {
        "latitudeE7" : 423864517,
        "longitudeE7" : -725340499,
        "placeId" : "ChIJ9ScOCm3S5okRXfP6ErBz18E",
        "locationConfidence" : 0.03608223
      }, {
        "latitudeE7" : 423863606,
        "longitudeE7" : -725305394,
        "placeId" : "ChIJW2g8X3LS5okRAyfEPe55TpU",
        "name" : "Boyden Gym",
        "locationConfidence" : 0.034092333
      }, {
        "latitudeE7" : 423952970,
        "longitudeE7" : -725280580,
        "placeId" : "ChIJHXb9SnrS5okRd_u_U3sOIv0",
        "semanticType" : "TYPE_SEARCHED_ADDRESS",
        "locationConfidence" : 0.031696077
      }, {
        "latitudeE7" : 423900158,
        "longitudeE7" : -725299477,
        "placeId" : "ChIJWaMxBHHS5okREXwPsXHs57w",
        "name" : "Department of Communication",
        "locationConfidence" : 0.02090045
      } ],
      "editConfirmationStatus" : "NOT_CONFIRMED"
    }
  }, {
    "placeVisit" : {
      "location" : {
        "latitudeE7" : 423911569,
        "longitudeE7" : -725267121,
        "placeId" : "ChIJZfjw5HPS5okRBY4UiWBY1qA",
        "address" : "Amherst, MA 01003\nUSA",
        "name" : "University of Massachusetts Amherst",
        "locationConfidence" : 87.30706
      },
      "duration" : {
        "startTimestampMs" : "1416750520144",
        "endTimestampMs" : "1416776468333"
      },
      "centerLatE7" : 424027050,
      "centerLngE7" : -725331850,
      "visitConfidence" : 14,
      "otherCandidateLocations" : [ {
        "latitudeE7" : 423975787,
        "longitudeE7" : -725251434,
        "locationConfidence" : 11.407254
      }, {
        "latitudeE7" : 424033268,
        "longitudeE7" : -725326728,
        "placeId" : "ChIJDyxbomLS5okRMZYx7NXmJ3E",
        "locationConfidence" : 0.92641944
      }, {
        "latitudeE7" : 423952970,
        "longitudeE7" : -725280580,
        "placeId" : "ChIJHXb9SnrS5okRd_u_U3sOIv0",
        "semanticType" : "TYPE_SEARCHED_ADDRESS",
        "locationConfidence" : 0.35471842
      }, {
        "latitudeE7" : 424032009,
        "longitudeE7" : -725338436,
        "placeId" : "ChIJM7S-B3RaZlMReyKQMfuaZV8",
        "name" : "Elenie King Massage",
        "locationConfidence" : 0.002328782
      }, {
        "latitudeE7" : 424049420,
        "longitudeE7" : -725308840,
        "placeId" : "ChIJUQUyyIfS5okR1222vfxi1Ac",
        "name" : "Puffton Village 2 (35)",
        "locationConfidence" : 0.002217119
      } ],
      "editConfirmationStatus" : "NOT_CONFIRMED"
    }
  }, {
    "placeVisit" : {
      "location" : {
        "latitudeE7" : 423911570,
        "longitudeE7" : -725267120,
        "placeId" : "ChIJZfjw5HPS5okRBY4UiWBY1qA",
        "address" : "Amherst, MA 01003\nUSA",
        "name" : "University of Massachusetts Amherst",
        "semanticType" : "TYPE_WORK",
        "locationConfidence" : 97.5831
      },
      "duration" : {
        "startTimestampMs" : "1416857726026",
        "endTimestampMs" : "1416862388442"
      },
      "centerLatE7" : 423890750,
      "centerLngE7" : -725328550,
      "visitConfidence" : 68,
      "otherCandidateLocations" : [ {
        "latitudeE7" : 423898874,
        "longitudeE7" : -725336748,
        "placeId" : "ChIJLV2zMW7S5okRbP34oPqhzDo",
        "name" : "Mullins Center",
        "locationConfidence" : 1.0099487
      }, {
        "latitudeE7" : 423888763,
        "longitudeE7" : -725316777,
        "placeId" : "ChIJm5WTA3LS5okRGktyXeCypmQ",
        "name" : "UMass Campus Recreation Center",
        "locationConfidence" : 0.6069756
      }, {
        "latitudeE7" : 423897706,
        "longitudeE7" : -725307027,
        "placeId" : "ChIJd_uNlHHS5okRBMnidSnXRq8",
        "name" : "George N. Parks Minuteman Marching Band Building",
        "locationConfidence" : 0.18406506
      }, {
        "latitudeE7" : 423877835,
        "longitudeE7" : -725305903,
        "placeId" : "ChIJKzYkPHLS5okRsoOSJRgQ2YE",
        "name" : "Commonwealth Honors College Residential Community",
        "locationConfidence" : 0.16412544
      }, {
        "latitudeE7" : 423878694,
        "longitudeE7" : -725306802,
        "placeId" : "ChIJp1rVeHHS5okRWaCPuTjWT2Q",
        "name" : "Commonwealth Honors College",
        "locationConfidence" : 0.14856759
      }, {
        "latitudeE7" : 423952970,
        "longitudeE7" : -725280580,
        "placeId" : "ChIJHXb9SnrS5okRd_u_U3sOIv0",
        "semanticType" : "TYPE_SEARCHED_ADDRESS",
        "locationConfidence" : 0.061489545
      }, {
        "latitudeE7" : 423864517,
        "longitudeE7" : -725340499,
        "placeId" : "ChIJ9ScOCm3S5okRXfP6ErBz18E",
        "locationConfidence" : 0.051321197
      }, {
        "latitudeE7" : 423863606,
        "longitudeE7" : -725305394,
        "placeId" : "ChIJW2g8X3LS5okRAyfEPe55TpU",
        "name" : "Boyden Gym",
        "locationConfidence" : 0.035301216
      }, {
        "latitudeE7" : 423886903,
        "longitudeE7" : -725357190,
        "placeId" : "ChIJYfuLLWzS5okRj6yZNBGRwoM",
        "locationConfidence" : 0.023115227
      } ],
      "editConfirmationStatus" : "NOT_CONFIRMED"
    }
  }, {
    "activitySegment" : {
      "startLocation" : {
      },
      "endLocation" : {
      },
      "duration" : {
        "startTimestampMs" : "1417012626219",
        "endTimestampMs" : "1417012821334"
      },
      "distance" : 1297,
      "confidence" : "UNKNOWN_CONFIDENCE",
      "activities" : [ {
        "activityType" : "UNKNOWN_ACTIVITY_TYPE",
        "probability" : 0.0
      } ],
      "editConfirmationStatus" : "NOT_CONFIRMED"
    }
  }, {
    "activitySegment" : {
      "startLocation" : {
        "latitudeE7" : 423862271,
        "longitudeE7" : -725224717
      },
      "endLocation" : {
        "latitudeE7" : 423344547,
        "longitudeE7" : -711656105
      },
      "duration" : {
        "startTimestampMs" : "1417013248349",
        "endTimestampMs" : "1417021484725"
      },
      "distance" : 106531,
      "confidence" : "MEDIUM",
      "activities" : [ {
        "activityType" : "IN_VEHICLE",
        "probability" : 0.0
      }, {
        "activityType" : "FLYING",
        "probability" : 0.0
      }, {
        "activityType" : "CYCLING",
        "probability" : 0.0
      }, {
        "activityType" : "WALKING",
        "probability" : 0.0
      } ],
      "waypointPath" : {
        "waypoints" : [ {
          "latE7" : 423862304,
          "lngE7" : -725224838
        }, {
          "latE7" : 423340339,
          "lngE7" : -711657028
        } ]
      },
      "editConfirmationStatus" : "NOT_CONFIRMED"
    }
  }, {
    "activitySegment" : {
      "startLocation" : {
        "latitudeE7" : 423344547,
        "longitudeE7" : -711656105
      },
      "endLocation" : {
        "latitudeE7" : 423269398,
        "longitudeE7" : -711623086
      },
      "duration" : {
        "startTimestampMs" : "1417023916437",
        "endTimestampMs" : "1417025437775"
      },
      "distance" : 5337,
      "confidence" : "MEDIUM",
      "activities" : [ {
        "activityType" : "IN_VEHICLE",
        "probability" : 0.0
      }, {
        "activityType" : "CYCLING",
        "probability" : 0.0
      }, {
        "activityType" : "WALKING",
        "probability" : 0.0
      }, {
        "activityType" : "FLYING",
        "probability" : 0.0
      } ],
      "waypointPath" : {
        "waypoints" : [ {
          "latE7" : 423340339,
          "lngE7" : -711657028
        }, {
          "latE7" : 423266601,
          "lngE7" : -711621398
        } ]
      },
      "editConfirmationStatus" : "NOT_CONFIRMED"
    }
  }, {
    "activitySegment" : {
      "startLocation" : {
      },
      "endLocation" : {
      },
      "duration" : {
        "startTimestampMs" : "1417025437775",
        "endTimestampMs" : "1417027026533"
      },
      "distance" : 34,
      "activityType" : "UNKNOWN_ACTIVITY_TYPE",
      "activities" : [ {
        "activityType" : "UNKNOWN_ACTIVITY_TYPE",
        "probability" : 0.0
      } ],
      "simplifiedRawPath" : {
        "points" : [ {
          "latE7" : 423269398,
          "lngE7" : -711623086,
          "timestampMs" : "1417025449387",
          "accuracyMeters" : 35
        } ]
      }
    }
  }, {
    "activitySegment" : {
      "startLocation" : {
      },
      "endLocation" : {
      },
      "duration" : {
        "startTimestampMs" : "1417027693290",
        "endTimestampMs" : "1417028319843"
      },
      "distance" : 320,
      "confidence" : "UNKNOWN_CONFIDENCE",
      "activities" : [ {
        "activityType" : "UNKNOWN_ACTIVITY_TYPE",
        "probability" : 0.0
      } ],
      "editConfirmationStatus" : "NOT_CONFIRMED"
    }
  }, {
    "activitySegment" : {
      "startLocation" : {
      },
      "endLocation" : {
      },
      "duration" : {
        "startTimestampMs" : "1417029292471",
        "endTimestampMs" : "1417029777478"
      },
      "distance" : 317,
      "confidence" : "UNKNOWN_CONFIDENCE",
      "activities" : [ {
        "activityType" : "UNKNOWN_ACTIVITY_TYPE",
        "probability" : 0.0
      } ],
      "editConfirmationStatus" : "NOT_CONFIRMED"
    }
  }, {
    "placeVisit" : {
      "location" : {
        "latitudeE7" : 423345525,
        "longitudeE7" : -711456455,
        "placeId" : "ChIJL6P4T1N444kRUxwGfnTlDvI",
        "address" : "247 Fisher Ave\nBrookline, MA 02445\nUSA",
        "name" : "247 Fisher Ave",
        "semanticType" : "TYPE_HOME",
        "locationConfidence" : 99.98228
      },
      "duration" : {
        "startTimestampMs" : "1417056429794",
        "endTimestampMs" : "1417133405785"
      },
      "centerLatE7" : 423344192,
      "centerLngE7" : -711455173,
      "visitConfidence" : 96,
      "otherCandidateLocations" : [ {
        "latitudeE7" : 423376240,
        "longitudeE7" : -711466940,
        "placeId" : "ChIJb09e61J444kRngeIvoZmB-Y",
        "semanticType" : "TYPE_SEARCHED_ADDRESS",
        "locationConfidence" : 0.0027215527
      }, {
        "latitudeE7" : 423380450,
        "longitudeE7" : -711463317,
        "placeId" : "ChIJcZaHvVJ444kRqUj2A69Te7o",
        "semanticType" : "TYPE_SEARCHED_ADDRESS",
        "locationConfidence" : 0.0023948718
      }, {
        "latitudeE7" : 423337572,
        "longitudeE7" : -711451482,
        "placeId" : "ChIJpR-HqVR444kRtez1en3WnXM",
        "name" : "J. Clarke Painting",
        "locationConfidence" : 0.0017314693
      }, {
        "latitudeE7" : 423350916,
        "longitudeE7" : -711488306,
        "placeId" : "ChIJlzvejVN444kRA845bwOxjVI",
        "name" : "Reservoir",
        "locationConfidence" : 0.0012084963
      }, {
        "latitudeE7" : 423363519,
        "longitudeE7" : -711431806,
        "placeId" : "ChIJx-F9F61544kRQrHqJTEJ8MU",
        "name" : "Jean B Waldstein Playground",
        "locationConfidence" : 0.0010755528
      }, {
        "latitudeE7" : 423362656,
        "longitudeE7" : -711450621,
        "placeId" : "ChIJbWiE1VJ444kRAkuB-NQF0co",
        "name" : "Netresults Tennis",
        "locationConfidence" : 0.001035838
      }, {
        "latitudeE7" : 423342695,
        "longitudeE7" : -711442265,
        "placeId" : "ChIJlVq5r6x544kREkegyJTa4IM",
        "name" : "TherapyGrowth.com",
        "locationConfidence" : 7.41994E-4
      }, {
        "latitudeE7" : 423404199,
        "longitudeE7" : -711526345,
        "placeId" : "ChIJy_deI05444kR87Bara2JKKc",
        "semanticType" : "TYPE_SEARCHED_ADDRESS",
        "locationConfidence" : 6.5244373E-4
      }, {
        "latitudeE7" : 423335109,
        "longitudeE7" : -711455187,
        "placeId" : "ChIJtQBepFR444kRscusnJxaTk4",
        "name" : "Cynthia Medeiros, LICSW",
        "locationConfidence" : 6.4681744E-4
      } ],
      "editConfirmationStatus" : "NOT_CONFIRMED"
    }
  }, {
    "placeVisit" : {
      "location" : {
        "latitudeE7" : 423345525,
        "longitudeE7" : -711456455,
        "placeId" : "ChIJL6P4T1N444kRUxwGfnTlDvI",
        "address" : "247 Fisher Ave\nBrookline, MA 02445\nUSA",
        "name" : "247 Fisher Ave",
        "semanticType" : "TYPE_HOME",
        "locationConfidence" : 88.33835
      },
      "duration" : {
        "startTimestampMs" : "1417136892371",
        "endTimestampMs" : "1417166368493"
      },
      "centerLatE7" : 423373650,
      "centerLngE7" : -711466000,
      "visitConfidence" : 75,
      "otherCandidateLocations" : [ {
        "latitudeE7" : 423376240,
        "longitudeE7" : -711466940,
        "placeId" : "ChIJb09e61J444kRngeIvoZmB-Y",
        "semanticType" : "TYPE_SEARCHED_ADDRESS",
        "locationConfidence" : 5.8717203
      }, {
        "latitudeE7" : 423380450,
        "longitudeE7" : -711463317,
        "placeId" : "ChIJcZaHvVJ444kRqUj2A69Te7o",
        "semanticType" : "TYPE_SEARCHED_ADDRESS",
        "locationConfidence" : 2.513142
      }, {
        "latitudeE7" : 423365211,
        "longitudeE7" : -711492157,
        "placeId" : "ChIJC7Wwt1N444kRM-I43qYtJZE",
        "name" : "Pino's Pizza",
        "locationConfidence" : 0.2575987
      }, {
        "latitudeE7" : 423361957,
        "longitudeE7" : -711489867,
        "placeId" : "ChIJkd5gx1N444kRf6sgO6DVYtw",
        "name" : "Cleveland Circle",
        "locationConfidence" : 0.19769494
      }, {
        "latitudeE7" : 423373885,
        "longitudeE7" : -711465158,
        "placeId" : "ChIJsfScRP5444kRhcGYx0lvgWQ",
        "name" : "A.A. Zack Plumbing LLC",
        "locationConfidence" : 0.19731161
      }, {
        "latitudeE7" : 423404199,
        "longitudeE7" : -711526345,
        "placeId" : "ChIJy_deI05444kR87Bara2JKKc",
        "semanticType" : "TYPE_SEARCHED_ADDRESS",
        "locationConfidence" : 0.12942794
      }, {
        "latitudeE7" : 423373195,
        "longitudeE7" : -711469976,
        "placeId" : "ChIJqWM27lJ444kRPYXFqbRxElI",
        "name" : "Brighton Chinese Christian Church",
        "locationConfidence" : 0.1240984
      }, {
        "latitudeE7" : 423363519,
        "longitudeE7" : -711431806,
        "placeId" : "ChIJx-F9F61544kRQrHqJTEJ8MU",
        "name" : "Jean B Waldstein Playground",
        "locationConfidence" : 0.1012181
      }, {
        "latitudeE7" : 423375556,
        "longitudeE7" : -711455668,
        "placeId" : "ChIJzWJMyFJ444kRlmfillr65Og",
        "name" : "American Chinese Medical Center",
        "locationConfidence" : 0.099960245
      } ],
      "editConfirmationStatus" : "NOT_CONFIRMED"
    }
  }, {
    "placeVisit" : {
      "location" : {
        "latitudeE7" : 423467512,
        "longitudeE7" : -710969456,
        "placeId" : "ChIJbz8lP_Z544kRBFV6ZMsNgKI",
        "address" : "4 Jersey St\nBoston, MA 02215\nUSA",
        "name" : "Fenway Park",
        "locationConfidence" : 40.385513
      },
      "duration" : {
        "startTimestampMs" : "1417240374203",
        "endTimestampMs" : "1417243573145"
      },
      "centerLatE7" : 423477450,
      "centerLngE7" : -710974450,
      "visitConfidence" : 50,
      "otherCandidateLocations" : [ {
        "latitudeE7" : 423473888,
        "longitudeE7" : -710979392,
        "placeId" : "ChIJ44ZYNPZ544kRUbx5bOEX-Vc",
        "name" : "Cask 'n Flagon",
        "locationConfidence" : 18.339014
      }, {
        "latitudeE7" : 423504997,
        "longitudeE7" : -711053991,
        "placeId" : "ChIJFzjlY_B544kRyL6j4ABuNCs",
        "name" : "Boston University",
        "locationConfidence" : 5.9753504
      }, {
        "latitudeE7" : 423489705,
        "longitudeE7" : -710975491,
        "placeId" : "ChIJ7ZXiVx1644kRc0GgVmpdHMo",
        "name" : "Kenmore Square",
        "locationConfidence" : 3.9039228
      }, {
        "latitudeE7" : 423484972,
        "longitudeE7" : -710961193,
        "placeId" : "ChIJ6etNTx1644kRqbTIgcjBSSg",
        "name" : "Eastern Standard",
        "locationConfidence" : 2.3812003
      }, {
        "latitudeE7" : 423470312,
        "longitudeE7" : -710984180,
        "placeId" : "ChIJh-_ZLPZ544kR-ZcAUneLzNU",
        "name" : "Game On Fenway",
        "locationConfidence" : 2.1656926
      }, {
        "latitudeE7" : 423470733,
        "longitudeE7" : -710967959,
        "placeId" : "ChIJh-_ZLPZ544kRu4Hl0OcbiFg",
        "name" : "Bleacher Bar",
        "locationConfidence" : 2.044777
      }, {
        "latitudeE7" : 423483921,
        "longitudeE7" : -710968934,
        "placeId" : "ChIJYxmXWx1644kRMQDmQmNo8AQ",
        "name" : "Bank of America Financial Center",
        "locationConfidence" : 1.6731179
      }, {
        "latitudeE7" : 423470031,
        "longitudeE7" : -710983200,
        "placeId" : "ChIJs4ByM_Z544kRMONAusAqPO8",
        "name" : "Blazing Paddles @ Game On! Fenway",
        "locationConfidence" : 1.5868225
      }, {
        "latitudeE7" : 423484067,
        "longitudeE7" : -710975678,
        "placeId" : "ChIJB47-5vd544kRXouYIXQRZNE",
        "name" : "Boston Hotel Buckminster",
        "locationConfidence" : 1.3066367
      } ],
      "editConfirmationStatus" : "NOT_CONFIRMED"
    }
  }, {
    "activitySegment" : {
      "startLocation" : {
        "latitudeE7" : 423344966,
        "longitudeE7" : -711459735
      },
      "endLocation" : {
        "latitudeE7" : 420968809,
        "longitudeE7" : -712641378
      },
      "duration" : {
        "startTimestampMs" : "1417284116808",
        "endTimestampMs" : "1417288716391"
      },
      "distance" : 27230,
      "confidence" : "MEDIUM",
      "activities" : [ {
        "activityType" : "IN_VEHICLE",
        "probability" : 0.0
      }, {
        "activityType" : "CYCLING",
        "probability" : 0.0
      }, {
        "activityType" : "FLYING",
        "probability" : 0.0
      }, {
        "activityType" : "WALKING",
        "probability" : 0.0
      } ],
      "waypointPath" : {
        "waypoints" : [ {
          "latE7" : 423344955,
          "lngE7" : -711459732
        }, {
          "latE7" : 420968551,
          "lngE7" : -712641677
        } ]
      },
      "editConfirmationStatus" : "NOT_CONFIRMED"
    }
  }, {
    "activitySegment" : {
      "startLocation" : {
      },
      "endLocation" : {
      },
      "duration" : {
        "startTimestampMs" : "1417290725471",
        "endTimestampMs" : "1417290914170"
      },
      "distance" : 216,
      "confidence" : "UNKNOWN_CONFIDENCE",
      "activities" : [ {
        "activityType" : "UNKNOWN_ACTIVITY_TYPE",
        "probability" : 0.0
      } ],
      "editConfirmationStatus" : "NOT_CONFIRMED"
    }
  }, {
    "activitySegment" : {
      "startLocation" : {
        "latitudeE7" : 420968809,
        "longitudeE7" : -712641378
      },
      "endLocation" : {
        "latitudeE7" : 420909458,
        "longitudeE7" : -712643465,
        "placeId" : "ChIJZz33diRj5IkR3spL_utr9mg",
        "address" : "1 Patriot Pl\nFoxborough, MA 02035\nUSA",
        "name" : "Gillette Stadium",
        "locationConfidence" : 79.25807
      },
      "duration" : {
        "startTimestampMs" : "1417290914170",
        "endTimestampMs" : "1417291358906"
      },
      "confidence" : "MEDIUM",
      "activities" : [ {
        "activityType" : "WALKING",
        "probability" : 0.0
      }, {
        "activityType" : "CYCLING",
        "probability" : 0.0
      }, {
        "activityType" : "IN_VEHICLE",
        "probability" : 0.0
      }, {
        "activityType" : "FLYING",
        "probability" : 0.0
      } ],
      "waypointPath" : {
        "waypoints" : [ {
          "latE7" : 420968551,
          "lngE7" : -712641677
        }, {
          "latE7" : 420918540,
          "lngE7" : -712628250
        } ]
      },
      "editConfirmationStatus" : "NOT_CONFIRMED"
    }
  }, {
    "placeVisit" : {
      "location" : {
        "latitudeE7" : 420909458,
        "longitudeE7" : -712643465,
        "placeId" : "ChIJZz33diRj5IkR3spL_utr9mg",
        "address" : "1 Patriot Pl\nFoxborough, MA 02035\nUSA",
        "name" : "Gillette Stadium",
        "locationConfidence" : 79.25807
      },
      "duration" : {
        "startTimestampMs" : "1417291358906",
        "endTimestampMs" : "1417295554891"
      },
      "centerLatE7" : 420910820,
      "centerLngE7" : -712639560,
      "visitConfidence" : 63,
      "otherCandidateLocations" : [ {
        "latitudeE7" : 420925393,
        "longitudeE7" : -712679539,
        "placeId" : "ChIJr0mhAsh85IkRakO4cRGfbe4",
        "name" : "Patriot Place",
        "locationConfidence" : 16.368168
      }, {
        "latitudeE7" : 420932200,
        "longitudeE7" : -712651106,
        "placeId" : "ChIJt9YhZbZ85IkREEpMUo0EUig",
        "name" : "CBS Scene",
        "locationConfidence" : 0.71703297
      }, {
        "latitudeE7" : 420926996,
        "longitudeE7" : -712642320,
        "placeId" : "ChIJM4eDl8d85IkROVCHnhPMZCU",
        "name" : "Patriots ProShop",
        "locationConfidence" : 0.50548226
      }, {
        "latitudeE7" : 420926178,
        "longitudeE7" : -712642336,
        "placeId" : "ChIJr0mhAsh85IkRSNuXXu-OoAQ",
        "name" : "Hall At Patriot Place",
        "locationConfidence" : 0.3477086
      }, {
        "latitudeE7" : 420887375,
        "longitudeE7" : -712645455,
        "placeId" : "ChIJvW0SO7Z85IkRNKtb4tWSvDY",
        "locationConfidence" : 0.34540975
      }, {
        "latitudeE7" : 420910288,
        "longitudeE7" : -712642990,
        "placeId" : "ChIJMaD4drZ85IkRm-mf8N9-eKY",
        "name" : "Hollister Co.",
        "locationConfidence" : 0.24558339
      }, {
        "latitudeE7" : 420909874,
        "longitudeE7" : -712643685,
        "placeId" : "ChIJM4eDl8d85IkRma21YL9ijhM",
        "name" : "New England Revolution",
        "locationConfidence" : 0.24546121
      }, {
        "latitudeE7" : 420912775,
        "longitudeE7" : -712678002,
        "placeId" : "ChIJMaD4drZ85IkRfi9WjJfhToA",
        "name" : "Toby Keith's I Love This Bar & Grill",
        "locationConfidence" : 0.241165
      }, {
        "latitudeE7" : 420932380,
        "longitudeE7" : -712669370,
        "placeId" : "ChIJh-Eg5rd85IkRo09p0Wx6RyQ",
        "name" : "Davio's Northern Italian Steakhouse",
        "locationConfidence" : 0.19756866
      } ],
      "editConfirmationStatus" : "NOT_CONFIRMED"
    }
  }, {
    "activitySegment" : {
      "startLocation" : {
        "latitudeE7" : 420914186,
        "longitudeE7" : -712642077
      },
      "endLocation" : {
        "latitudeE7" : 423374690,
        "longitudeE7" : -711462097
      },
      "duration" : {
        "startTimestampMs" : "1417300282658",
        "endTimestampMs" : "1417303871330"
      },
      "distance" : 21014,
      "confidence" : "MEDIUM",
      "activities" : [ {
        "activityType" : "IN_VEHICLE",
        "probability" : 0.0
      }, {
        "activityType" : "FLYING",
        "probability" : 0.0
      }, {
        "activityType" : "CYCLING",
        "probability" : 0.0
      }, {
        "activityType" : "WALKING",
        "probability" : 0.0
      } ],
      "waypointPath" : {
        "waypoints" : [ {
          "latE7" : 420919532,
          "lngE7" : -712628936
        }, {
          "latE7" : 423370552,
          "lngE7" : -711460494
        } ]
      },
      "editConfirmationStatus" : "NOT_CONFIRMED"
    }
  }, {
    "activitySegment" : {
      "startLocation" : {
        "latitudeE7" : 423374690,
        "longitudeE7" : -711462097
      },
      "endLocation" : {
        "latitudeE7" : 423374690,
        "longitudeE7" : -711462097
      },
      "duration" : {
        "startTimestampMs" : "1417305843067",
        "endTimestampMs" : "1417306927178"
      },
      "distance" : 654,
      "confidence" : "MEDIUM",
      "activities" : [ {
        "activityType" : "IN_VEHICLE",
        "probability" : 0.0
      }, {
        "activityType" : "WALKING",
        "probability" : 0.0
      }, {
        "activityType" : "CYCLING",
        "probability" : 0.0
      }, {
        "activityType" : "FLYING",
        "probability" : 0.0
      } ],
      "editConfirmationStatus" : "NOT_CONFIRMED"
    }
  }, {
    "activitySegment" : {
      "startLocation" : {
        "latitudeE7" : 423374690,
        "longitudeE7" : -711462097
      },
      "endLocation" : {
        "latitudeE7" : 423374690,
        "longitudeE7" : -711462097
      },
      "duration" : {
        "startTimestampMs" : "1417307783698",
        "endTimestampMs" : "1417309673069"
      },
      "distance" : 1455,
      "confidence" : "MEDIUM",
      "activities" : [ {
        "activityType" : "IN_VEHICLE",
        "probability" : 0.0
      }, {
        "activityType" : "WALKING",
        "probability" : 0.0
      }, {
        "activityType" : "FLYING",
        "probability" : 0.0
      }, {
        "activityType" : "CYCLING",
        "probability" : 0.0
      } ],
      "editConfirmationStatus" : "NOT_CONFIRMED"
    }
  }, {
    "activitySegment" : {
      "startLocation" : {
        "latitudeE7" : 423374690,
        "longitudeE7" : -711462097
      },
      "endLocation" : {
        "latitudeE7" : 423374690,
        "longitudeE7" : -711462097
      },
      "duration" : {
        "startTimestampMs" : "1417309973369",
        "endTimestampMs" : "1417311272228"
      },
      "distance" : 1227,
      "confidence" : "HIGH",
      "activities" : [ {
        "activityType" : "IN_VEHICLE",
        "probability" : 0.0
      }, {
        "activityType" : "WALKING",
        "probability" : 0.0
      }, {
        "activityType" : "FLYING",
        "probability" : 0.0
      }, {
        "activityType" : "CYCLING",
        "probability" : 0.0
      } ],
      "editConfirmationStatus" : "NOT_CONFIRMED"
    }
  }, {
    "activitySegment" : {
      "startLocation" : {
      },
      "endLocation" : {
      },
      "duration" : {
        "startTimestampMs" : "1417313015113",
        "endTimestampMs" : "1417313101982"
      },
      "distance" : 114,
      "confidence" : "UNKNOWN_CONFIDENCE",
      "activities" : [ {
        "activityType" : "UNKNOWN_ACTIVITY_TYPE",
        "probability" : 0.0
      } ],
      "editConfirmationStatus" : "NOT_CONFIRMED"
    }
  }, {
    "activitySegment" : {
      "startLocation" : {
        "latitudeE7" : 423374690,
        "longitudeE7" : -711462097
      },
      "endLocation" : {
        "latitudeE7" : 423374690,
        "longitudeE7" : -711462097
      },
      "duration" : {
        "startTimestampMs" : "1417314052347",
        "endTimestampMs" : "1417316575463"
      },
      "distance" : 3942,
      "confidence" : "MEDIUM",
      "activities" : [ {
        "activityType" : "IN_VEHICLE",
        "probability" : 0.0
      }, {
        "activityType" : "CYCLING",
        "probability" : 0.0
      }, {
        "activityType" : "WALKING",
        "probability" : 0.0
      }, {
        "activityType" : "FLYING",
        "probability" : 0.0
      } ],
      "editConfirmationStatus" : "NOT_CONFIRMED"
    }
  }, {
    "activitySegment" : {
      "startLocation" : {
      },
      "endLocation" : {
      },
      "duration" : {
        "startTimestampMs" : "1417317123917",
        "endTimestampMs" : "1417324288753"
      },
      "distance" : 5551,
      "confidence" : "MEDIUM",
      "activities" : [ {
        "activityType" : "IN_VEHICLE",
        "probability" : 0.0
      }, {
        "activityType" : "WALKING",
        "probability" : 0.0
      }, {
        "activityType" : "CYCLING",
        "probability" : 0.0
      }, {
        "activityType" : "FLYING",
        "probability" : 0.0
      } ],
      "editConfirmationStatus" : "NOT_CONFIRMED"
    }
  }, {
    "activitySegment" : {
      "startLocation" : {
      },
      "endLocation" : {
      },
      "duration" : {
        "startTimestampMs" : "1417324748494",
        "endTimestampMs" : "1417327238779"
      },
      "distance" : 2700,
      "confidence" : "MEDIUM",
      "activities" : [ {
        "activityType" : "IN_VEHICLE",
        "probability" : 0.0
      }, {
        "activityType" : "WALKING",
        "probability" : 0.0
      }, {
        "activityType" : "CYCLING",
        "probability" : 0.0
      }, {
        "activityType" : "FLYING",
        "probability" : 0.0
      } ],
      "editConfirmationStatus" : "NOT_CONFIRMED"
    }
  }, {
    "activitySegment" : {
      "startLocation" : {
      },
      "endLocation" : {
      },
      "duration" : {
        "startTimestampMs" : "1417327996298",
        "endTimestampMs" : "1417328105290"
      },
      "distance" : 62,
      "confidence" : "LOW",
      "activities" : [ {
        "activityType" : "WALKING",
        "probability" : 0.0
      }, {
        "activityType" : "CYCLING",
        "probability" : 0.0
      }, {
        "activityType" : "IN_VEHICLE",
        "probability" : 0.0
      }, {
        "activityType" : "FLYING",
        "probability" : 0.0
      } ],
      "editConfirmationStatus" : "NOT_CONFIRMED"
    }
  }, {
    "activitySegment" : {
      "startLocation" : {
      },
      "endLocation" : {
      },
      "duration" : {
        "startTimestampMs" : "1417328584710",
        "endTimestampMs" : "1417330244781"
      },
      "distance" : 1576,
      "confidence" : "MEDIUM",
      "activities" : [ {
        "activityType" : "WALKING",
        "probability" : 0.0
      }, {
        "activityType" : "IN_VEHICLE",
        "probability" : 0.0
      }, {
        "activityType" : "CYCLING",
        "probability" : 0.0
      }, {
        "activityType" : "FLYING",
        "probability" : 0.0
      } ],
      "editConfirmationStatus" : "NOT_CONFIRMED"
    }
  }, {
    "activitySegment" : {
      "startLocation" : {
        "latitudeE7" : 423374690,
        "longitudeE7" : -711462097
      },
      "endLocation" : {
        "latitudeE7" : 423374690,
        "longitudeE7" : -711462097
      },
      "duration" : {
        "startTimestampMs" : "1417330244781",
        "endTimestampMs" : "1417332246536"
      },
      "distance" : 3808,
      "confidence" : "MEDIUM",
      "activities" : [ {
        "activityType" : "IN_VEHICLE",
        "probability" : 0.0
      }, {
        "activityType" : "WALKING",
        "probability" : 0.0
      }, {
        "activityType" : "CYCLING",
        "probability" : 0.0
      }, {
        "activityType" : "FLYING",
        "probability" : 0.0
      } ],
      "editConfirmationStatus" : "NOT_CONFIRMED"
    }
  }, {
    "activitySegment" : {
      "startLocation" : {
      },
      "endLocation" : {
      },
      "duration" : {
        "startTimestampMs" : "1417352365122",
        "endTimestampMs" : "1417352624994"
      },
      "distance" : 107,
      "confidence" : "UNKNOWN_CONFIDENCE",
      "activities" : [ {
        "activityType" : "UNKNOWN_ACTIVITY_TYPE",
        "probability" : 0.0
      } ],
      "editConfirmationStatus" : "NOT_CONFIRMED"
    }
  }, {
    "activitySegment" : {
      "startLocation" : {
        "latitudeE7" : 423374690,
        "longitudeE7" : -711462097
      },
      "endLocation" : {
        "latitudeE7" : 423374690,
        "longitudeE7" : -711462097
      },
      "duration" : {
        "startTimestampMs" : "1417358363884",
        "endTimestampMs" : "1417359459809"
      },
      "distance" : 664,
      "confidence" : "MEDIUM",
      "activities" : [ {
        "activityType" : "IN_VEHICLE",
        "probability" : 0.0
      }, {
        "activityType" : "WALKING",
        "probability" : 0.0
      }, {
        "activityType" : "FLYING",
        "probability" : 0.0
      }, {
        "activityType" : "CYCLING",
        "probability" : 0.0
      } ],
      "editConfirmationStatus" : "NOT_CONFIRMED"
    }
  }, {
    "activitySegment" : {
      "startLocation" : {
        "latitudeE7" : 423374690,
        "longitudeE7" : -711462097
      },
      "endLocation" : {
        "latitudeE7" : 423374690,
        "longitudeE7" : -711462097
      },
      "duration" : {
        "startTimestampMs" : "1417360065656",
        "endTimestampMs" : "1417360162109"
      },
      "distance" : 90,
      "confidence" : "LOW",
      "activities" : [ {
        "activityType" : "WALKING",
        "probability" : 0.0
      }, {
        "activityType" : "CYCLING",
        "probability" : 0.0
      }, {
        "activityType" : "IN_VEHICLE",
        "probability" : 0.0
      }, {
        "activityType" : "FLYING",
        "probability" : 0.0
      } ],
      "editConfirmationStatus" : "NOT_CONFIRMED"
    }
  }, {
    "activitySegment" : {
      "startLocation" : {
      },
      "endLocation" : {
      },
      "duration" : {
        "startTimestampMs" : "1417361205405",
        "endTimestampMs" : "1417361584193"
      },
      "distance" : 208,
      "confidence" : "UNKNOWN_CONFIDENCE",
      "activities" : [ {
        "activityType" : "UNKNOWN_ACTIVITY_TYPE",
        "probability" : 0.0
      } ],
      "editConfirmationStatus" : "NOT_CONFIRMED"
    }
  }, {
    "activitySegment" : {
      "startLocation" : {
      },
      "endLocation" : {
      },
      "duration" : {
        "startTimestampMs" : "1417366208195",
        "endTimestampMs" : "1417366290481"
      },
      "distance" : 85,
      "confidence" : "UNKNOWN_CONFIDENCE",
      "activities" : [ {
        "activityType" : "UNKNOWN_ACTIVITY_TYPE",
        "probability" : 0.0
      } ],
      "editConfirmationStatus" : "NOT_CONFIRMED"
    }
  }, {
    "activitySegment" : {
      "startLocation" : {
      },
      "endLocation" : {
      },
      "duration" : {
        "startTimestampMs" : "1417366833963",
        "endTimestampMs" : "1417366915916"
      },
      "distance" : 71,
      "confidence" : "LOW",
      "activities" : [ {
        "activityType" : "WALKING",
        "probability" : 0.0
      }, {
        "activityType" : "CYCLING",
        "probability" : 0.0
      }, {
        "activityType" : "IN_VEHICLE",
        "probability" : 0.0
      }, {
        "activityType" : "FLYING",
        "probability" : 0.0
      } ],
      "editConfirmationStatus" : "NOT_CONFIRMED"
    }
  }, {
    "activitySegment" : {
      "startLocation" : {
      },
      "endLocation" : {
      },
      "duration" : {
        "startTimestampMs" : "1417367714436",
        "endTimestampMs" : "1417368109317"
      },
      "distance" : 259,
      "confidence" : "UNKNOWN_CONFIDENCE",
      "activities" : [ {
        "activityType" : "UNKNOWN_ACTIVITY_TYPE",
        "probability" : 0.0
      } ],
      "editConfirmationStatus" : "NOT_CONFIRMED"
    }
  }, {
    "activitySegment" : {
      "startLocation" : {
      },
      "endLocation" : {
      },
      "duration" : {
        "startTimestampMs" : "1417369197545",
        "endTimestampMs" : "1417369551305"
      },
      "distance" : 169,
      "confidence" : "UNKNOWN_CONFIDENCE",
      "activities" : [ {
        "activityType" : "UNKNOWN_ACTIVITY_TYPE",
        "probability" : 0.0
      } ],
      "editConfirmationStatus" : "NOT_CONFIRMED"
    }
  }, {
    "activitySegment" : {
      "startLocation" : {
        "latitudeE7" : 423374690,
        "longitudeE7" : -711462097
      },
      "endLocation" : {
        "latitudeE7" : 423374690,
        "longitudeE7" : -711462097
      },
      "duration" : {
        "startTimestampMs" : "1417369900067",
        "endTimestampMs" : "1417375217146"
      },
      "distance" : 6068,
      "confidence" : "MEDIUM",
      "activities" : [ {
        "activityType" : "IN_VEHICLE",
        "probability" : 0.0
      }, {
        "activityType" : "CYCLING",
        "probability" : 0.0
      }, {
        "activityType" : "WALKING",
        "probability" : 0.0
      }, {
        "activityType" : "FLYING",
        "probability" : 0.0
      } ],
      "editConfirmationStatus" : "NOT_CONFIRMED"
    }
  }, {
    "activitySegment" : {
      "startLocation" : {
        "latitudeE7" : 423374690,
        "longitudeE7" : -711462097
      },
      "endLocation" : {
        "latitudeE7" : 422228521,
        "longitudeE7" : -717343630
      },
      "duration" : {
        "startTimestampMs" : "1417375615059",
        "endTimestampMs" : "1417379358978"
      },
      "distance" : 12665,
      "confidence" : "HIGH",
      "activities" : [ {
        "activityType" : "IN_VEHICLE",
        "probability" : 0.0
      }, {
        "activityType" : "FLYING",
        "probability" : 0.0
      }, {
        "activityType" : "CYCLING",
        "probability" : 0.0
      }, {
        "activityType" : "WALKING",
        "probability" : 0.0
      } ],
      "waypointPath" : {
        "waypoints" : [ {
          "latE7" : 423370552,
          "lngE7" : -711460494
        }, {
          "latE7" : 422228393,
          "lngE7" : -717343597
        } ]
      },
      "editConfirmationStatus" : "NOT_CONFIRMED"
    }
  }, {
    "activitySegment" : {
      "startLocation" : {
        "latitudeE7" : 422228521,
        "longitudeE7" : -717343630
      },
      "endLocation" : {
        "latitudeE7" : 424086379,
        "longitudeE7" : -725373255
      },
      "duration" : {
        "startTimestampMs" : "1417379770376",
        "endTimestampMs" : "1417386099655"
      },
      "distance" : 40028,
      "confidence" : "MEDIUM",
      "activities" : [ {
        "activityType" : "IN_VEHICLE",
        "probability" : 0.0
      }, {
        "activityType" : "FLYING",
        "probability" : 0.0
      }, {
        "activityType" : "CYCLING",
        "probability" : 0.0
      }, {
        "activityType" : "WALKING",
        "probability" : 0.0
      } ],
      "waypointPath" : {
        "waypoints" : [ {
          "latE7" : 422228393,
          "lngE7" : -717343597
        }, {
          "latE7" : 424088287,
          "lngE7" : -725376892
        } ]
      },
      "editConfirmationStatus" : "NOT_CONFIRMED"
    }
  }, {
    "activitySegment" : {
      "startLocation" : {
        "latitudeE7" : 424086379,
        "longitudeE7" : -725373255
      },
      "endLocation" : {
        "latitudeE7" : 423893506,
        "longitudeE7" : -725327676
      },
      "duration" : {
        "startTimestampMs" : "1417388474238",
        "endTimestampMs" : "1417389688610"
      },
      "distance" : 684,
      "confidence" : "LOW",
      "activities" : [ {
        "activityType" : "WALKING",
        "probability" : 0.0
      }, {
        "activityType" : "CYCLING",
        "probability" : 0.0
      }, {
        "activityType" : "IN_VEHICLE",
        "probability" : 0.0
      }, {
        "activityType" : "FLYING",
        "probability" : 0.0
      } ],
      "waypointPath" : {
        "waypoints" : [ {
          "latE7" : 424088058,
          "lngE7" : -725376434
        }, {
          "latE7" : 423894004,
          "lngE7" : -725325393
        } ]
      },
      "editConfirmationStatus" : "NOT_CONFIRMED"
    }
  } ]
}