{
  "timelineObjects" : [ {
    "placeVisit" : {
      "location" : {
        "latitudeE7" : 423345525,
        "longitudeE7" : -711456455,
        "placeId" : "ChIJL6P4T1N444kRUxwGfnTlDvI",
        "address" : "247 Fisher Ave\nBrookline, MA 02445\nUSA",
        "name" : "247 Fisher Ave",
        "semanticType" : "TYPE_HOME",
        "locationConfidence" : 90.19018
      },
      "duration" : {
        "startTimestampMs" : "1404174409701",
        "endTimestampMs" : "1404184736677"
      },
      "centerLatE7" : 423371850,
      "centerLngE7" : -711469400,
      "visitConfidence" : 77,
      "otherCandidateLocations" : [ {
        "latitudeE7" : 423376240,
        "longitudeE7" : -711466940,
        "placeId" : "ChIJb09e61J444kRngeIvoZmB-Y",
        "semanticType" : "TYPE_SEARCHED_ADDRESS",
        "locationConfidence" : 4.320444
      }, {
        "latitudeE7" : 423380450,
        "longitudeE7" : -711463317,
        "placeId" : "ChIJcZaHvVJ444kRqUj2A69Te7o",
        "semanticType" : "TYPE_SEARCHED_ADDRESS",
        "locationConfidence" : 1.889901
      }, {
        "latitudeE7" : 423365211,
        "longitudeE7" : -711492157,
        "placeId" : "ChIJC7Wwt1N444kRM-I43qYtJZE",
        "name" : "Pino's Pizza",
        "locationConfidence" : 0.25422898
      }, {
        "latitudeE7" : 423361957,
        "longitudeE7" : -711489867,
        "placeId" : "ChIJkd5gx1N444kRf6sgO6DVYtw",
        "name" : "Cleveland Circle",
        "locationConfidence" : 0.2374372
      }, {
        "latitudeE7" : 423404199,
        "longitudeE7" : -711526345,
        "placeId" : "ChIJy_deI05444kR87Bara2JKKc",
        "semanticType" : "TYPE_SEARCHED_ADDRESS",
        "locationConfidence" : 0.22626837
      }, {
        "latitudeE7" : 423373195,
        "longitudeE7" : -711469976,
        "placeId" : "ChIJqWM27lJ444kRPYXFqbRxElI",
        "name" : "Brighton Chinese Christian Church",
        "locationConfidence" : 0.21730244
      }, {
        "latitudeE7" : 423373147,
        "longitudeE7" : -711474434,
        "placeId" : "ChIJjx5L91J444kRfAm9BNpbDqE",
        "name" : "Strathmore Road Apartments",
        "locationConfidence" : 0.12287894
      }, {
        "latitudeE7" : 423365337,
        "longitudeE7" : -711491367,
        "placeId" : "ChIJM3n_tlN444kRAxrbKM75FFc",
        "name" : "Eagles Deli",
        "locationConfidence" : 0.0973081
      }, {
        "latitudeE7" : 423373885,
        "longitudeE7" : -711465158,
        "placeId" : "ChIJsfScRP5444kRhcGYx0lvgWQ",
        "name" : "A.A. Zack Plumbing LLC",
        "locationConfidence" : 0.09590605
      } ],
      "editConfirmationStatus" : "NOT_CONFIRMED"
    }
  }, {
    "placeVisit" : {
      "location" : {
        "latitudeE7" : 423345525,
        "longitudeE7" : -711456455,
        "placeId" : "ChIJL6P4T1N444kRUxwGfnTlDvI",
        "address" : "247 Fisher Ave\nBrookline, MA 02445\nUSA",
        "name" : "247 Fisher Ave",
        "semanticType" : "TYPE_HOME",
        "locationConfidence" : 99.99133
      },
      "duration" : {
        "startTimestampMs" : "1404219353712",
        "endTimestampMs" : "1404245233682"
      },
      "centerLatE7" : 423344653,
      "centerLngE7" : -711455523,
      "visitConfidence" : 87,
      "otherCandidateLocations" : [ {
        "latitudeE7" : 423376240,
        "longitudeE7" : -711466940,
        "placeId" : "ChIJb09e61J444kRngeIvoZmB-Y",
        "semanticType" : "TYPE_SEARCHED_ADDRESS",
        "locationConfidence" : 0.0010894878
      }, {
        "latitudeE7" : 423380450,
        "longitudeE7" : -711463317,
        "placeId" : "ChIJcZaHvVJ444kRqUj2A69Te7o",
        "semanticType" : "TYPE_SEARCHED_ADDRESS",
        "locationConfidence" : 9.507189E-4
      }, {
        "latitudeE7" : 423337572,
        "longitudeE7" : -711451482,
        "placeId" : "ChIJpR-HqVR444kRtez1en3WnXM",
        "name" : "J. Clarke Painting",
        "locationConfidence" : 7.3034805E-4
      }, {
        "latitudeE7" : 423362656,
        "longitudeE7" : -711450621,
        "placeId" : "ChIJbWiE1VJ444kRAkuB-NQF0co",
        "name" : "Netresults Tennis",
        "locationConfidence" : 5.2332523E-4
      }, {
        "latitudeE7" : 423350916,
        "longitudeE7" : -711488306,
        "placeId" : "ChIJlzvejVN444kRA845bwOxjVI",
        "name" : "Reservoir",
        "locationConfidence" : 5.1306724E-4
      }, {
        "latitudeE7" : 423404199,
        "longitudeE7" : -711526345,
        "placeId" : "ChIJy_deI05444kR87Bara2JKKc",
        "semanticType" : "TYPE_SEARCHED_ADDRESS",
        "locationConfidence" : 4.161665E-4
      }, {
        "latitudeE7" : 423342695,
        "longitudeE7" : -711442265,
        "placeId" : "ChIJlVq5r6x544kREkegyJTa4IM",
        "name" : "TherapyGrowth.com",
        "locationConfidence" : 3.7412383E-4
      }, {
        "latitudeE7" : 423363519,
        "longitudeE7" : -711431806,
        "placeId" : "ChIJx-F9F61544kRQrHqJTEJ8MU",
        "name" : "Jean B Waldstein Playground",
        "locationConfidence" : 3.678233E-4
      }, {
        "latitudeE7" : 423335109,
        "longitudeE7" : -711455187,
        "placeId" : "ChIJtQBepFR444kRscusnJxaTk4",
        "name" : "Cynthia Medeiros, LICSW",
        "locationConfidence" : 3.451568E-4
      } ],
      "editConfirmationStatus" : "NOT_CONFIRMED"
    }
  }, {
    "activitySegment" : {
      "startLocation" : {
        "latitudeE7" : 423344653,
        "longitudeE7" : -711455523
      },
      "endLocation" : {
        "latitudeE7" : 423344613,
        "longitudeE7" : -711455538
      },
      "duration" : {
        "startTimestampMs" : "1404245233682",
        "endTimestampMs" : "1404245843255"
      },
      "activityType" : "UNKNOWN_ACTIVITY_TYPE",
      "activities" : [ {
        "activityType" : "UNKNOWN_ACTIVITY_TYPE",
        "probability" : 0.0
      } ],
      "simplifiedRawPath" : {
        "points" : [ {
          "latE7" : 423343791,
          "lngE7" : -711484486,
          "timestampMs" : "1404245279949",
          "accuracyMeters" : 20
        }, {
          "latE7" : 423366133,
          "lngE7" : -711477723,
          "timestampMs" : "1404245351127",
          "accuracyMeters" : 45
        }, {
          "latE7" : 423364416,
          "lngE7" : -711494451,
          "timestampMs" : "1404245505805",
          "accuracyMeters" : 37
        } ]
      }
    }
  }, {
    "placeVisit" : {
      "location" : {
        "latitudeE7" : 423345525,
        "longitudeE7" : -711456455,
        "placeId" : "ChIJL6P4T1N444kRUxwGfnTlDvI",
        "address" : "247 Fisher Ave\nBrookline, MA 02445\nUSA",
        "name" : "247 Fisher Ave",
        "semanticType" : "TYPE_HOME",
        "locationConfidence" : 99.99157
      },
      "duration" : {
        "startTimestampMs" : "1404245843255",
        "endTimestampMs" : "1404263015458"
      },
      "centerLatE7" : 423344613,
      "centerLngE7" : -711455538,
      "visitConfidence" : 84,
      "otherCandidateLocations" : [ {
        "latitudeE7" : 423376240,
        "longitudeE7" : -711466940,
        "placeId" : "ChIJb09e61J444kRngeIvoZmB-Y",
        "semanticType" : "TYPE_SEARCHED_ADDRESS",
        "locationConfidence" : 0.0010968174
      }, {
        "latitudeE7" : 423380450,
        "longitudeE7" : -711463317,
        "placeId" : "ChIJcZaHvVJ444kRqUj2A69Te7o",
        "semanticType" : "TYPE_SEARCHED_ADDRESS",
        "locationConfidence" : 9.570182E-4
      }, {
        "latitudeE7" : 423337572,
        "longitudeE7" : -711451482,
        "placeId" : "ChIJpR-HqVR444kRtez1en3WnXM",
        "name" : "J. Clarke Painting",
        "locationConfidence" : 6.2813406E-4
      }, {
        "latitudeE7" : 423362656,
        "longitudeE7" : -711450621,
        "placeId" : "ChIJbWiE1VJ444kRAkuB-NQF0co",
        "name" : "Netresults Tennis",
        "locationConfidence" : 5.119385E-4
      }, {
        "latitudeE7" : 423350916,
        "longitudeE7" : -711488306,
        "placeId" : "ChIJlzvejVN444kRA845bwOxjVI",
        "name" : "Reservoir",
        "locationConfidence" : 4.955598E-4
      }, {
        "latitudeE7" : 423404199,
        "longitudeE7" : -711526345,
        "placeId" : "ChIJy_deI05444kR87Bara2JKKc",
        "semanticType" : "TYPE_SEARCHED_ADDRESS",
        "locationConfidence" : 4.190586E-4
      }, {
        "latitudeE7" : 423363519,
        "longitudeE7" : -711431806,
        "placeId" : "ChIJx-F9F61544kRQrHqJTEJ8MU",
        "name" : "Jean B Waldstein Playground",
        "locationConfidence" : 3.6326464E-4
      }, {
        "latitudeE7" : 423342695,
        "longitudeE7" : -711442265,
        "placeId" : "ChIJlVq5r6x544kREkegyJTa4IM",
        "name" : "TherapyGrowth.com",
        "locationConfidence" : 3.436035E-4
      }, {
        "latitudeE7" : 423350470,
        "longitudeE7" : -711450518,
        "placeId" : "ChIJcRGiNVN444kRx2TCaPoBYgc",
        "name" : "Abromson Nissman Ltd",
        "locationConfidence" : 3.2019845E-4
      } ],
      "editConfirmationStatus" : "NOT_CONFIRMED"
    }
  }, {
    "activitySegment" : {
      "startLocation" : {
        "latitudeE7" : 423344613,
        "longitudeE7" : -711455538
      },
      "endLocation" : {
        "latitudeE7" : 423628380,
        "longitudeE7" : -710821218
      },
      "duration" : {
        "startTimestampMs" : "1404263015458",
        "endTimestampMs" : "1404337280939"
      },
      "activityType" : "UNKNOWN_ACTIVITY_TYPE",
      "activities" : [ {
        "activityType" : "UNKNOWN_ACTIVITY_TYPE",
        "probability" : 0.0
      } ],
      "simplifiedRawPath" : {
        "points" : [ {
          "latE7" : 423339793,
          "lngE7" : -711456707,
          "timestampMs" : "1404263015458",
          "accuracyMeters" : 78
        }, {
          "latE7" : 423361508,
          "lngE7" : -711511754,
          "timestampMs" : "1404263147942",
          "accuracyMeters" : 39
        }, {
          "latE7" : 423404639,
          "lngE7" : -711549837,
          "timestampMs" : "1404263245735",
          "accuracyMeters" : 17
        }, {
          "latE7" : 423384586,
          "lngE7" : -711384620,
          "timestampMs" : "1404306705366",
          "accuracyMeters" : 4
        }, {
          "latE7" : 423394616,
          "lngE7" : -711316964,
          "timestampMs" : "1404306810219",
          "accuracyMeters" : 3
        } ]
      }
    }
  }, {
    "placeVisit" : {
      "location" : {
        "latitudeE7" : 423628828,
        "longitudeE7" : -710821066,
        "placeId" : "ChIJi2LBTaRw44kRrfQfxUMFewY",
        "address" : "500 Broad Canal Way\nCambridge, MA 02142\nUSA",
        "name" : "500 Broad Canal Way",
        "semanticType" : "TYPE_SEARCHED_ADDRESS",
        "locationConfidence" : 54.827114
      },
      "duration" : {
        "startTimestampMs" : "1404337280939",
        "endTimestampMs" : "1404342798391"
      },
      "centerLatE7" : 423628380,
      "centerLngE7" : -710821218,
      "visitConfidence" : 79,
      "otherCandidateLocations" : [ {
        "latitudeE7" : 423628840,
        "longitudeE7" : -710820810,
        "placeId" : "ChIJDRb2TaRw44kRY2VsRO12LtU",
        "name" : "Charles River Canoe and Kayak",
        "locationConfidence" : 30.756569
      }, {
        "latitudeE7" : 423634224,
        "longitudeE7" : -710819948,
        "placeId" : "ChIJW7vF-qRw44kRkudnEVMlVh8",
        "name" : "Pilgrim Parking",
        "locationConfidence" : 4.731761
      }, {
        "latitudeE7" : 423627802,
        "longitudeE7" : -710834182,
        "placeId" : "ChIJHSh1laVw44kRQOleWXu9Wt8",
        "name" : "Cambridge Innovation Center",
        "locationConfidence" : 0.47831383
      }, {
        "latitudeE7" : 423600910,
        "longitudeE7" : -710941600,
        "placeId" : "ChIJh2oa9apw44kRPCAIs6WO4NA",
        "name" : "Massachusetts Institute of Technology",
        "locationConfidence" : 0.3777966
      }, {
        "latitudeE7" : 423641101,
        "longitudeE7" : -710816129,
        "placeId" : "ChIJoQj37qRw44kRh9aHV5GiaKU",
        "name" : "Genzyme Corporation",
        "locationConfidence" : 0.30548182
      }, {
        "latitudeE7" : 423627536,
        "longitudeE7" : -710835491,
        "placeId" : "ChIJT2abvaVw44kR6YBlLG-ILy0",
        "name" : "Consulate General of Britain",
        "locationConfidence" : 0.26034454
      }, {
        "latitudeE7" : 423625551,
        "longitudeE7" : -710832176,
        "placeId" : "ChIJHSh1laVw44kRNwdkY_F9eWo",
        "name" : "Standard Parking",
        "locationConfidence" : 0.22616756
      }, {
        "latitudeE7" : 423626156,
        "longitudeE7" : -710834195,
        "placeId" : "ChIJ9R4666Vw44kRz96f-si0KTo",
        "name" : "Firebrand Saints",
        "locationConfidence" : 0.2255202
      }, {
        "latitudeE7" : 423613690,
        "longitudeE7" : -710813553,
        "placeId" : "ChIJJRjWI6Rw44kR65ksRkhiUVg",
        "name" : "Microsoft New England Research and Development Center",
        "locationConfidence" : 0.20759542
      } ],
      "editConfirmationStatus" : "NOT_CONFIRMED"
    }
  }, {
    "placeVisit" : {
      "location" : {
        "latitudeE7" : 423628840,
        "longitudeE7" : -710820810,
        "placeId" : "ChIJDRb2TaRw44kRY2VsRO12LtU",
        "address" : "15 Broad Canal Way\nCambridge, MA 02142\nUSA",
        "name" : "Charles River Canoe and Kayak: Cambridge, Kendall Square",
        "locationConfidence" : 33.002037
      },
      "duration" : {
        "startTimestampMs" : "1404343050356",
        "endTimestampMs" : "1404350747654"
      },
      "centerLatE7" : 423621900,
      "centerLngE7" : -710822200,
      "visitConfidence" : 64,
      "otherCandidateLocations" : [ {
        "latitudeE7" : 423628828,
        "longitudeE7" : -710821066,
        "placeId" : "ChIJi2LBTaRw44kRrfQfxUMFewY",
        "semanticType" : "TYPE_SEARCHED_ADDRESS",
        "locationConfidence" : 18.028942
      }, {
        "latitudeE7" : 423600910,
        "longitudeE7" : -710941600,
        "placeId" : "ChIJh2oa9apw44kRPCAIs6WO4NA",
        "name" : "Massachusetts Institute of Technology",
        "locationConfidence" : 5.638021
      }, {
        "latitudeE7" : 423634224,
        "longitudeE7" : -710819948,
        "placeId" : "ChIJW7vF-qRw44kRkudnEVMlVh8",
        "name" : "Pilgrim Parking",
        "locationConfidence" : 4.770064
      }, {
        "latitudeE7" : 423613690,
        "longitudeE7" : -710813553,
        "placeId" : "ChIJJRjWI6Rw44kR65ksRkhiUVg",
        "name" : "Microsoft New England Research and Development Center",
        "locationConfidence" : 2.1255462
      }, {
        "latitudeE7" : 423627802,
        "longitudeE7" : -710834182,
        "placeId" : "ChIJHSh1laVw44kRQOleWXu9Wt8",
        "name" : "Cambridge Innovation Center",
        "locationConfidence" : 1.4329686
      }, {
        "latitudeE7" : 423600264,
        "longitudeE7" : -710881788,
        "placeId" : "ChIJIUXN-6hw44kRF5ZzIllhWL0",
        "semanticType" : "TYPE_SEARCHED_ADDRESS",
        "locationConfidence" : 1.0952812
      }, {
        "latitudeE7" : 423622428,
        "longitudeE7" : -710816285,
        "placeId" : "ChIJhyqaN6Rw44kRRnTDu5K4pKA",
        "name" : "BP America, Inc",
        "locationConfidence" : 0.7910176
      }, {
        "latitudeE7" : 423627536,
        "longitudeE7" : -710835491,
        "placeId" : "ChIJT2abvaVw44kR6YBlLG-ILy0",
        "name" : "Consulate General of Britain",
        "locationConfidence" : 0.780068
      }, {
        "latitudeE7" : 423625551,
        "longitudeE7" : -710832176,
        "placeId" : "ChIJHSh1laVw44kRNwdkY_F9eWo",
        "name" : "Standard Parking",
        "locationConfidence" : 0.7420983
      } ],
      "editConfirmationStatus" : "NOT_CONFIRMED"
    }
  }, {
    "placeVisit" : {
      "location" : {
        "latitudeE7" : 423331401,
        "longitudeE7" : -711291087,
        "placeId" : "ChIJa_HfQqR544kR18iPuyS-lXI",
        "address" : "115 Greenough St\nBrookline, MA 02445\nUSA",
        "name" : "Brookline High School",
        "locationConfidence" : 58.692616
      },
      "duration" : {
        "startTimestampMs" : "1404571526744",
        "endTimestampMs" : "1404574989002"
      },
      "centerLatE7" : 423310700,
      "centerLngE7" : -711294400,
      "visitConfidence" : 15,
      "otherCandidateLocations" : [ {
        "latitudeE7" : 423317555,
        "longitudeE7" : -711284143,
        "placeId" : "ChIJf8oMFaR544kRbUqno0ilk00",
        "name" : "Brookline Swimming Pool",
        "locationConfidence" : 8.57828
      }, {
        "latitudeE7" : 423299780,
        "longitudeE7" : -711303594,
        "placeId" : "ChIJdUhtiqZ544kR58dLTc01et4",
        "name" : "Maimonides School",
        "locationConfidence" : 4.8971663
      }, {
        "latitudeE7" : 423309851,
        "longitudeE7" : -711293990,
        "placeId" : "ChIJeU90g6Z544kRGvbme9WuYYg",
        "name" : "Sanditen Judith",
        "locationConfidence" : 3.4040089
      }, {
        "latitudeE7" : 423317853,
        "longitudeE7" : -711285807,
        "placeId" : "ChIJ1UkOFaR544kREA85xlLxeAE",
        "name" : "Evelyn Kirrane Aquatics Center",
        "locationConfidence" : 2.374459
      }, {
        "latitudeE7" : 423323300,
        "longitudeE7" : -711273981,
        "placeId" : "ChIJXdpKdKR544kRHIQqeAMjuU4",
        "name" : "Cypress Street Playground",
        "locationConfidence" : 2.0278113
      }, {
        "latitudeE7" : 423311285,
        "longitudeE7" : -711300018,
        "placeId" : "ChIJsSZ_gKZ544kRWNQcle_ZYr0",
        "name" : "Notman Malkah MD",
        "locationConfidence" : 1.7828898
      }, {
        "latitudeE7" : 423313905,
        "longitudeE7" : -711265540,
        "placeId" : "ChIJJ18P-KN544kRZRRv4OyKAtA",
        "name" : "Brookline Hills",
        "locationConfidence" : 1.511409
      }, {
        "latitudeE7" : 423315330,
        "longitudeE7" : -711307396,
        "placeId" : "ChIJaWGQ16V544kRk0C1cjBX0Vs",
        "locationConfidence" : 1.4243425
      }, {
        "latitudeE7" : 423316970,
        "longitudeE7" : -711278808,
        "placeId" : "ChIJb1pzEqR544kRi2_5PML3sLk",
        "name" : "Brookline Interactive Group",
        "locationConfidence" : 1.3117782
      } ],
      "editConfirmationStatus" : "NOT_CONFIRMED"
    }
  }, {
    "placeVisit" : {
      "location" : {
        "latitudeE7" : 423345525,
        "longitudeE7" : -711456455,
        "placeId" : "ChIJL6P4T1N444kRUxwGfnTlDvI",
        "address" : "247 Fisher Ave\nBrookline, MA 02445\nUSA",
        "name" : "247 Fisher Ave",
        "semanticType" : "TYPE_HOME",
        "locationConfidence" : 99.984665
      },
      "duration" : {
        "startTimestampMs" : "1405731115475",
        "endTimestampMs" : "1405738392459"
      },
      "centerLatE7" : 423344285,
      "centerLngE7" : -711455466,
      "visitConfidence" : 79,
      "otherCandidateLocations" : [ {
        "latitudeE7" : 423376240,
        "longitudeE7" : -711466940,
        "placeId" : "ChIJb09e61J444kRngeIvoZmB-Y",
        "semanticType" : "TYPE_SEARCHED_ADDRESS",
        "locationConfidence" : 0.0028368104
      }, {
        "latitudeE7" : 423380450,
        "longitudeE7" : -711463317,
        "placeId" : "ChIJcZaHvVJ444kRqUj2A69Te7o",
        "semanticType" : "TYPE_SEARCHED_ADDRESS",
        "locationConfidence" : 0.0024949042
      }, {
        "latitudeE7" : 423404199,
        "longitudeE7" : -711526345,
        "placeId" : "ChIJy_deI05444kR87Bara2JKKc",
        "semanticType" : "TYPE_SEARCHED_ADDRESS",
        "locationConfidence" : 0.0011272402
      }, {
        "latitudeE7" : 423350916,
        "longitudeE7" : -711488306,
        "placeId" : "ChIJlzvejVN444kRA845bwOxjVI",
        "name" : "Reservoir",
        "locationConfidence" : 0.0010897772
      }, {
        "latitudeE7" : 423363519,
        "longitudeE7" : -711431806,
        "placeId" : "ChIJx-F9F61544kRQrHqJTEJ8MU",
        "name" : "Jean B Waldstein Playground",
        "locationConfidence" : 9.867635E-4
      }, {
        "latitudeE7" : 423362656,
        "longitudeE7" : -711450621,
        "placeId" : "ChIJbWiE1VJ444kRAkuB-NQF0co",
        "name" : "Netresults Tennis",
        "locationConfidence" : 9.46838E-4
      }, {
        "latitudeE7" : 423335109,
        "longitudeE7" : -711455187,
        "placeId" : "ChIJtQBepFR444kRscusnJxaTk4",
        "name" : "Cynthia Medeiros, LICSW",
        "locationConfidence" : 5.933112E-4
      }, {
        "latitudeE7" : 423350470,
        "longitudeE7" : -711450518,
        "placeId" : "ChIJcRGiNVN444kRx2TCaPoBYgc",
        "name" : "Abromson Nissman Ltd",
        "locationConfidence" : 4.6340234E-4
      }, {
        "latitudeE7" : 423340647,
        "longitudeE7" : -711443884,
        "placeId" : "ChIJb9S9rqx544kRu34sbJmR7Y0",
        "name" : "Levine Howard B MD",
        "locationConfidence" : 3.7692286E-4
      } ],
      "editConfirmationStatus" : "NOT_CONFIRMED"
    }
  }, {
    "placeVisit" : {
      "location" : {
        "latitudeE7" : 423345525,
        "longitudeE7" : -711456455,
        "placeId" : "ChIJL6P4T1N444kRUxwGfnTlDvI",
        "address" : "247 Fisher Ave\nBrookline, MA 02445\nUSA",
        "name" : "247 Fisher Ave",
        "semanticType" : "TYPE_HOME",
        "locationConfidence" : 88.62813
      },
      "duration" : {
        "startTimestampMs" : "1405832011008",
        "endTimestampMs" : "1405857652134"
      },
      "centerLatE7" : 423373400,
      "centerLngE7" : -711470750,
      "visitConfidence" : 76,
      "otherCandidateLocations" : [ {
        "latitudeE7" : 423376240,
        "longitudeE7" : -711466940,
        "placeId" : "ChIJb09e61J444kRngeIvoZmB-Y",
        "semanticType" : "TYPE_SEARCHED_ADDRESS",
        "locationConfidence" : 4.9584937
      }, {
        "latitudeE7" : 423380450,
        "longitudeE7" : -711463317,
        "placeId" : "ChIJcZaHvVJ444kRqUj2A69Te7o",
        "semanticType" : "TYPE_SEARCHED_ADDRESS",
        "locationConfidence" : 2.2111676
      }, {
        "latitudeE7" : 423404199,
        "longitudeE7" : -711526345,
        "placeId" : "ChIJy_deI05444kR87Bara2JKKc",
        "semanticType" : "TYPE_SEARCHED_ADDRESS",
        "locationConfidence" : 0.5880661
      }, {
        "latitudeE7" : 423365211,
        "longitudeE7" : -711492157,
        "placeId" : "ChIJC7Wwt1N444kRM-I43qYtJZE",
        "name" : "Pino's Pizza",
        "locationConfidence" : 0.4373254
      }, {
        "latitudeE7" : 423373195,
        "longitudeE7" : -711469976,
        "placeId" : "ChIJqWM27lJ444kRPYXFqbRxElI",
        "name" : "Brighton Chinese Christian Church",
        "locationConfidence" : 0.3148003
      }, {
        "latitudeE7" : 423361957,
        "longitudeE7" : -711489867,
        "placeId" : "ChIJkd5gx1N444kRf6sgO6DVYtw",
        "name" : "Cleveland Circle",
        "locationConfidence" : 0.2598561
      }, {
        "latitudeE7" : 423373147,
        "longitudeE7" : -711474434,
        "placeId" : "ChIJjx5L91J444kRfAm9BNpbDqE",
        "name" : "Strathmore Road Apartments",
        "locationConfidence" : 0.15943117
      }, {
        "latitudeE7" : 423365337,
        "longitudeE7" : -711491367,
        "placeId" : "ChIJM3n_tlN444kRAxrbKM75FFc",
        "name" : "Eagles Deli",
        "locationConfidence" : 0.11006427
      }, {
        "latitudeE7" : 423363519,
        "longitudeE7" : -711431806,
        "placeId" : "ChIJx-F9F61544kRQrHqJTEJ8MU",
        "name" : "Jean B Waldstein Playground",
        "locationConfidence" : 0.10251494
      } ],
      "editConfirmationStatus" : "NOT_CONFIRMED"
    }
  }, {
    "activitySegment" : {
      "startLocation" : {
        "latitudeE7" : 423373400,
        "longitudeE7" : -711470750
      },
      "endLocation" : {
        "latitudeE7" : 423347381,
        "longitudeE7" : -711454910
      },
      "duration" : {
        "startTimestampMs" : "1405857652134",
        "endTimestampMs" : "1405946755343"
      },
      "activityType" : "UNKNOWN_ACTIVITY_TYPE",
      "activities" : [ {
        "activityType" : "UNKNOWN_ACTIVITY_TYPE",
        "probability" : 0.0
      } ],
      "simplifiedRawPath" : {
        "points" : [ {
          "latE7" : 423573033,
          "lngE7" : -710789209,
          "timestampMs" : "1405884191263",
          "accuracyMeters" : 462
        } ]
      }
    }
  }, {
    "activitySegment" : {
      "startLocation" : {
      },
      "endLocation" : {
      },
      "duration" : {
        "startTimestampMs" : "1405946755343",
        "endTimestampMs" : "1405951677053"
      },
      "distance" : 59704,
      "confidence" : "MEDIUM",
      "activities" : [ {
        "activityType" : "IN_VEHICLE",
        "probability" : 0.0
      }, {
        "activityType" : "FLYING",
        "probability" : 0.0
      }, {
        "activityType" : "CYCLING",
        "probability" : 0.0
      }, {
        "activityType" : "WALKING",
        "probability" : 0.0
      } ],
      "waypointPath" : {
        "waypoints" : [ {
          "latE7" : 423350524,
          "lngE7" : -711455841
        }, {
          "latE7" : 426729164,
          "lngE7" : -706637573
        }, {
          "latE7" : 426787414,
          "lngE7" : -706509780
        }, {
          "latE7" : 426812324,
          "lngE7" : -706249694
        } ]
      },
      "simplifiedRawPath" : {
        "points" : [ {
          "latE7" : 426727371,
          "lngE7" : -706639252,
          "timestampMs" : "1405951268048",
          "accuracyMeters" : 12
        }, {
          "latE7" : 426786613,
          "lngE7" : -706509171,
          "timestampMs" : "1405951403104",
          "accuracyMeters" : 11
        } ]
      },
      "editConfirmationStatus" : "NOT_CONFIRMED"
    }
  }, {
    "activitySegment" : {
      "startLocation" : {
      },
      "endLocation" : {
      },
      "duration" : {
        "startTimestampMs" : "1405968157369",
        "endTimestampMs" : "1405968696512"
      },
      "distance" : 305,
      "confidence" : "UNKNOWN_CONFIDENCE",
      "activities" : [ {
        "activityType" : "UNKNOWN_ACTIVITY_TYPE",
        "probability" : 0.0
      } ],
      "editConfirmationStatus" : "NOT_CONFIRMED"
    }
  }, {
    "activitySegment" : {
      "startLocation" : {
      },
      "endLocation" : {
      },
      "duration" : {
        "startTimestampMs" : "1405979495293",
        "endTimestampMs" : "1405979846364"
      },
      "distance" : 187,
      "confidence" : "UNKNOWN_CONFIDENCE",
      "activities" : [ {
        "activityType" : "UNKNOWN_ACTIVITY_TYPE",
        "probability" : 0.0
      } ],
      "editConfirmationStatus" : "NOT_CONFIRMED"
    }
  }, {
    "activitySegment" : {
      "startLocation" : {
      },
      "endLocation" : {
      },
      "duration" : {
        "startTimestampMs" : "1406025010877",
        "endTimestampMs" : "1406025320659"
      },
      "distance" : 186,
      "confidence" : "UNKNOWN_CONFIDENCE",
      "activities" : [ {
        "activityType" : "UNKNOWN_ACTIVITY_TYPE",
        "probability" : 0.0
      } ],
      "editConfirmationStatus" : "NOT_CONFIRMED"
    }
  }, {
    "activitySegment" : {
      "startLocation" : {
        "latitudeE7" : 426557995,
        "longitudeE7" : -706204669
      },
      "endLocation" : {
        "latitudeE7" : 423371863,
        "longitudeE7" : -711468823
      },
      "duration" : {
        "startTimestampMs" : "1406028161595",
        "endTimestampMs" : "1406035845791"
      },
      "distance" : 20290,
      "confidence" : "HIGH",
      "activities" : [ {
        "activityType" : "IN_VEHICLE",
        "probability" : 0.0
      }, {
        "activityType" : "FLYING",
        "probability" : 0.0
      }, {
        "activityType" : "WALKING",
        "probability" : 0.0
      }, {
        "activityType" : "CYCLING",
        "probability" : 0.0
      } ],
      "waypointPath" : {
        "waypoints" : [ {
          "latE7" : 426578369,
          "lngE7" : -706159210
        }, {
          "latE7" : 423372840,
          "lngE7" : -711469650
        } ]
      },
      "editConfirmationStatus" : "NOT_CONFIRMED"
    }
  }, {
    "activitySegment" : {
      "startLocation" : {
        "latitudeE7" : 423371863,
        "longitudeE7" : -711468823
      },
      "endLocation" : {
        "latitudeE7" : 423371863,
        "longitudeE7" : -711468823
      },
      "duration" : {
        "startTimestampMs" : "1406036251947",
        "endTimestampMs" : "1406037660748"
      },
      "distance" : 842,
      "confidence" : "MEDIUM",
      "activities" : [ {
        "activityType" : "IN_VEHICLE",
        "probability" : 0.0
      }, {
        "activityType" : "WALKING",
        "probability" : 0.0
      }, {
        "activityType" : "CYCLING",
        "probability" : 0.0
      }, {
        "activityType" : "FLYING",
        "probability" : 0.0
      } ],
      "editConfirmationStatus" : "NOT_CONFIRMED"
    }
  }, {
    "activitySegment" : {
      "startLocation" : {
      },
      "endLocation" : {
      },
      "duration" : {
        "startTimestampMs" : "1406038458569",
        "endTimestampMs" : "1406039059408"
      },
      "distance" : 471,
      "confidence" : "UNKNOWN_CONFIDENCE",
      "activities" : [ {
        "activityType" : "UNKNOWN_ACTIVITY_TYPE",
        "probability" : 0.0
      } ],
      "editConfirmationStatus" : "NOT_CONFIRMED"
    }
  }, {
    "activitySegment" : {
      "startLocation" : {
      },
      "endLocation" : {
      },
      "duration" : {
        "startTimestampMs" : "1406039599409",
        "endTimestampMs" : "1406039718173"
      },
      "distance" : 33,
      "confidence" : "UNKNOWN_CONFIDENCE",
      "activities" : [ {
        "activityType" : "UNKNOWN_ACTIVITY_TYPE",
        "probability" : 0.0
      } ],
      "editConfirmationStatus" : "NOT_CONFIRMED"
    }
  }, {
    "activitySegment" : {
      "startLocation" : {
      },
      "endLocation" : {
      },
      "duration" : {
        "startTimestampMs" : "1406039797740",
        "endTimestampMs" : "1406040756814"
      },
      "distance" : 483,
      "confidence" : "UNKNOWN_CONFIDENCE",
      "activities" : [ {
        "activityType" : "UNKNOWN_ACTIVITY_TYPE",
        "probability" : 0.0
      } ],
      "editConfirmationStatus" : "NOT_CONFIRMED"
    }
  }, {
    "activitySegment" : {
      "startLocation" : {
      },
      "endLocation" : {
      },
      "duration" : {
        "startTimestampMs" : "1406041108786",
        "endTimestampMs" : "1406041306811"
      },
      "distance" : 154,
      "confidence" : "UNKNOWN_CONFIDENCE",
      "activities" : [ {
        "activityType" : "UNKNOWN_ACTIVITY_TYPE",
        "probability" : 0.0
      } ],
      "editConfirmationStatus" : "NOT_CONFIRMED"
    }
  }, {
    "activitySegment" : {
      "startLocation" : {
        "latitudeE7" : 423371863,
        "longitudeE7" : -711468823
      },
      "endLocation" : {
        "latitudeE7" : 423448723,
        "longitudeE7" : -711058214
      },
      "duration" : {
        "startTimestampMs" : "1406043474241",
        "endTimestampMs" : "1406045276300"
      },
      "distance" : 3459,
      "confidence" : "MEDIUM",
      "activities" : [ {
        "activityType" : "IN_VEHICLE",
        "probability" : 0.0
      }, {
        "activityType" : "WALKING",
        "probability" : 0.0
      }, {
        "activityType" : "FLYING",
        "probability" : 0.0
      }, {
        "activityType" : "CYCLING",
        "probability" : 0.0
      } ],
      "waypointPath" : {
        "waypoints" : [ {
          "latE7" : 423372840,
          "lngE7" : -711469650
        }, {
          "latE7" : 423449783,
          "lngE7" : -711058731
        } ]
      },
      "editConfirmationStatus" : "NOT_CONFIRMED"
    }
  }, {
    "activitySegment" : {
      "startLocation" : {
        "latitudeE7" : 423448723,
        "longitudeE7" : -711058214
      },
      "endLocation" : {
        "latitudeE7" : 423448723,
        "longitudeE7" : -711058214
      },
      "duration" : {
        "startTimestampMs" : "1406045276300",
        "endTimestampMs" : "1406045625625"
      },
      "distance" : 193,
      "confidence" : "MEDIUM",
      "activities" : [ {
        "activityType" : "WALKING",
        "probability" : 0.0
      }, {
        "activityType" : "CYCLING",
        "probability" : 0.0
      }, {
        "activityType" : "IN_VEHICLE",
        "probability" : 0.0
      }, {
        "activityType" : "FLYING",
        "probability" : 0.0
      } ],
      "editConfirmationStatus" : "NOT_CONFIRMED"
    }
  }, {
    "activitySegment" : {
      "startLocation" : {
        "latitudeE7" : 423448723,
        "longitudeE7" : -711058214
      },
      "endLocation" : {
        "latitudeE7" : 423557969,
        "longitudeE7" : -710741829
      },
      "duration" : {
        "startTimestampMs" : "1406045625625",
        "endTimestampMs" : "1406046806775"
      },
      "distance" : 820,
      "confidence" : "MEDIUM",
      "activities" : [ {
        "activityType" : "IN_VEHICLE",
        "probability" : 0.0
      }, {
        "activityType" : "WALKING",
        "probability" : 0.0
      }, {
        "activityType" : "CYCLING",
        "probability" : 0.0
      }, {
        "activityType" : "FLYING",
        "probability" : 0.0
      } ],
      "editConfirmationStatus" : "NOT_CONFIRMED"
    }
  }, {
    "placeVisit" : {
      "location" : {
        "latitudeE7" : 423628828,
        "longitudeE7" : -710821066,
        "placeId" : "ChIJi2LBTaRw44kRrfQfxUMFewY",
        "address" : "500 Broad Canal Way\nCambridge, MA 02142\nUSA",
        "name" : "500 Broad Canal Way",
        "semanticType" : "TYPE_SEARCHED_ADDRESS",
        "locationConfidence" : 37.0054
      },
      "duration" : {
        "startTimestampMs" : "1406048384433",
        "endTimestampMs" : "1406054272819"
      },
      "centerLatE7" : 423581267,
      "centerLngE7" : -710790067,
      "visitConfidence" : 41,
      "otherCandidateLocations" : [ {
        "latitudeE7" : 423600264,
        "longitudeE7" : -710881788,
        "placeId" : "ChIJIUXN-6hw44kRF5ZzIllhWL0",
        "semanticType" : "TYPE_SEARCHED_ADDRESS",
        "locationConfidence" : 26.933704
      }, {
        "latitudeE7" : 423563944,
        "longitudeE7" : -710719992,
        "placeId" : "ChIJZcBDvZ9w44kR5QZtHCmoBoE",
        "semanticType" : "TYPE_SEARCHED_ADDRESS",
        "locationConfidence" : 22.37142
      }, {
        "latitudeE7" : 423546662,
        "longitudeE7" : -710815328,
        "placeId" : "ChIJTwyILAh644kR8xD41jV-yBk",
        "name" : "Charles River Reservation",
        "locationConfidence" : 13.689474
      } ],
      "editConfirmationStatus" : "NOT_CONFIRMED"
    }
  }, {
    "activitySegment" : {
      "startLocation" : {
      },
      "endLocation" : {
      },
      "duration" : {
        "startTimestampMs" : "1406054272819",
        "endTimestampMs" : "1406054863712"
      },
      "confidence" : "UNKNOWN_CONFIDENCE",
      "activities" : [ {
        "activityType" : "UNKNOWN_ACTIVITY_TYPE",
        "probability" : 0.0
      } ],
      "editConfirmationStatus" : "NOT_CONFIRMED"
    }
  }, {
    "activitySegment" : {
      "startLocation" : {
        "latitudeE7" : 423584264,
        "longitudeE7" : -710796182
      },
      "endLocation" : {
        "latitudeE7" : 423584264,
        "longitudeE7" : -710796182
      },
      "duration" : {
        "startTimestampMs" : "1406055430749",
        "endTimestampMs" : "1406057294731"
      },
      "distance" : 1652,
      "confidence" : "MEDIUM",
      "activities" : [ {
        "activityType" : "IN_VEHICLE",
        "probability" : 0.0
      }, {
        "activityType" : "WALKING",
        "probability" : 0.0
      }, {
        "activityType" : "FLYING",
        "probability" : 0.0
      }, {
        "activityType" : "CYCLING",
        "probability" : 0.0
      } ],
      "editConfirmationStatus" : "NOT_CONFIRMED"
    }
  }, {
    "activitySegment" : {
      "startLocation" : {
        "latitudeE7" : 423584264,
        "longitudeE7" : -710796182
      },
      "endLocation" : {
        "latitudeE7" : 423584264,
        "longitudeE7" : -710796182
      },
      "duration" : {
        "startTimestampMs" : "1406061637645",
        "endTimestampMs" : "1406062215995"
      },
      "distance" : 585,
      "confidence" : "HIGH",
      "activities" : [ {
        "activityType" : "IN_VEHICLE",
        "probability" : 0.0
      }, {
        "activityType" : "FLYING",
        "probability" : 0.0
      }, {
        "activityType" : "WALKING",
        "probability" : 0.0
      }, {
        "activityType" : "CYCLING",
        "probability" : 0.0
      } ],
      "editConfirmationStatus" : "NOT_CONFIRMED"
    }
  }, {
    "activitySegment" : {
      "startLocation" : {
      },
      "endLocation" : {
      },
      "duration" : {
        "startTimestampMs" : "1406063037622",
        "endTimestampMs" : "1406063283625"
      },
      "distance" : 178,
      "confidence" : "UNKNOWN_CONFIDENCE",
      "activities" : [ {
        "activityType" : "UNKNOWN_ACTIVITY_TYPE",
        "probability" : 0.0
      } ],
      "editConfirmationStatus" : "NOT_CONFIRMED"
    }
  }, {
    "activitySegment" : {
      "startLocation" : {
        "latitudeE7" : 423584264,
        "longitudeE7" : -710796182
      },
      "endLocation" : {
        "latitudeE7" : 423584264,
        "longitudeE7" : -710796182
      },
      "duration" : {
        "startTimestampMs" : "1406072072796",
        "endTimestampMs" : "1406072928515"
      },
      "distance" : 1030,
      "confidence" : "HIGH",
      "activities" : [ {
        "activityType" : "IN_VEHICLE",
        "probability" : 0.0
      }, {
        "activityType" : "FLYING",
        "probability" : 0.0
      }, {
        "activityType" : "WALKING",
        "probability" : 0.0
      }, {
        "activityType" : "CYCLING",
        "probability" : 0.0
      } ],
      "editConfirmationStatus" : "NOT_CONFIRMED"
    }
  }, {
    "activitySegment" : {
      "startLocation" : {
        "latitudeE7" : 423584264,
        "longitudeE7" : -710796182
      },
      "endLocation" : {
        "latitudeE7" : 423584264,
        "longitudeE7" : -710796182
      },
      "duration" : {
        "startTimestampMs" : "1406075425579",
        "endTimestampMs" : "1406076346384"
      },
      "distance" : 761,
      "confidence" : "MEDIUM",
      "activities" : [ {
        "activityType" : "IN_VEHICLE",
        "probability" : 0.0
      }, {
        "activityType" : "WALKING",
        "probability" : 0.0
      }, {
        "activityType" : "CYCLING",
        "probability" : 0.0
      }, {
        "activityType" : "FLYING",
        "probability" : 0.0
      } ],
      "editConfirmationStatus" : "NOT_CONFIRMED"
    }
  }, {
    "activitySegment" : {
      "startLocation" : {
      },
      "endLocation" : {
      },
      "duration" : {
        "startTimestampMs" : "1406077215802",
        "endTimestampMs" : "1406077822641"
      },
      "distance" : 303,
      "confidence" : "UNKNOWN_CONFIDENCE",
      "activities" : [ {
        "activityType" : "UNKNOWN_ACTIVITY_TYPE",
        "probability" : 0.0
      } ],
      "editConfirmationStatus" : "NOT_CONFIRMED"
    }
  }, {
    "activitySegment" : {
      "startLocation" : {
      },
      "endLocation" : {
      },
      "duration" : {
        "startTimestampMs" : "1406078170506",
        "endTimestampMs" : "1406078803583"
      },
      "distance" : 371,
      "confidence" : "UNKNOWN_CONFIDENCE",
      "activities" : [ {
        "activityType" : "UNKNOWN_ACTIVITY_TYPE",
        "probability" : 0.0
      } ],
      "editConfirmationStatus" : "NOT_CONFIRMED"
    }
  }, {
    "activitySegment" : {
      "startLocation" : {
        "latitudeE7" : 423565016,
        "longitudeE7" : -710766845
      },
      "endLocation" : {
        "latitudeE7" : 423553032,
        "longitudeE7" : -710887350
      },
      "duration" : {
        "startTimestampMs" : "1406079106904",
        "endTimestampMs" : "1406080242487"
      },
      "distance" : 601,
      "confidence" : "MEDIUM",
      "activities" : [ {
        "activityType" : "IN_VEHICLE",
        "probability" : 0.0
      }, {
        "activityType" : "WALKING",
        "probability" : 0.0
      }, {
        "activityType" : "CYCLING",
        "probability" : 0.0
      }, {
        "activityType" : "FLYING",
        "probability" : 0.0
      } ],
      "editConfirmationStatus" : "NOT_CONFIRMED"
    }
  }, {
    "activitySegment" : {
      "startLocation" : {
      },
      "endLocation" : {
      },
      "duration" : {
        "startTimestampMs" : "1406081844909",
        "endTimestampMs" : "1406082601613"
      },
      "distance" : 298,
      "confidence" : "UNKNOWN_CONFIDENCE",
      "activities" : [ {
        "activityType" : "UNKNOWN_ACTIVITY_TYPE",
        "probability" : 0.0
      } ],
      "editConfirmationStatus" : "NOT_CONFIRMED"
    }
  }, {
    "activitySegment" : {
      "startLocation" : {
        "latitudeE7" : 423553032,
        "longitudeE7" : -710887350
      },
      "endLocation" : {
        "latitudeE7" : 423371863,
        "longitudeE7" : -711468823
      },
      "duration" : {
        "startTimestampMs" : "1406083438767",
        "endTimestampMs" : "1406086109320"
      },
      "distance" : 3173,
      "confidence" : "MEDIUM",
      "activities" : [ {
        "activityType" : "IN_VEHICLE",
        "probability" : 0.0
      }, {
        "activityType" : "WALKING",
        "probability" : 0.0
      }, {
        "activityType" : "CYCLING",
        "probability" : 0.0
      }, {
        "activityType" : "FLYING",
        "probability" : 0.0
      } ],
      "editConfirmationStatus" : "NOT_CONFIRMED"
    }
  }, {
    "activitySegment" : {
      "startLocation" : {
        "latitudeE7" : 423371863,
        "longitudeE7" : -711468823
      },
      "endLocation" : {
        "latitudeE7" : 423371863,
        "longitudeE7" : -711468823
      },
      "duration" : {
        "startTimestampMs" : "1406086462475",
        "endTimestampMs" : "1406089464490"
      },
      "distance" : 1816,
      "confidence" : "MEDIUM",
      "activities" : [ {
        "activityType" : "IN_VEHICLE",
        "probability" : 0.0
      }, {
        "activityType" : "WALKING",
        "probability" : 0.0
      }, {
        "activityType" : "CYCLING",
        "probability" : 0.0
      }, {
        "activityType" : "FLYING",
        "probability" : 0.0
      } ],
      "editConfirmationStatus" : "NOT_CONFIRMED"
    }
  }, {
    "activitySegment" : {
      "startLocation" : {
        "latitudeE7" : 423371842,
        "longitudeE7" : -711469082
      },
      "endLocation" : {
        "latitudeE7" : 423371842,
        "longitudeE7" : -711469082
      },
      "duration" : {
        "startTimestampMs" : "1406126148779",
        "endTimestampMs" : "1406127705965"
      },
      "distance" : 898,
      "confidence" : "MEDIUM",
      "activities" : [ {
        "activityType" : "IN_VEHICLE",
        "probability" : 0.0
      }, {
        "activityType" : "WALKING",
        "probability" : 0.0
      }, {
        "activityType" : "CYCLING",
        "probability" : 0.0
      }, {
        "activityType" : "FLYING",
        "probability" : 0.0
      } ],
      "editConfirmationStatus" : "NOT_CONFIRMED"
    }
  }, {
    "activitySegment" : {
      "startLocation" : {
      },
      "endLocation" : {
      },
      "duration" : {
        "startTimestampMs" : "1406128259989",
        "endTimestampMs" : "1406128623083"
      },
      "distance" : 244,
      "confidence" : "UNKNOWN_CONFIDENCE",
      "activities" : [ {
        "activityType" : "UNKNOWN_ACTIVITY_TYPE",
        "probability" : 0.0
      } ],
      "editConfirmationStatus" : "NOT_CONFIRMED"
    }
  }, {
    "activitySegment" : {
      "startLocation" : {
      },
      "endLocation" : {
      },
      "duration" : {
        "startTimestampMs" : "1406129258898",
        "endTimestampMs" : "1406129335900"
      },
      "distance" : 42,
      "confidence" : "UNKNOWN_CONFIDENCE",
      "activities" : [ {
        "activityType" : "UNKNOWN_ACTIVITY_TYPE",
        "probability" : 0.0
      } ],
      "editConfirmationStatus" : "NOT_CONFIRMED"
    }
  }, {
    "activitySegment" : {
      "startLocation" : {
      },
      "endLocation" : {
      },
      "duration" : {
        "startTimestampMs" : "1406129808096",
        "endTimestampMs" : "1406130011914"
      },
      "distance" : 81,
      "confidence" : "UNKNOWN_CONFIDENCE",
      "activities" : [ {
        "activityType" : "UNKNOWN_ACTIVITY_TYPE",
        "probability" : 0.0
      } ],
      "editConfirmationStatus" : "NOT_CONFIRMED"
    }
  }, {
    "activitySegment" : {
      "startLocation" : {
        "latitudeE7" : 423371842,
        "longitudeE7" : -711469082
      },
      "endLocation" : {
        "latitudeE7" : 423371842,
        "longitudeE7" : -711469082
      },
      "duration" : {
        "startTimestampMs" : "1406130422711",
        "endTimestampMs" : "1406138583916"
      },
      "distance" : 9948,
      "confidence" : "MEDIUM",
      "activities" : [ {
        "activityType" : "IN_VEHICLE",
        "probability" : 0.0
      }, {
        "activityType" : "WALKING",
        "probability" : 0.0
      }, {
        "activityType" : "CYCLING",
        "probability" : 0.0
      }, {
        "activityType" : "FLYING",
        "probability" : 0.0
      } ],
      "editConfirmationStatus" : "NOT_CONFIRMED"
    }
  }, {
    "activitySegment" : {
      "startLocation" : {
      },
      "endLocation" : {
      },
      "duration" : {
        "startTimestampMs" : "1406139976125",
        "endTimestampMs" : "1406140166969"
      },
      "distance" : 82,
      "confidence" : "UNKNOWN_CONFIDENCE",
      "activities" : [ {
        "activityType" : "UNKNOWN_ACTIVITY_TYPE",
        "probability" : 0.0
      } ],
      "editConfirmationStatus" : "NOT_CONFIRMED"
    }
  }, {
    "activitySegment" : {
      "startLocation" : {
      },
      "endLocation" : {
      },
      "duration" : {
        "startTimestampMs" : "1406143220788",
        "endTimestampMs" : "1406143750956"
      },
      "distance" : 300,
      "confidence" : "UNKNOWN_CONFIDENCE",
      "activities" : [ {
        "activityType" : "UNKNOWN_ACTIVITY_TYPE",
        "probability" : 0.0
      } ],
      "editConfirmationStatus" : "NOT_CONFIRMED"
    }
  }, {
    "activitySegment" : {
      "startLocation" : {
      },
      "endLocation" : {
      },
      "duration" : {
        "startTimestampMs" : "1406153547068",
        "endTimestampMs" : "1406153669109"
      },
      "distance" : 69,
      "confidence" : "UNKNOWN_CONFIDENCE",
      "activities" : [ {
        "activityType" : "UNKNOWN_ACTIVITY_TYPE",
        "probability" : 0.0
      } ],
      "editConfirmationStatus" : "NOT_CONFIRMED"
    }
  }, {
    "activitySegment" : {
      "startLocation" : {
        "latitudeE7" : 423371842,
        "longitudeE7" : -711469082
      },
      "endLocation" : {
        "latitudeE7" : 423472284,
        "longitudeE7" : -711027263
      },
      "duration" : {
        "startTimestampMs" : "1406154916200",
        "endTimestampMs" : "1406155858064"
      },
      "distance" : 2227,
      "confidence" : "MEDIUM",
      "activities" : [ {
        "activityType" : "IN_VEHICLE",
        "probability" : 0.0
      }, {
        "activityType" : "WALKING",
        "probability" : 0.0
      }, {
        "activityType" : "CYCLING",
        "probability" : 0.0
      }, {
        "activityType" : "FLYING",
        "probability" : 0.0
      } ],
      "waypointPath" : {
        "waypoints" : [ {
          "latE7" : 423372764,
          "lngE7" : -711469802
        }, {
          "latE7" : 423472442,
          "lngE7" : -711027374
        } ]
      },
      "editConfirmationStatus" : "NOT_CONFIRMED"
    }
  }, {
    "placeVisit" : {
      "location" : {
        "latitudeE7" : 423467512,
        "longitudeE7" : -710969456,
        "placeId" : "ChIJbz8lP_Z544kRBFV6ZMsNgKI",
        "address" : "4 Jersey St\nBoston, MA 02215\nUSA",
        "name" : "Fenway Park",
        "locationConfidence" : 67.943825
      },
      "duration" : {
        "startTimestampMs" : "1406156755217",
        "endTimestampMs" : "1406159996246"
      },
      "centerLatE7" : 423466167,
      "centerLngE7" : -710975533,
      "visitConfidence" : 73,
      "otherCandidateLocations" : [ {
        "latitudeE7" : 423473888,
        "longitudeE7" : -710979392,
        "placeId" : "ChIJ44ZYNPZ544kRUbx5bOEX-Vc",
        "name" : "Cask 'n Flagon",
        "locationConfidence" : 4.7461987
      }, {
        "latitudeE7" : 423470312,
        "longitudeE7" : -710984180,
        "placeId" : "ChIJh-_ZLPZ544kR-ZcAUneLzNU",
        "name" : "Game On Fenway",
        "locationConfidence" : 3.2203288
      }, {
        "latitudeE7" : 423504997,
        "longitudeE7" : -711053991,
        "placeId" : "ChIJFzjlY_B544kRyL6j4ABuNCs",
        "name" : "Boston University",
        "locationConfidence" : 2.2925162
      }, {
        "latitudeE7" : 423470733,
        "longitudeE7" : -710967959,
        "placeId" : "ChIJh-_ZLPZ544kRu4Hl0OcbiFg",
        "name" : "Bleacher Bar",
        "locationConfidence" : 1.9452084
      }, {
        "latitudeE7" : 423470031,
        "longitudeE7" : -710983200,
        "placeId" : "ChIJs4ByM_Z544kRMONAusAqPO8",
        "name" : "Blazing Paddles @ Game On! Fenway",
        "locationConfidence" : 1.9210513
      }, {
        "latitudeE7" : 423470191,
        "longitudeE7" : -710989705,
        "placeId" : "ChIJ8-MbNvZ544kRp1mugL9Gc6U",
        "name" : "Boston Beer Works",
        "locationConfidence" : 1.7205625
      }, {
        "latitudeE7" : 423459904,
        "longitudeE7" : -710986783,
        "placeId" : "ChIJS4xiOPZ544kRMLOjgfBF2hg",
        "name" : "Boston Red Sox",
        "locationConfidence" : 0.7920423
      }, {
        "latitudeE7" : 423489705,
        "longitudeE7" : -710975491,
        "placeId" : "ChIJ7ZXiVx1644kRc0GgVmpdHMo",
        "name" : "Kenmore Square",
        "locationConfidence" : 0.6534384
      }, {
        "latitudeE7" : 423452650,
        "longitudeE7" : -710963696,
        "placeId" : "ChIJ9_pS7x1644kRtIgB-dhROkM",
        "name" : "Jerry Remy's",
        "locationConfidence" : 0.6334492
      } ],
      "editConfirmationStatus" : "NOT_CONFIRMED"
    }
  }, {
    "placeVisit" : {
      "location" : {
        "latitudeE7" : 423345525,
        "longitudeE7" : -711456455,
        "placeId" : "ChIJL6P4T1N444kRUxwGfnTlDvI",
        "address" : "247 Fisher Ave\nBrookline, MA 02445\nUSA",
        "name" : "247 Fisher Ave",
        "semanticType" : "TYPE_HOME",
        "locationConfidence" : 90.04396
      },
      "duration" : {
        "startTimestampMs" : "1406172299174",
        "endTimestampMs" : "1406202941048"
      },
      "centerLatE7" : 423371500,
      "centerLngE7" : -711468850,
      "visitConfidence" : 77,
      "otherCandidateLocations" : [ {
        "latitudeE7" : 423376240,
        "longitudeE7" : -711466940,
        "placeId" : "ChIJb09e61J444kRngeIvoZmB-Y",
        "semanticType" : "TYPE_SEARCHED_ADDRESS",
        "locationConfidence" : 4.1309977
      }, {
        "latitudeE7" : 423380450,
        "longitudeE7" : -711463317,
        "placeId" : "ChIJcZaHvVJ444kRqUj2A69Te7o",
        "semanticType" : "TYPE_SEARCHED_ADDRESS",
        "locationConfidence" : 1.8165914
      }, {
        "latitudeE7" : 423404199,
        "longitudeE7" : -711526345,
        "placeId" : "ChIJy_deI05444kR87Bara2JKKc",
        "semanticType" : "TYPE_SEARCHED_ADDRESS",
        "locationConfidence" : 0.6129095
      }, {
        "latitudeE7" : 423365211,
        "longitudeE7" : -711492157,
        "placeId" : "ChIJC7Wwt1N444kRM-I43qYtJZE",
        "name" : "Pino's Pizza",
        "locationConfidence" : 0.3600587
      }, {
        "latitudeE7" : 423361957,
        "longitudeE7" : -711489867,
        "placeId" : "ChIJkd5gx1N444kRf6sgO6DVYtw",
        "name" : "Cleveland Circle",
        "locationConfidence" : 0.22736269
      }, {
        "latitudeE7" : 423373195,
        "longitudeE7" : -711469976,
        "placeId" : "ChIJqWM27lJ444kRPYXFqbRxElI",
        "name" : "Brighton Chinese Christian Church",
        "locationConfidence" : 0.1852256
      }, {
        "latitudeE7" : 423373147,
        "longitudeE7" : -711474434,
        "placeId" : "ChIJjx5L91J444kRfAm9BNpbDqE",
        "name" : "Strathmore Road Apartments",
        "locationConfidence" : 0.10872988
      }, {
        "latitudeE7" : 423373885,
        "longitudeE7" : -711465158,
        "placeId" : "ChIJsfScRP5444kRhcGYx0lvgWQ",
        "name" : "A.A. Zack Plumbing LLC",
        "locationConfidence" : 0.097980045
      }, {
        "latitudeE7" : 423363519,
        "longitudeE7" : -711431806,
        "placeId" : "ChIJx-F9F61544kRQrHqJTEJ8MU",
        "name" : "Jean B Waldstein Playground",
        "locationConfidence" : 0.09179
      } ],
      "editConfirmationStatus" : "NOT_CONFIRMED"
    }
  }, {
    "placeVisit" : {
      "location" : {
        "latitudeE7" : 423628828,
        "longitudeE7" : -710821066,
        "placeId" : "ChIJi2LBTaRw44kRrfQfxUMFewY",
        "address" : "500 Broad Canal Way\nCambridge, MA 02142\nUSA",
        "name" : "500 Broad Canal Way",
        "semanticType" : "TYPE_SEARCHED_ADDRESS",
        "locationConfidence" : 37.488148
      },
      "duration" : {
        "startTimestampMs" : "1406214588177",
        "endTimestampMs" : "1406217438269"
      },
      "centerLatE7" : 423581400,
      "centerLngE7" : -710789067,
      "visitConfidence" : 44,
      "otherCandidateLocations" : [ {
        "latitudeE7" : 423600264,
        "longitudeE7" : -710881788,
        "placeId" : "ChIJIUXN-6hw44kRF5ZzIllhWL0",
        "semanticType" : "TYPE_SEARCHED_ADDRESS",
        "locationConfidence" : 26.931593
      }, {
        "latitudeE7" : 423563944,
        "longitudeE7" : -710719992,
        "placeId" : "ChIJZcBDvZ9w44kR5QZtHCmoBoE",
        "semanticType" : "TYPE_SEARCHED_ADDRESS",
        "locationConfidence" : 23.26339
      }, {
        "latitudeE7" : 423546662,
        "longitudeE7" : -710815328,
        "placeId" : "ChIJTwyILAh644kR8xD41jV-yBk",
        "name" : "Charles River Reservation",
        "locationConfidence" : 12.316872
      } ],
      "editConfirmationStatus" : "NOT_CONFIRMED"
    }
  }, {
    "placeVisit" : {
      "location" : {
        "latitudeE7" : 423345525,
        "longitudeE7" : -711456455,
        "placeId" : "ChIJL6P4T1N444kRUxwGfnTlDvI",
        "address" : "247 Fisher Ave\nBrookline, MA 02445\nUSA",
        "name" : "247 Fisher Ave",
        "semanticType" : "TYPE_HOME",
        "locationConfidence" : 90.072014
      },
      "duration" : {
        "startTimestampMs" : "1406248349474",
        "endTimestampMs" : "1406289473124"
      },
      "centerLatE7" : 423371750,
      "centerLngE7" : -711465650,
      "visitConfidence" : 74,
      "otherCandidateLocations" : [ {
        "latitudeE7" : 423376240,
        "longitudeE7" : -711466940,
        "placeId" : "ChIJb09e61J444kRngeIvoZmB-Y",
        "semanticType" : "TYPE_SEARCHED_ADDRESS",
        "locationConfidence" : 4.192346
      }, {
        "latitudeE7" : 423380450,
        "longitudeE7" : -711463317,
        "placeId" : "ChIJcZaHvVJ444kRqUj2A69Te7o",
        "semanticType" : "TYPE_SEARCHED_ADDRESS",
        "locationConfidence" : 1.9988074
      }, {
        "latitudeE7" : 423404199,
        "longitudeE7" : -711526345,
        "placeId" : "ChIJy_deI05444kR87Bara2JKKc",
        "semanticType" : "TYPE_SEARCHED_ADDRESS",
        "locationConfidence" : 0.5669726
      }, {
        "latitudeE7" : 423365211,
        "longitudeE7" : -711492157,
        "placeId" : "ChIJC7Wwt1N444kRM-I43qYtJZE",
        "name" : "Pino's Pizza",
        "locationConfidence" : 0.250038
      }, {
        "latitudeE7" : 423361957,
        "longitudeE7" : -711489867,
        "placeId" : "ChIJkd5gx1N444kRf6sgO6DVYtw",
        "name" : "Cleveland Circle",
        "locationConfidence" : 0.18770534
      }, {
        "latitudeE7" : 423373885,
        "longitudeE7" : -711465158,
        "placeId" : "ChIJsfScRP5444kRhcGYx0lvgWQ",
        "name" : "A.A. Zack Plumbing LLC",
        "locationConfidence" : 0.124528974
      }, {
        "latitudeE7" : 423373195,
        "longitudeE7" : -711469976,
        "placeId" : "ChIJqWM27lJ444kRPYXFqbRxElI",
        "name" : "Brighton Chinese Christian Church",
        "locationConfidence" : 0.111651324
      }, {
        "latitudeE7" : 423375556,
        "longitudeE7" : -711455668,
        "placeId" : "ChIJzWJMyFJ444kRlmfillr65Og",
        "name" : "American Chinese Medical Center",
        "locationConfidence" : 0.08903937
      }, {
        "latitudeE7" : 423369710,
        "longitudeE7" : -711456600,
        "placeId" : "ChIJazpExVJ444kRkWU-_jWAlZw",
        "name" : "Englewood Ave.",
        "locationConfidence" : 0.08640481
      } ],
      "editConfirmationStatus" : "NOT_CONFIRMED"
    }
  }, {
    "placeVisit" : {
      "location" : {
        "latitudeE7" : 423398067,
        "longitudeE7" : -710891717,
        "placeId" : "ChIJ4VzPmRl644kRjLkiZeYAe8k",
        "address" : "360 Huntington Ave\nBoston, MA 02115\nUSA",
        "name" : "Northeastern University",
        "locationConfidence" : 77.294586
      },
      "duration" : {
        "startTimestampMs" : "1406341613399",
        "endTimestampMs" : "1406342522848"
      },
      "centerLatE7" : 423373933,
      "centerLngE7" : -710839967,
      "visitConfidence" : 51,
      "otherCandidateLocations" : [ {
        "latitudeE7" : 423375114,
        "longitudeE7" : -710840942,
        "placeId" : "ChIJYWEXXj1644kRVnvLOCV9yf4",
        "name" : "Papa John's Pizza",
        "locationConfidence" : 4.440538
      }, {
        "latitudeE7" : 423372303,
        "longitudeE7" : -710835733,
        "placeId" : "ChIJcyTJYD1644kRuq76YxOTtEI",
        "name" : "Hollywood Liquors",
        "locationConfidence" : 3.8023744
      }, {
        "latitudeE7" : 423372066,
        "longitudeE7" : -710836598,
        "placeId" : "ChIJo8q9Zj1644kR2BzUC4rxLOU",
        "name" : "Slades Bar & Grill",
        "locationConfidence" : 2.634772
      }, {
        "latitudeE7" : 423374978,
        "longitudeE7" : -710841218,
        "placeId" : "ChIJwcAMXj1644kR-Agy1bFO7ZE",
        "name" : "Quick Pick Convenience",
        "locationConfidence" : 0.87802416
      }, {
        "latitudeE7" : 423372260,
        "longitudeE7" : -710840220,
        "placeId" : "ChIJA79tXT1644kREmA6Bdy5tCU",
        "name" : "Tremont St @ Hammond St",
        "locationConfidence" : 0.8317089
      }, {
        "latitudeE7" : 423374142,
        "longitudeE7" : -710863334,
        "placeId" : "ChIJA2TkuiJ644kR-0f70TuVUY0",
        "name" : "Columbus Construction",
        "locationConfidence" : 0.55369383
      }, {
        "latitudeE7" : 423376660,
        "longitudeE7" : -710852617,
        "placeId" : "ChIJB_h0TYNw44kRg4tvSeBBItY",
        "name" : "Board of Trustees-Northeastern",
        "locationConfidence" : 0.4604326
      }, {
        "latitudeE7" : 423381553,
        "longitudeE7" : -710866577,
        "placeId" : "ChIJVbF8liJ644kR3BOsOM8iEbk",
        "name" : "Columbus Parking Garage",
        "locationConfidence" : 0.43556136
      }, {
        "latitudeE7" : 423382041,
        "longitudeE7" : -710860529,
        "placeId" : "ChIJzXFcqSJ644kRZF2Hh382LgU",
        "name" : "SquashBusters Inc",
        "locationConfidence" : 0.42407447
      } ],
      "editConfirmationStatus" : "NOT_CONFIRMED"
    }
  }, {
    "placeVisit" : {
      "location" : {
        "latitudeE7" : 423345525,
        "longitudeE7" : -711456455,
        "placeId" : "ChIJL6P4T1N444kRUxwGfnTlDvI",
        "address" : "247 Fisher Ave\nBrookline, MA 02445\nUSA",
        "name" : "247 Fisher Ave",
        "semanticType" : "TYPE_HOME",
        "locationConfidence" : 89.01871
      },
      "duration" : {
        "startTimestampMs" : "1406356442732",
        "endTimestampMs" : "1406375720294"
      },
      "centerLatE7" : 423373100,
      "centerLngE7" : -711462900,
      "visitConfidence" : 77,
      "otherCandidateLocations" : [ {
        "latitudeE7" : 423376240,
        "longitudeE7" : -711466940,
        "placeId" : "ChIJb09e61J444kRngeIvoZmB-Y",
        "semanticType" : "TYPE_SEARCHED_ADDRESS",
        "locationConfidence" : 4.920154
      }, {
        "latitudeE7" : 423380450,
        "longitudeE7" : -711463317,
        "placeId" : "ChIJcZaHvVJ444kRqUj2A69Te7o",
        "semanticType" : "TYPE_SEARCHED_ADDRESS",
        "locationConfidence" : 2.7405548
      }, {
        "latitudeE7" : 423404199,
        "longitudeE7" : -711526345,
        "placeId" : "ChIJy_deI05444kR87Bara2JKKc",
        "semanticType" : "TYPE_SEARCHED_ADDRESS",
        "locationConfidence" : 0.57535684
      }, {
        "latitudeE7" : 423361957,
        "longitudeE7" : -711489867,
        "placeId" : "ChIJkd5gx1N444kRf6sgO6DVYtw",
        "name" : "Cleveland Circle",
        "locationConfidence" : 0.16540198
      }, {
        "latitudeE7" : 423375556,
        "longitudeE7" : -711455668,
        "placeId" : "ChIJzWJMyFJ444kRlmfillr65Og",
        "name" : "American Chinese Medical Center",
        "locationConfidence" : 0.15201658
      }, {
        "latitudeE7" : 423373885,
        "longitudeE7" : -711465158,
        "placeId" : "ChIJsfScRP5444kRhcGYx0lvgWQ",
        "name" : "A.A. Zack Plumbing LLC",
        "locationConfidence" : 0.14187264
      }, {
        "latitudeE7" : 423369710,
        "longitudeE7" : -711456600,
        "placeId" : "ChIJazpExVJ444kRkWU-_jWAlZw",
        "name" : "Englewood Ave.",
        "locationConfidence" : 0.11048848
      }, {
        "latitudeE7" : 423374532,
        "longitudeE7" : -711455217,
        "placeId" : "ChIJHW1kyVJ444kRji5US8JhtOU",
        "locationConfidence" : 0.11026051
      }, {
        "latitudeE7" : 423363519,
        "longitudeE7" : -711431806,
        "placeId" : "ChIJx-F9F61544kRQrHqJTEJ8MU",
        "name" : "Jean B Waldstein Playground",
        "locationConfidence" : 0.085159056
      } ],
      "editConfirmationStatus" : "NOT_CONFIRMED"
    }
  }, {
    "placeVisit" : {
      "location" : {
        "latitudeE7" : 423628828,
        "longitudeE7" : -710821066,
        "placeId" : "ChIJi2LBTaRw44kRrfQfxUMFewY",
        "address" : "500 Broad Canal Way\nCambridge, MA 02142\nUSA",
        "name" : "500 Broad Canal Way",
        "semanticType" : "TYPE_SEARCHED_ADDRESS",
        "locationConfidence" : 37.15035
      },
      "duration" : {
        "startTimestampMs" : "1406391049466",
        "endTimestampMs" : "1406402707232"
      },
      "centerLatE7" : 423579467,
      "centerLngE7" : -710800100,
      "visitConfidence" : 14,
      "otherCandidateLocations" : [ {
        "latitudeE7" : 423600264,
        "longitudeE7" : -710881788,
        "placeId" : "ChIJIUXN-6hw44kRF5ZzIllhWL0",
        "semanticType" : "TYPE_SEARCHED_ADDRESS",
        "locationConfidence" : 31.599314
      }, {
        "latitudeE7" : 423563944,
        "longitudeE7" : -710719992,
        "placeId" : "ChIJZcBDvZ9w44kR5QZtHCmoBoE",
        "semanticType" : "TYPE_SEARCHED_ADDRESS",
        "locationConfidence" : 17.907074
      }, {
        "latitudeE7" : 423546662,
        "longitudeE7" : -710815328,
        "placeId" : "ChIJTwyILAh644kR8xD41jV-yBk",
        "name" : "Charles River Reservation",
        "locationConfidence" : 12.83551
      }, {
        "latitudeE7" : 423601242,
        "longitudeE7" : -710828388,
        "placeId" : "ChIJmQF_fUJ344kRj1X9rrlwfl8",
        "name" : "Harvard University- Sailing Center",
        "locationConfidence" : 0.50775355
      } ],
      "editConfirmationStatus" : "NOT_CONFIRMED"
    }
  }, {
    "placeVisit" : {
      "location" : {
        "latitudeE7" : 423345525,
        "longitudeE7" : -711456455,
        "placeId" : "ChIJL6P4T1N444kRUxwGfnTlDvI",
        "address" : "247 Fisher Ave\nBrookline, MA 02445\nUSA",
        "name" : "247 Fisher Ave",
        "semanticType" : "TYPE_HOME",
        "locationConfidence" : 87.90357
      },
      "duration" : {
        "startTimestampMs" : "1406423830372",
        "endTimestampMs" : "1406462068825"
      },
      "centerLatE7" : 423373150,
      "centerLngE7" : -711466050,
      "visitConfidence" : 75,
      "otherCandidateLocations" : [ {
        "latitudeE7" : 423376240,
        "longitudeE7" : -711466940,
        "placeId" : "ChIJb09e61J444kRngeIvoZmB-Y",
        "semanticType" : "TYPE_SEARCHED_ADDRESS",
        "locationConfidence" : 5.814632
      }, {
        "latitudeE7" : 423380450,
        "longitudeE7" : -711463317,
        "placeId" : "ChIJcZaHvVJ444kRqUj2A69Te7o",
        "semanticType" : "TYPE_SEARCHED_ADDRESS",
        "locationConfidence" : 2.5173342
      }, {
        "latitudeE7" : 423404199,
        "longitudeE7" : -711526345,
        "placeId" : "ChIJy_deI05444kR87Bara2JKKc",
        "semanticType" : "TYPE_SEARCHED_ADDRESS",
        "locationConfidence" : 0.6328128
      }, {
        "latitudeE7" : 423365211,
        "longitudeE7" : -711492157,
        "placeId" : "ChIJC7Wwt1N444kRM-I43qYtJZE",
        "name" : "Pino's Pizza",
        "locationConfidence" : 0.25992844
      }, {
        "latitudeE7" : 423361957,
        "longitudeE7" : -711489867,
        "placeId" : "ChIJkd5gx1N444kRf6sgO6DVYtw",
        "name" : "Cleveland Circle",
        "locationConfidence" : 0.19509344
      }, {
        "latitudeE7" : 423373885,
        "longitudeE7" : -711465158,
        "placeId" : "ChIJsfScRP5444kRhcGYx0lvgWQ",
        "name" : "A.A. Zack Plumbing LLC",
        "locationConfidence" : 0.17489874
      }, {
        "latitudeE7" : 423373195,
        "longitudeE7" : -711469976,
        "placeId" : "ChIJqWM27lJ444kRPYXFqbRxElI",
        "name" : "Brighton Chinese Christian Church",
        "locationConfidence" : 0.13013083
      }, {
        "latitudeE7" : 423363519,
        "longitudeE7" : -711431806,
        "placeId" : "ChIJx-F9F61544kRQrHqJTEJ8MU",
        "name" : "Jean B Waldstein Playground",
        "locationConfidence" : 0.09784421
      }, {
        "latitudeE7" : 423375556,
        "longitudeE7" : -711455668,
        "placeId" : "ChIJzWJMyFJ444kRlmfillr65Og",
        "name" : "American Chinese Medical Center",
        "locationConfidence" : 0.09601912
      } ],
      "editConfirmationStatus" : "NOT_CONFIRMED"
    }
  }, {
    "activitySegment" : {
      "startLocation" : {
        "latitudeE7" : 423419277,
        "longitudeE7" : -711215348
      },
      "endLocation" : {
        "latitudeE7" : 423585567,
        "longitudeE7" : -710798739
      },
      "duration" : {
        "startTimestampMs" : "1406463294334",
        "endTimestampMs" : "1406463895258"
      },
      "distance" : 560,
      "confidence" : "MEDIUM",
      "activities" : [ {
        "activityType" : "IN_VEHICLE",
        "probability" : 0.0
      }, {
        "activityType" : "CYCLING",
        "probability" : 0.0
      }, {
        "activityType" : "WALKING",
        "probability" : 0.0
      }, {
        "activityType" : "FLYING",
        "probability" : 0.0
      } ],
      "waypointPath" : {
        "waypoints" : [ {
          "latE7" : 423419265,
          "lngE7" : -711215362
        }, {
          "latE7" : 423607101,
          "lngE7" : -710798645
        } ]
      },
      "editConfirmationStatus" : "NOT_CONFIRMED"
    }
  }, {
    "activitySegment" : {
      "startLocation" : {
      },
      "endLocation" : {
      },
      "duration" : {
        "startTimestampMs" : "1406494438183",
        "endTimestampMs" : "1406495300203"
      },
      "distance" : 433,
      "confidence" : "UNKNOWN_CONFIDENCE",
      "activities" : [ {
        "activityType" : "UNKNOWN_ACTIVITY_TYPE",
        "probability" : 0.0
      } ],
      "editConfirmationStatus" : "NOT_CONFIRMED"
    }
  }, {
    "activitySegment" : {
      "startLocation" : {
        "latitudeE7" : 423638507,
        "longitudeE7" : -710876693
      },
      "endLocation" : {
        "latitudeE7" : 423373741,
        "longitudeE7" : -711463471
      },
      "duration" : {
        "startTimestampMs" : "1406578764747",
        "endTimestampMs" : "1406580444709"
      },
      "distance" : 1312,
      "confidence" : "MEDIUM",
      "activities" : [ {
        "activityType" : "IN_VEHICLE",
        "probability" : 0.0
      }, {
        "activityType" : "WALKING",
        "probability" : 0.0
      }, {
        "activityType" : "CYCLING",
        "probability" : 0.0
      }, {
        "activityType" : "FLYING",
        "probability" : 0.0
      } ],
      "waypointPath" : {
        "waypoints" : [ {
          "latE7" : 423638000,
          "lngE7" : -710875549
        }, {
          "latE7" : 423370208,
          "lngE7" : -711462097
        } ]
      },
      "editConfirmationStatus" : "NOT_CONFIRMED"
    }
  }, {
    "activitySegment" : {
      "startLocation" : {
      },
      "endLocation" : {
      },
      "duration" : {
        "startTimestampMs" : "1406581447776",
        "endTimestampMs" : "1406581766441"
      },
      "distance" : 139,
      "confidence" : "UNKNOWN_CONFIDENCE",
      "activities" : [ {
        "activityType" : "UNKNOWN_ACTIVITY_TYPE",
        "probability" : 0.0
      } ],
      "editConfirmationStatus" : "NOT_CONFIRMED"
    }
  }, {
    "activitySegment" : {
      "startLocation" : {
      },
      "endLocation" : {
      },
      "duration" : {
        "startTimestampMs" : "1406586235140",
        "endTimestampMs" : "1406586459065"
      },
      "distance" : 142,
      "confidence" : "UNKNOWN_CONFIDENCE",
      "activities" : [ {
        "activityType" : "UNKNOWN_ACTIVITY_TYPE",
        "probability" : 0.0
      } ],
      "editConfirmationStatus" : "NOT_CONFIRMED"
    }
  }, {
    "activitySegment" : {
      "startLocation" : {
        "latitudeE7" : 423373741,
        "longitudeE7" : -711463471
      },
      "endLocation" : {
        "latitudeE7" : 423373741,
        "longitudeE7" : -711463471
      },
      "duration" : {
        "startTimestampMs" : "1406588957351",
        "endTimestampMs" : "1406589105422"
      },
      "distance" : 84,
      "confidence" : "LOW",
      "activities" : [ {
        "activityType" : "WALKING",
        "probability" : 0.0
      }, {
        "activityType" : "CYCLING",
        "probability" : 0.0
      }, {
        "activityType" : "IN_VEHICLE",
        "probability" : 0.0
      }, {
        "activityType" : "FLYING",
        "probability" : 0.0
      } ],
      "editConfirmationStatus" : "NOT_CONFIRMED"
    }
  }, {
    "activitySegment" : {
      "startLocation" : {
      },
      "endLocation" : {
      },
      "duration" : {
        "startTimestampMs" : "1406596419637",
        "endTimestampMs" : "1406596546348"
      },
      "distance" : 95,
      "confidence" : "UNKNOWN_CONFIDENCE",
      "activities" : [ {
        "activityType" : "UNKNOWN_ACTIVITY_TYPE",
        "probability" : 0.0
      } ],
      "editConfirmationStatus" : "NOT_CONFIRMED"
    }
  }, {
    "activitySegment" : {
      "startLocation" : {
      },
      "endLocation" : {
      },
      "duration" : {
        "startTimestampMs" : "1406598984302",
        "endTimestampMs" : "1406599551381"
      },
      "distance" : 229,
      "confidence" : "UNKNOWN_CONFIDENCE",
      "activities" : [ {
        "activityType" : "UNKNOWN_ACTIVITY_TYPE",
        "probability" : 0.0
      } ],
      "editConfirmationStatus" : "NOT_CONFIRMED"
    }
  }, {
    "activitySegment" : {
      "startLocation" : {
      },
      "endLocation" : {
      },
      "duration" : {
        "startTimestampMs" : "1406600020251",
        "endTimestampMs" : "1406600165612"
      },
      "distance" : 70,
      "confidence" : "UNKNOWN_CONFIDENCE",
      "activities" : [ {
        "activityType" : "UNKNOWN_ACTIVITY_TYPE",
        "probability" : 0.0
      } ],
      "editConfirmationStatus" : "NOT_CONFIRMED"
    }
  }, {
    "activitySegment" : {
      "startLocation" : {
      },
      "endLocation" : {
      },
      "duration" : {
        "startTimestampMs" : "1406601732225",
        "endTimestampMs" : "1406602004278"
      },
      "distance" : 174,
      "confidence" : "UNKNOWN_CONFIDENCE",
      "activities" : [ {
        "activityType" : "UNKNOWN_ACTIVITY_TYPE",
        "probability" : 0.0
      } ],
      "editConfirmationStatus" : "NOT_CONFIRMED"
    }
  }, {
    "activitySegment" : {
      "startLocation" : {
      },
      "endLocation" : {
      },
      "duration" : {
        "startTimestampMs" : "1406606161226",
        "endTimestampMs" : "1406606327167"
      },
      "distance" : 91,
      "confidence" : "UNKNOWN_CONFIDENCE",
      "activities" : [ {
        "activityType" : "UNKNOWN_ACTIVITY_TYPE",
        "probability" : 0.0
      } ],
      "editConfirmationStatus" : "NOT_CONFIRMED"
    }
  }, {
    "activitySegment" : {
      "startLocation" : {
      },
      "endLocation" : {
      },
      "duration" : {
        "startTimestampMs" : "1406616124436",
        "endTimestampMs" : "1406616399373"
      },
      "distance" : 163,
      "confidence" : "UNKNOWN_CONFIDENCE",
      "activities" : [ {
        "activityType" : "UNKNOWN_ACTIVITY_TYPE",
        "probability" : 0.0
      } ],
      "editConfirmationStatus" : "NOT_CONFIRMED"
    }
  }, {
    "activitySegment" : {
      "startLocation" : {
      },
      "endLocation" : {
      },
      "duration" : {
        "startTimestampMs" : "1406635716777",
        "endTimestampMs" : "1406636257400"
      },
      "distance" : 279,
      "confidence" : "UNKNOWN_CONFIDENCE",
      "activities" : [ {
        "activityType" : "UNKNOWN_ACTIVITY_TYPE",
        "probability" : 0.0
      } ],
      "editConfirmationStatus" : "NOT_CONFIRMED"
    }
  }, {
    "activitySegment" : {
      "startLocation" : {
        "latitudeE7" : 423373741,
        "longitudeE7" : -711463471
      },
      "endLocation" : {
        "latitudeE7" : 423373741,
        "longitudeE7" : -711463471
      },
      "duration" : {
        "startTimestampMs" : "1406636639485",
        "endTimestampMs" : "1406636741001"
      },
      "distance" : 51,
      "confidence" : "LOW",
      "activities" : [ {
        "activityType" : "WALKING",
        "probability" : 0.0
      }, {
        "activityType" : "CYCLING",
        "probability" : 0.0
      }, {
        "activityType" : "IN_VEHICLE",
        "probability" : 0.0
      }, {
        "activityType" : "FLYING",
        "probability" : 0.0
      } ],
      "editConfirmationStatus" : "NOT_CONFIRMED"
    }
  }, {
    "activitySegment" : {
      "startLocation" : {
      },
      "endLocation" : {
      },
      "duration" : {
        "startTimestampMs" : "1406637851701",
        "endTimestampMs" : "1406637912694"
      },
      "distance" : 36,
      "confidence" : "UNKNOWN_CONFIDENCE",
      "activities" : [ {
        "activityType" : "UNKNOWN_ACTIVITY_TYPE",
        "probability" : 0.0
      } ],
      "editConfirmationStatus" : "NOT_CONFIRMED"
    }
  }, {
    "activitySegment" : {
      "startLocation" : {
        "latitudeE7" : 423373741,
        "longitudeE7" : -711463471
      },
      "endLocation" : {
        "latitudeE7" : 423373741,
        "longitudeE7" : -711463471
      },
      "duration" : {
        "startTimestampMs" : "1406638420635",
        "endTimestampMs" : "1406638528905"
      },
      "distance" : 59,
      "confidence" : "LOW",
      "activities" : [ {
        "activityType" : "WALKING",
        "probability" : 0.0
      }, {
        "activityType" : "CYCLING",
        "probability" : 0.0
      }, {
        "activityType" : "IN_VEHICLE",
        "probability" : 0.0
      }, {
        "activityType" : "FLYING",
        "probability" : 0.0
      } ],
      "editConfirmationStatus" : "NOT_CONFIRMED"
    }
  }, {
    "activitySegment" : {
      "startLocation" : {
      },
      "endLocation" : {
      },
      "duration" : {
        "startTimestampMs" : "1406638904119",
        "endTimestampMs" : "1406639036815"
      },
      "distance" : 87,
      "confidence" : "UNKNOWN_CONFIDENCE",
      "activities" : [ {
        "activityType" : "UNKNOWN_ACTIVITY_TYPE",
        "probability" : 0.0
      } ],
      "editConfirmationStatus" : "NOT_CONFIRMED"
    }
  }, {
    "activitySegment" : {
      "startLocation" : {
      },
      "endLocation" : {
      },
      "duration" : {
        "startTimestampMs" : "1406640469131",
        "endTimestampMs" : "1406640600946"
      },
      "distance" : 81,
      "confidence" : "UNKNOWN_CONFIDENCE",
      "activities" : [ {
        "activityType" : "UNKNOWN_ACTIVITY_TYPE",
        "probability" : 0.0
      } ],
      "editConfirmationStatus" : "NOT_CONFIRMED"
    }
  }, {
    "placeVisit" : {
      "location" : {
        "latitudeE7" : 423345525,
        "longitudeE7" : -711456455,
        "placeId" : "ChIJL6P4T1N444kRUxwGfnTlDvI",
        "address" : "247 Fisher Ave\nBrookline, MA 02445\nUSA",
        "name" : "247 Fisher Ave",
        "semanticType" : "TYPE_HOME",
        "locationConfidence" : 88.89685
      },
      "duration" : {
        "startTimestampMs" : "1406720861439",
        "endTimestampMs" : "1406721786927"
      },
      "centerLatE7" : 423373650,
      "centerLngE7" : -711463550,
      "visitConfidence" : 77,
      "otherCandidateLocations" : [ {
        "latitudeE7" : 423376240,
        "longitudeE7" : -711466940,
        "placeId" : "ChIJb09e61J444kRngeIvoZmB-Y",
        "semanticType" : "TYPE_SEARCHED_ADDRESS",
        "locationConfidence" : 3.578059
      }, {
        "latitudeE7" : 423380450,
        "longitudeE7" : -711463317,
        "placeId" : "ChIJcZaHvVJ444kRqUj2A69Te7o",
        "semanticType" : "TYPE_SEARCHED_ADDRESS",
        "locationConfidence" : 1.9152993
      }, {
        "latitudeE7" : 423361957,
        "longitudeE7" : -711489867,
        "placeId" : "ChIJkd5gx1N444kRf6sgO6DVYtw",
        "name" : "Cleveland Circle",
        "locationConfidence" : 1.1219233
      }, {
        "latitudeE7" : 423369710,
        "longitudeE7" : -711456600,
        "placeId" : "ChIJazpExVJ444kRkWU-_jWAlZw",
        "name" : "Englewood Ave.",
        "locationConfidence" : 0.63162094
      }, {
        "latitudeE7" : 423404199,
        "longitudeE7" : -711526345,
        "placeId" : "ChIJy_deI05444kR87Bara2JKKc",
        "semanticType" : "TYPE_SEARCHED_ADDRESS",
        "locationConfidence" : 0.32141742
      }, {
        "latitudeE7" : 423374532,
        "longitudeE7" : -711455217,
        "placeId" : "ChIJHW1kyVJ444kRji5US8JhtOU",
        "locationConfidence" : 0.19481896
      }, {
        "latitudeE7" : 423373885,
        "longitudeE7" : -711465158,
        "placeId" : "ChIJsfScRP5444kRhcGYx0lvgWQ",
        "name" : "A.A. Zack Plumbing LLC",
        "locationConfidence" : 0.16826548
      }, {
        "latitudeE7" : 423373320,
        "longitudeE7" : -711455350,
        "placeId" : "ChIJHW1kyVJ444kR6uEDvP6WSLA",
        "name" : "Longwood Dental Group",
        "locationConfidence" : 0.16338545
      }, {
        "latitudeE7" : 423375556,
        "longitudeE7" : -711455668,
        "placeId" : "ChIJzWJMyFJ444kRlmfillr65Og",
        "name" : "American Chinese Medical Center",
        "locationConfidence" : 0.1154334
      } ],
      "editConfirmationStatus" : "NOT_CONFIRMED"
    }
  }, {
    "activitySegment" : {
      "startLocation" : {
        "latitudeE7" : 423373650,
        "longitudeE7" : -711463550
      },
      "endLocation" : {
        "latitudeE7" : 423217393,
        "longitudeE7" : -711503103
      },
      "duration" : {
        "startTimestampMs" : "1406721786927",
        "endTimestampMs" : "1406760469903"
      },
      "distance" : 1700,
      "activityType" : "UNKNOWN_ACTIVITY_TYPE",
      "activities" : [ {
        "activityType" : "UNKNOWN_ACTIVITY_TYPE",
        "probability" : 0.0
      } ],
      "simplifiedRawPath" : {
        "points" : [ {
          "latE7" : 423376545,
          "lngE7" : -711417631,
          "timestampMs" : "1406724963554",
          "accuracyMeters" : 30
        }, {
          "latE7" : 423378409,
          "lngE7" : -711411853,
          "timestampMs" : "1406725008634",
          "accuracyMeters" : 9
        } ]
      }
    }
  }, {
    "activitySegment" : {
      "startLocation" : {
      },
      "endLocation" : {
      },
      "duration" : {
        "startTimestampMs" : "1406767246634",
        "endTimestampMs" : "1406780258538"
      },
      "distance" : 259,
      "confidence" : "UNKNOWN_CONFIDENCE",
      "activities" : [ {
        "activityType" : "UNKNOWN_ACTIVITY_TYPE",
        "probability" : 0.0
      } ],
      "editConfirmationStatus" : "NOT_CONFIRMED"
    }
  } ]
}