{
  "timelineObjects" : [ {
    "activitySegment" : {
      "startLocation" : {
        "latitudeE7" : 423463014,
        "longitudeE7" : -725284832
      },
      "endLocation" : {
        "latitudeE7" : 423764586,
        "longitudeE7" : -725196639,
        "placeId" : "ChIJ86AgGvbN5okRJwFkwq8FU4M",
        "address" : "51 N Pleasant St\nAmherst, MA 01002\nUSA",
        "name" : "Judie's Restaurant",
        "sourceInfo" : {
          "deviceTag" : 2132793100
        },
        "locationConfidence" : 51.504063
      },
      "duration" : {
        "startTimestampMs" : "1459627719173",
        "endTimestampMs" : "1459628555080"
      },
      "confidence" : "LOW",
      "activities" : [ {
        "activityType" : "CYCLING",
        "probability" : 0.0
      }, {
        "activityType" : "IN_VEHICLE",
        "probability" : 0.0
      }, {
        "activityType" : "WALKING",
        "probability" : 0.0
      }, {
        "activityType" : "FLYING",
        "probability" : 0.0
      }, {
        "activityType" : "RUNNING",
        "probability" : 0.0
      }, {
        "activityType" : "IN_BUS",
        "probability" : 0.0
      }, {
        "activityType" : "IN_TRAIN",
        "probability" : 0.0
      }, {
        "activityType" : "IN_SUBWAY",
        "probability" : 0.0
      }, {
        "activityType" : "IN_TRAM",
        "probability" : 0.0
      }, {
        "activityType" : "IN_FERRY",
        "probability" : 0.0
      }, {
        "activityType" : "IN_CABLECAR",
        "probability" : 0.0
      }, {
        "activityType" : "IN_FUNICULAR",
        "probability" : 0.0
      }, {
        "activityType" : "HIKING",
        "probability" : 0.0
      }, {
        "activityType" : "KAYAKING",
        "probability" : 0.0
      }, {
        "activityType" : "KITESURFING",
        "probability" : 0.0
      }, {
        "activityType" : "ROWING",
        "probability" : 0.0
      }, {
        "activityType" : "SAILING",
        "probability" : 0.0
      }, {
        "activityType" : "SKATING",
        "probability" : 0.0
      }, {
        "activityType" : "SKIING",
        "probability" : 0.0
      }, {
        "activityType" : "SKATEBOARDING",
        "probability" : 0.0
      }, {
        "activityType" : "SLEDDING",
        "probability" : 0.0
      }, {
        "activityType" : "SNOWBOARDING",
        "probability" : 0.0
      }, {
        "activityType" : "SNOWMOBILE",
        "probability" : 0.0
      }, {
        "activityType" : "SNOWSHOEING",
        "probability" : 0.0
      }, {
        "activityType" : "SURFING",
        "probability" : 0.0
      }, {
        "activityType" : "SWIMMING",
        "probability" : 0.0
      }, {
        "activityType" : "WALKING_NORDIC",
        "probability" : 0.0
      }, {
        "activityType" : "IN_PASSENGER_VEHICLE",
        "probability" : 0.0
      }, {
        "activityType" : "MOTORCYCLING",
        "probability" : 0.0
      }, {
        "activityType" : "BOATING",
        "probability" : 0.0
      }, {
        "activityType" : "IN_WHEELCHAIR",
        "probability" : 0.0
      }, {
        "activityType" : "HORSEBACK_RIDING",
        "probability" : 0.0
      }, {
        "activityType" : "IN_GONDOLA_LIFT",
        "probability" : 0.0
      } ],
      "waypointPath" : {
        "waypoints" : [ {
          "latE7" : 423467216,
          "lngE7" : -725284652
        }, {
          "latE7" : 423756370,
          "lngE7" : -725192871
        }, {
          "latE7" : 423765144,
          "lngE7" : -725198898
        } ]
      },
      "simplifiedRawPath" : {
        "points" : [ {
          "latE7" : 423755951,
          "lngE7" : -725192337,
          "timestampMs" : "1459628601138",
          "accuracyMeters" : 4
        } ]
      },
      "editConfirmationStatus" : "NOT_CONFIRMED"
    }
  }, {
    "placeVisit" : {
      "location" : {
        "latitudeE7" : 423764586,
        "longitudeE7" : -725196639,
        "placeId" : "ChIJ86AgGvbN5okRJwFkwq8FU4M",
        "address" : "51 N Pleasant St\nAmherst, MA 01002\nUSA",
        "name" : "Judie's Restaurant",
        "sourceInfo" : {
          "deviceTag" : 2132793100
        },
        "locationConfidence" : 51.504063
      },
      "duration" : {
        "startTimestampMs" : "1459628555080",
        "endTimestampMs" : "1459639703436"
      },
      "centerLatE7" : 423762091,
      "centerLngE7" : -725198475,
      "visitConfidence" : 69,
      "otherCandidateLocations" : [ {
        "latitudeE7" : 423762077,
        "longitudeE7" : -725196050,
        "placeId" : "ChIJ2-piPfbN5okRwXTQ8zXx4UE",
        "name" : "Antonio's Pizza",
        "locationConfidence" : 38.61914
      }, {
        "latitudeE7" : 423764476,
        "longitudeE7" : -725202722,
        "placeId" : "ChIJJ8DdGPbN5okRzCVS4OLZVuU",
        "name" : "The Works Bakery Café",
        "locationConfidence" : 5.829236
      }, {
        "latitudeE7" : 423761164,
        "longitudeE7" : -725195407,
        "placeId" : "ChIJgc_pIvbN5okRoNAeE8cGm1A",
        "name" : "Lincoln Real Estate",
        "locationConfidence" : 3.0533276
      }, {
        "latitudeE7" : 423758071,
        "longitudeE7" : -725194212,
        "placeId" : "ChIJCRAJO_bN5okRe4J6sBee16o",
        "name" : "Amherst Books",
        "locationConfidence" : 0.1950561
      }, {
        "latitudeE7" : 423756637,
        "longitudeE7" : -725205068,
        "placeId" : "ChIJCxQCKPbN5okRMo9VlX2IGY4",
        "name" : "Amherst Coffee",
        "locationConfidence" : 0.18528956
      }, {
        "latitudeE7" : 423762863,
        "longitudeE7" : -725195869,
        "placeId" : "ChIJpeRrFvbN5okRFku2oSUelm0",
        "name" : "McMurphy's Uptown Tavern",
        "locationConfidence" : 0.07528458
      }, {
        "latitudeE7" : 423761724,
        "longitudeE7" : -725202624,
        "placeId" : "ChIJvRPSI_bN5okR6i7foyVEBbA",
        "name" : "High Horse",
        "locationConfidence" : 0.07515591
      }, {
        "latitudeE7" : 423762302,
        "longitudeE7" : -725209082,
        "placeId" : "ChIJnTrc2wnS5okRv6EeujsTtbM",
        "name" : "Jones Library",
        "locationConfidence" : 0.059192568
      }, {
        "latitudeE7" : 423758510,
        "longitudeE7" : -725193150,
        "placeId" : "ChIJHf2fOfbN5okRw_sptWZeT5o",
        "name" : "Russell's Liquor store",
        "locationConfidence" : 0.049755696
      } ],
      "editConfirmationStatus" : "NOT_CONFIRMED"
    }
  }, {
    "activitySegment" : {
      "startLocation" : {
        "latitudeE7" : 423764586,
        "longitudeE7" : -725196639,
        "placeId" : "ChIJ86AgGvbN5okRJwFkwq8FU4M",
        "address" : "51 N Pleasant St\nAmherst, MA 01002\nUSA",
        "name" : "Judie's Restaurant",
        "sourceInfo" : {
          "deviceTag" : 2132793100
        },
        "locationConfidence" : 51.504063
      },
      "endLocation" : {
        "latitudeE7" : 423465637,
        "longitudeE7" : -725289160,
        "placeId" : "ChIJays8c-fR5okRmylZzDik75U",
        "address" : "561 Riverglade Dr\nAmherst, MA 01002\nUSA",
        "name" : "561 Riverglade Dr",
        "sourceInfo" : {
          "deviceTag" : 2132793100
        },
        "locationConfidence" : 62.827877
      },
      "duration" : {
        "startTimestampMs" : "1459639703436",
        "endTimestampMs" : "1459640279410"
      },
      "confidence" : "MEDIUM",
      "activities" : [ {
        "activityType" : "IN_PASSENGER_VEHICLE",
        "probability" : 0.0
      }, {
        "activityType" : "CYCLING",
        "probability" : 0.0
      }, {
        "activityType" : "IN_VEHICLE",
        "probability" : 0.0
      }, {
        "activityType" : "WALKING",
        "probability" : 0.0
      }, {
        "activityType" : "FLYING",
        "probability" : 0.0
      }, {
        "activityType" : "SKATEBOARDING",
        "probability" : 0.0
      }, {
        "activityType" : "IN_GONDOLA_LIFT",
        "probability" : 0.0
      }, {
        "activityType" : "SLEDDING",
        "probability" : 0.0
      }, {
        "activityType" : "SNOWBOARDING",
        "probability" : 0.0
      }, {
        "activityType" : "SNOWMOBILE",
        "probability" : 0.0
      }, {
        "activityType" : "SNOWSHOEING",
        "probability" : 0.0
      }, {
        "activityType" : "SURFING",
        "probability" : 0.0
      }, {
        "activityType" : "SWIMMING",
        "probability" : 0.0
      }, {
        "activityType" : "WALKING_NORDIC",
        "probability" : 0.0
      }, {
        "activityType" : "MOTORCYCLING",
        "probability" : 0.0
      }, {
        "activityType" : "BOATING",
        "probability" : 0.0
      }, {
        "activityType" : "IN_WHEELCHAIR",
        "probability" : 0.0
      }, {
        "activityType" : "HORSEBACK_RIDING",
        "probability" : 0.0
      }, {
        "activityType" : "SKIING",
        "probability" : 0.0
      }, {
        "activityType" : "SKATING",
        "probability" : 0.0
      }, {
        "activityType" : "SAILING",
        "probability" : 0.0
      }, {
        "activityType" : "ROWING",
        "probability" : 0.0
      }, {
        "activityType" : "KITESURFING",
        "probability" : 0.0
      }, {
        "activityType" : "KAYAKING",
        "probability" : 0.0
      }, {
        "activityType" : "HIKING",
        "probability" : 0.0
      }, {
        "activityType" : "IN_FUNICULAR",
        "probability" : 0.0
      }, {
        "activityType" : "IN_CABLECAR",
        "probability" : 0.0
      }, {
        "activityType" : "IN_FERRY",
        "probability" : 0.0
      }, {
        "activityType" : "IN_TRAM",
        "probability" : 0.0
      }, {
        "activityType" : "IN_SUBWAY",
        "probability" : 0.0
      }, {
        "activityType" : "IN_TRAIN",
        "probability" : 0.0
      }, {
        "activityType" : "IN_BUS",
        "probability" : 0.0
      }, {
        "activityType" : "RUNNING",
        "probability" : 0.0
      } ],
      "waypointPath" : {
        "waypoints" : [ {
          "latE7" : 423761177,
          "lngE7" : -725198745
        }, {
          "latE7" : 423467254,
          "lngE7" : -725287017
        } ]
      },
      "editConfirmationStatus" : "NOT_CONFIRMED"
    }
  }, {
    "placeVisit" : {
      "location" : {
        "latitudeE7" : 423465637,
        "longitudeE7" : -725289160,
        "placeId" : "ChIJays8c-fR5okRmylZzDik75U",
        "address" : "561 Riverglade Dr\nAmherst, MA 01002\nUSA",
        "name" : "561 Riverglade Dr",
        "sourceInfo" : {
          "deviceTag" : 2132793100
        },
        "locationConfidence" : 62.827877
      },
      "duration" : {
        "startTimestampMs" : "1459640279410",
        "endTimestampMs" : "1459644474448"
      },
      "centerLatE7" : 423464384,
      "centerLngE7" : -725287763,
      "visitConfidence" : 78,
      "otherCandidateLocations" : [ {
        "latitudeE7" : 423459330,
        "longitudeE7" : -725293230,
        "placeId" : "ChIJVa99eOfR5okRncqPCmM3Aw4",
        "name" : "Mill Valley Estates Rental Office",
        "locationConfidence" : 36.655167
      }, {
        "latitudeE7" : 423426926,
        "longitudeE7" : -725326909,
        "placeId" : "ChIJgXrYPSLO5okR4VmEvIvRRAM",
        "name" : "Hickory Ridge Maintenance Department",
        "locationConfidence" : 0.31613627
      }, {
        "latitudeE7" : 423431130,
        "longitudeE7" : -725286730,
        "placeId" : "ChIJF6F6DN3R5okRH4HUlB2jn9c",
        "name" : "Hickory Ridge Golf Club",
        "locationConfidence" : 0.15996468
      }, {
        "latitudeE7" : 423476796,
        "longitudeE7" : -725258161,
        "placeId" : "ChIJ6c4jL-HR5okR48RXyx0zaPM",
        "name" : "All About Learning LLC",
        "locationConfidence" : 0.02581437
      }, {
        "latitudeE7" : 423490560,
        "longitudeE7" : -725288770,
        "placeId" : "ChIJwwrBjObR5okRZb2UYPI5gog",
        "name" : "The Boulders (157)",
        "locationConfidence" : 0.011720921
      }, {
        "latitudeE7" : 423478990,
        "longitudeE7" : -725322280,
        "placeId" : "ChIJ_UY21ufR5okRAEZECBk5c3w",
        "name" : "Cameron Painting Inc",
        "locationConfidence" : 0.0033202383
      } ],
      "editConfirmationStatus" : "NOT_CONFIRMED"
    }
  }, {
    "activitySegment" : {
      "startLocation" : {
        "latitudeE7" : 423464882,
        "longitudeE7" : -725283855
      },
      "endLocation" : {
        "latitudeE7" : 423465136,
        "longitudeE7" : -725287080
      },
      "duration" : {
        "startTimestampMs" : "1459644474448",
        "endTimestampMs" : "1459646359483"
      },
      "distance" : 8400,
      "confidence" : "MEDIUM",
      "activities" : [ {
        "activityType" : "IN_PASSENGER_VEHICLE",
        "probability" : 0.0
      }, {
        "activityType" : "IN_VEHICLE",
        "probability" : 0.0
      }, {
        "activityType" : "CYCLING",
        "probability" : 0.0
      }, {
        "activityType" : "FLYING",
        "probability" : 0.0
      }, {
        "activityType" : "WALKING",
        "probability" : 0.0
      }, {
        "activityType" : "SKATEBOARDING",
        "probability" : 0.0
      }, {
        "activityType" : "IN_GONDOLA_LIFT",
        "probability" : 0.0
      }, {
        "activityType" : "SLEDDING",
        "probability" : 0.0
      }, {
        "activityType" : "SNOWBOARDING",
        "probability" : 0.0
      }, {
        "activityType" : "SNOWMOBILE",
        "probability" : 0.0
      }, {
        "activityType" : "SNOWSHOEING",
        "probability" : 0.0
      }, {
        "activityType" : "SURFING",
        "probability" : 0.0
      }, {
        "activityType" : "SWIMMING",
        "probability" : 0.0
      }, {
        "activityType" : "WALKING_NORDIC",
        "probability" : 0.0
      }, {
        "activityType" : "MOTORCYCLING",
        "probability" : 0.0
      }, {
        "activityType" : "BOATING",
        "probability" : 0.0
      }, {
        "activityType" : "IN_WHEELCHAIR",
        "probability" : 0.0
      }, {
        "activityType" : "HORSEBACK_RIDING",
        "probability" : 0.0
      }, {
        "activityType" : "SKIING",
        "probability" : 0.0
      }, {
        "activityType" : "SKATING",
        "probability" : 0.0
      }, {
        "activityType" : "SAILING",
        "probability" : 0.0
      }, {
        "activityType" : "ROWING",
        "probability" : 0.0
      }, {
        "activityType" : "KITESURFING",
        "probability" : 0.0
      }, {
        "activityType" : "KAYAKING",
        "probability" : 0.0
      }, {
        "activityType" : "HIKING",
        "probability" : 0.0
      }, {
        "activityType" : "IN_FUNICULAR",
        "probability" : 0.0
      }, {
        "activityType" : "IN_CABLECAR",
        "probability" : 0.0
      }, {
        "activityType" : "IN_FERRY",
        "probability" : 0.0
      }, {
        "activityType" : "IN_TRAM",
        "probability" : 0.0
      }, {
        "activityType" : "IN_SUBWAY",
        "probability" : 0.0
      }, {
        "activityType" : "IN_TRAIN",
        "probability" : 0.0
      }, {
        "activityType" : "IN_BUS",
        "probability" : 0.0
      }, {
        "activityType" : "RUNNING",
        "probability" : 0.0
      } ],
      "waypointPath" : {
        "waypoints" : [ {
          "latE7" : 423467216,
          "lngE7" : -725283813
        }, {
          "latE7" : 423735084,
          "lngE7" : -725324783
        }, {
          "latE7" : 423467254,
          "lngE7" : -725287017
        } ]
      },
      "simplifiedRawPath" : {
        "points" : [ {
          "latE7" : 423733597,
          "lngE7" : -725323257,
          "timestampMs" : "1459645784529",
          "accuracyMeters" : 78
        } ]
      },
      "editConfirmationStatus" : "NOT_CONFIRMED"
    }
  }, {
    "placeVisit" : {
      "location" : {
        "latitudeE7" : 423465637,
        "longitudeE7" : -725289160,
        "placeId" : "ChIJays8c-fR5okRmylZzDik75U",
        "address" : "561 Riverglade Dr\nAmherst, MA 01002\nUSA",
        "name" : "561 Riverglade Dr",
        "sourceInfo" : {
          "deviceTag" : 2132793100
        },
        "locationConfidence" : 66.27556
      },
      "duration" : {
        "startTimestampMs" : "1459646359483",
        "endTimestampMs" : "1459652636241"
      },
      "centerLatE7" : 423464645,
      "centerLngE7" : -725288432,
      "visitConfidence" : 79,
      "otherCandidateLocations" : [ {
        "latitudeE7" : 423459330,
        "longitudeE7" : -725293230,
        "placeId" : "ChIJVa99eOfR5okRncqPCmM3Aw4",
        "name" : "Mill Valley Estates Rental Office",
        "locationConfidence" : 33.21504
      }, {
        "latitudeE7" : 423426926,
        "longitudeE7" : -725326909,
        "placeId" : "ChIJgXrYPSLO5okR4VmEvIvRRAM",
        "name" : "Hickory Ridge Maintenance Department",
        "locationConfidence" : 0.30907592
      }, {
        "latitudeE7" : 423431130,
        "longitudeE7" : -725286730,
        "placeId" : "ChIJF6F6DN3R5okRH4HUlB2jn9c",
        "name" : "Hickory Ridge Golf Club",
        "locationConfidence" : 0.15957783
      }, {
        "latitudeE7" : 423476796,
        "longitudeE7" : -725258161,
        "placeId" : "ChIJ6c4jL-HR5okR48RXyx0zaPM",
        "name" : "All About Learning LLC",
        "locationConfidence" : 0.025254622
      }, {
        "latitudeE7" : 423490560,
        "longitudeE7" : -725288770,
        "placeId" : "ChIJwwrBjObR5okRZb2UYPI5gog",
        "name" : "The Boulders (157)",
        "locationConfidence" : 0.012146679
      }, {
        "latitudeE7" : 423478990,
        "longitudeE7" : -725322280,
        "placeId" : "ChIJ_UY21ufR5okRAEZECBk5c3w",
        "name" : "Cameron Painting Inc",
        "locationConfidence" : 0.003349689
      } ],
      "editConfirmationStatus" : "NOT_CONFIRMED"
    }
  }, {
    "activitySegment" : {
      "startLocation" : {
        "latitudeE7" : 423465605,
        "longitudeE7" : -725288478
      },
      "endLocation" : {
        "latitudeE7" : 423510614,
        "longitudeE7" : -725304191
      },
      "duration" : {
        "startTimestampMs" : "1459652636241",
        "endTimestampMs" : "1459653025660"
      },
      "distance" : 537,
      "confidence" : "MEDIUM",
      "activities" : [ {
        "activityType" : "WALKING",
        "probability" : 0.0
      }, {
        "activityType" : "CYCLING",
        "probability" : 0.0
      }, {
        "activityType" : "IN_VEHICLE",
        "probability" : 0.0
      }, {
        "activityType" : "FLYING",
        "probability" : 0.0
      }, {
        "activityType" : "RUNNING",
        "probability" : 0.0
      }, {
        "activityType" : "IN_BUS",
        "probability" : 0.0
      }, {
        "activityType" : "IN_TRAIN",
        "probability" : 0.0
      }, {
        "activityType" : "IN_SUBWAY",
        "probability" : 0.0
      }, {
        "activityType" : "IN_TRAM",
        "probability" : 0.0
      }, {
        "activityType" : "IN_FERRY",
        "probability" : 0.0
      }, {
        "activityType" : "IN_CABLECAR",
        "probability" : 0.0
      }, {
        "activityType" : "IN_FUNICULAR",
        "probability" : 0.0
      }, {
        "activityType" : "HIKING",
        "probability" : 0.0
      }, {
        "activityType" : "KAYAKING",
        "probability" : 0.0
      }, {
        "activityType" : "KITESURFING",
        "probability" : 0.0
      }, {
        "activityType" : "ROWING",
        "probability" : 0.0
      }, {
        "activityType" : "SAILING",
        "probability" : 0.0
      }, {
        "activityType" : "SKATING",
        "probability" : 0.0
      }, {
        "activityType" : "SKIING",
        "probability" : 0.0
      }, {
        "activityType" : "SKATEBOARDING",
        "probability" : 0.0
      }, {
        "activityType" : "SLEDDING",
        "probability" : 0.0
      }, {
        "activityType" : "SNOWBOARDING",
        "probability" : 0.0
      }, {
        "activityType" : "SNOWMOBILE",
        "probability" : 0.0
      }, {
        "activityType" : "SNOWSHOEING",
        "probability" : 0.0
      }, {
        "activityType" : "SURFING",
        "probability" : 0.0
      }, {
        "activityType" : "SWIMMING",
        "probability" : 0.0
      }, {
        "activityType" : "WALKING_NORDIC",
        "probability" : 0.0
      }, {
        "activityType" : "IN_PASSENGER_VEHICLE",
        "probability" : 0.0
      }, {
        "activityType" : "MOTORCYCLING",
        "probability" : 0.0
      }, {
        "activityType" : "BOATING",
        "probability" : 0.0
      }, {
        "activityType" : "IN_WHEELCHAIR",
        "probability" : 0.0
      }, {
        "activityType" : "HORSEBACK_RIDING",
        "probability" : 0.0
      }, {
        "activityType" : "IN_GONDOLA_LIFT",
        "probability" : 0.0
      } ],
      "waypointPath" : {
        "waypoints" : [ {
          "latE7" : 423467330,
          "lngE7" : -725287628
        }, {
          "latE7" : 423510627,
          "lngE7" : -725303039
        } ]
      },
      "editConfirmationStatus" : "NOT_CONFIRMED"
    }
  }, {
    "activitySegment" : {
      "startLocation" : {
        "latitudeE7" : 423510024,
        "longitudeE7" : -725303736
      },
      "endLocation" : {
        "latitudeE7" : 423764476,
        "longitudeE7" : -725202722,
        "placeId" : "ChIJJ8DdGPbN5okRzCVS4OLZVuU",
        "address" : "48 N Pleasant St\nAmherst, MA 01002\nUSA",
        "name" : "The Works Café",
        "sourceInfo" : {
          "deviceTag" : 2132793100
        },
        "locationConfidence" : 64.94005
      },
      "duration" : {
        "startTimestampMs" : "1459653025660",
        "endTimestampMs" : "1459653576194"
      },
      "confidence" : "MEDIUM",
      "activities" : [ {
        "activityType" : "IN_PASSENGER_VEHICLE",
        "probability" : 0.0
      }, {
        "activityType" : "IN_VEHICLE",
        "probability" : 0.0
      }, {
        "activityType" : "CYCLING",
        "probability" : 0.0
      }, {
        "activityType" : "WALKING",
        "probability" : 0.0
      }, {
        "activityType" : "FLYING",
        "probability" : 0.0
      }, {
        "activityType" : "RUNNING",
        "probability" : 0.0
      }, {
        "activityType" : "IN_BUS",
        "probability" : 0.0
      }, {
        "activityType" : "IN_TRAIN",
        "probability" : 0.0
      }, {
        "activityType" : "IN_SUBWAY",
        "probability" : 0.0
      }, {
        "activityType" : "IN_TRAM",
        "probability" : 0.0
      }, {
        "activityType" : "IN_FERRY",
        "probability" : 0.0
      }, {
        "activityType" : "IN_CABLECAR",
        "probability" : 0.0
      }, {
        "activityType" : "IN_FUNICULAR",
        "probability" : 0.0
      }, {
        "activityType" : "HIKING",
        "probability" : 0.0
      }, {
        "activityType" : "KAYAKING",
        "probability" : 0.0
      }, {
        "activityType" : "KITESURFING",
        "probability" : 0.0
      }, {
        "activityType" : "ROWING",
        "probability" : 0.0
      }, {
        "activityType" : "SAILING",
        "probability" : 0.0
      }, {
        "activityType" : "SKATING",
        "probability" : 0.0
      }, {
        "activityType" : "SKIING",
        "probability" : 0.0
      }, {
        "activityType" : "SKATEBOARDING",
        "probability" : 0.0
      }, {
        "activityType" : "SLEDDING",
        "probability" : 0.0
      }, {
        "activityType" : "SNOWBOARDING",
        "probability" : 0.0
      }, {
        "activityType" : "SNOWMOBILE",
        "probability" : 0.0
      }, {
        "activityType" : "SNOWSHOEING",
        "probability" : 0.0
      }, {
        "activityType" : "SURFING",
        "probability" : 0.0
      }, {
        "activityType" : "SWIMMING",
        "probability" : 0.0
      }, {
        "activityType" : "WALKING_NORDIC",
        "probability" : 0.0
      }, {
        "activityType" : "MOTORCYCLING",
        "probability" : 0.0
      }, {
        "activityType" : "BOATING",
        "probability" : 0.0
      }, {
        "activityType" : "IN_WHEELCHAIR",
        "probability" : 0.0
      }, {
        "activityType" : "HORSEBACK_RIDING",
        "probability" : 0.0
      }, {
        "activityType" : "IN_GONDOLA_LIFT",
        "probability" : 0.0
      } ],
      "waypointPath" : {
        "waypoints" : [ {
          "latE7" : 423510017,
          "lngE7" : -725303039
        }, {
          "latE7" : 423760566,
          "lngE7" : -725198745
        } ]
      },
      "editConfirmationStatus" : "NOT_CONFIRMED"
    }
  }, {
    "placeVisit" : {
      "location" : {
        "latitudeE7" : 423764476,
        "longitudeE7" : -725202722,
        "placeId" : "ChIJJ8DdGPbN5okRzCVS4OLZVuU",
        "address" : "48 N Pleasant St\nAmherst, MA 01002\nUSA",
        "name" : "The Works Café",
        "sourceInfo" : {
          "deviceTag" : 2132793100
        },
        "locationConfidence" : 64.94005
      },
      "duration" : {
        "startTimestampMs" : "1459653576194",
        "endTimestampMs" : "1459660332753"
      },
      "centerLatE7" : 423761946,
      "centerLngE7" : -725200962,
      "visitConfidence" : 79,
      "otherCandidateLocations" : [ {
        "latitudeE7" : 423761724,
        "longitudeE7" : -725202624,
        "placeId" : "ChIJvRPSI_bN5okR6i7foyVEBbA",
        "name" : "High Horse",
        "locationConfidence" : 14.238962
      }, {
        "latitudeE7" : 423762077,
        "longitudeE7" : -725196050,
        "placeId" : "ChIJ2-piPfbN5okRwXTQ8zXx4UE",
        "name" : "Antonio's Pizza",
        "locationConfidence" : 11.019794
      }, {
        "latitudeE7" : 423764586,
        "longitudeE7" : -725196639,
        "placeId" : "ChIJ86AgGvbN5okRJwFkwq8FU4M",
        "name" : "Judie's Restaurant",
        "locationConfidence" : 3.3357835
      }, {
        "latitudeE7" : 423756637,
        "longitudeE7" : -725205068,
        "placeId" : "ChIJCxQCKPbN5okRMo9VlX2IGY4",
        "name" : "Amherst Coffee",
        "locationConfidence" : 2.9808097
      }, {
        "latitudeE7" : 423762302,
        "longitudeE7" : -725209082,
        "placeId" : "ChIJnTrc2wnS5okRv6EeujsTtbM",
        "name" : "Jones Library",
        "locationConfidence" : 1.1296741
      }, {
        "latitudeE7" : 423761164,
        "longitudeE7" : -725195407,
        "placeId" : "ChIJgc_pIvbN5okRoNAeE8cGm1A",
        "name" : "Lincoln Real Estate",
        "locationConfidence" : 1.1133083
      }, {
        "latitudeE7" : 423764240,
        "longitudeE7" : -725203120,
        "placeId" : "ChIJi6JQGfbN5okR76p5JbQGm08",
        "name" : "Creative Education Foundation",
        "locationConfidence" : 0.28689736
      }, {
        "latitudeE7" : 423751330,
        "longitudeE7" : -725205535,
        "placeId" : "ChIJbSj71wnS5okRsNrCKZgS3os",
        "name" : "Amherst Cinema",
        "locationConfidence" : 0.19754562
      }, {
        "latitudeE7" : 423758071,
        "longitudeE7" : -725194212,
        "placeId" : "ChIJCRAJO_bN5okRe4J6sBee16o",
        "name" : "Amherst Books",
        "locationConfidence" : 0.14699088
      } ],
      "editConfirmationStatus" : "NOT_CONFIRMED"
    }
  }, {
    "activitySegment" : {
      "startLocation" : {
        "latitudeE7" : 423759597,
        "longitudeE7" : -725197895
      },
      "endLocation" : {
        "latitudeE7" : 423709104,
        "longitudeE7" : -725170028,
        "placeId" : "ChIJjzZMG_jN5okRvCYRnhDnGUo",
        "address" : "Amherst, MA 01002\nUSA",
        "name" : "Amherst College",
        "sourceInfo" : {
          "deviceTag" : 2132793100
        },
        "locationConfidence" : 54.323463
      },
      "duration" : {
        "startTimestampMs" : "1459660332753",
        "endTimestampMs" : "1459660453702"
      },
      "confidence" : "MEDIUM",
      "activities" : [ {
        "activityType" : "WALKING",
        "probability" : 0.0
      }, {
        "activityType" : "CYCLING",
        "probability" : 0.0
      }, {
        "activityType" : "IN_VEHICLE",
        "probability" : 0.0
      }, {
        "activityType" : "FLYING",
        "probability" : 0.0
      }, {
        "activityType" : "RUNNING",
        "probability" : 0.0
      }, {
        "activityType" : "IN_BUS",
        "probability" : 0.0
      }, {
        "activityType" : "IN_TRAIN",
        "probability" : 0.0
      }, {
        "activityType" : "IN_SUBWAY",
        "probability" : 0.0
      }, {
        "activityType" : "IN_TRAM",
        "probability" : 0.0
      }, {
        "activityType" : "IN_FERRY",
        "probability" : 0.0
      }, {
        "activityType" : "IN_CABLECAR",
        "probability" : 0.0
      }, {
        "activityType" : "IN_FUNICULAR",
        "probability" : 0.0
      }, {
        "activityType" : "HIKING",
        "probability" : 0.0
      }, {
        "activityType" : "KAYAKING",
        "probability" : 0.0
      }, {
        "activityType" : "KITESURFING",
        "probability" : 0.0
      }, {
        "activityType" : "ROWING",
        "probability" : 0.0
      }, {
        "activityType" : "SAILING",
        "probability" : 0.0
      }, {
        "activityType" : "SKATING",
        "probability" : 0.0
      }, {
        "activityType" : "SKIING",
        "probability" : 0.0
      }, {
        "activityType" : "SKATEBOARDING",
        "probability" : 0.0
      }, {
        "activityType" : "SLEDDING",
        "probability" : 0.0
      }, {
        "activityType" : "SNOWBOARDING",
        "probability" : 0.0
      }, {
        "activityType" : "SNOWMOBILE",
        "probability" : 0.0
      }, {
        "activityType" : "SNOWSHOEING",
        "probability" : 0.0
      }, {
        "activityType" : "SURFING",
        "probability" : 0.0
      }, {
        "activityType" : "SWIMMING",
        "probability" : 0.0
      }, {
        "activityType" : "WALKING_NORDIC",
        "probability" : 0.0
      }, {
        "activityType" : "IN_PASSENGER_VEHICLE",
        "probability" : 0.0
      }, {
        "activityType" : "MOTORCYCLING",
        "probability" : 0.0
      }, {
        "activityType" : "BOATING",
        "probability" : 0.0
      }, {
        "activityType" : "IN_WHEELCHAIR",
        "probability" : 0.0
      }, {
        "activityType" : "HORSEBACK_RIDING",
        "probability" : 0.0
      }, {
        "activityType" : "IN_GONDOLA_LIFT",
        "probability" : 0.0
      } ],
      "waypointPath" : {
        "waypoints" : [ {
          "latE7" : 423759613,
          "lngE7" : -725198211
        }, {
          "latE7" : 423745231,
          "lngE7" : -725198898
        } ]
      },
      "editConfirmationStatus" : "NOT_CONFIRMED"
    }
  }, {
    "placeVisit" : {
      "location" : {
        "latitudeE7" : 423709104,
        "longitudeE7" : -725170028,
        "placeId" : "ChIJjzZMG_jN5okRvCYRnhDnGUo",
        "address" : "Amherst, MA 01002\nUSA",
        "name" : "Amherst College",
        "sourceInfo" : {
          "deviceTag" : 2132793100
        },
        "locationConfidence" : 54.323463
      },
      "duration" : {
        "startTimestampMs" : "1459660453702",
        "endTimestampMs" : "1459661122034"
      },
      "centerLatE7" : 423746350,
      "centerLngE7" : -725199250,
      "visitConfidence" : 76,
      "otherCandidateLocations" : [ {
        "latitudeE7" : 423745690,
        "longitudeE7" : -725197600,
        "placeId" : "ChIJcRMr0PfN5okR6OvsgXGQ-Zw",
        "name" : "Amherst Common (N) (112)",
        "locationConfidence" : 9.676634
      }, {
        "latitudeE7" : 423751330,
        "longitudeE7" : -725205535,
        "placeId" : "ChIJbSj71wnS5okRsNrCKZgS3os",
        "name" : "Amherst Cinema",
        "locationConfidence" : 7.177869
      }, {
        "latitudeE7" : 423749685,
        "longitudeE7" : -725184066,
        "placeId" : "ChIJsdTBTfbN5okRIzb7db4EirE",
        "name" : "Grace Episcopal Church",
        "locationConfidence" : 4.809439
      }, {
        "latitudeE7" : 423746630,
        "longitudeE7" : -725200320,
        "placeId" : "ChIJ_yBo0ffN5okRwXZJUalLQbM",
        "name" : "Collective Copies",
        "locationConfidence" : 3.9783351
      }, {
        "latitudeE7" : 423755987,
        "longitudeE7" : -725201263,
        "placeId" : "ChIJ_83cKPbN5okRCXvYlUuklwI",
        "name" : "Bank of America Financial Center",
        "locationConfidence" : 3.07946
      }, {
        "latitudeE7" : 423754729,
        "longitudeE7" : -725187027,
        "placeId" : "ChIJ0RXQR_bN5okRcfNwXlVf7Uw",
        "name" : "Amherst Conservation Department",
        "locationConfidence" : 1.6326396
      }, {
        "latitudeE7" : 423758071,
        "longitudeE7" : -725194212,
        "placeId" : "ChIJCRAJO_bN5okRe4J6sBee16o",
        "name" : "Amherst Books",
        "locationConfidence" : 1.4486095
      }, {
        "latitudeE7" : 423758510,
        "longitudeE7" : -725193150,
        "placeId" : "ChIJHf2fOfbN5okRw_sptWZeT5o",
        "name" : "Russell's Liquor store",
        "locationConfidence" : 1.402928
      }, {
        "latitudeE7" : 423755901,
        "longitudeE7" : -725184288,
        "placeId" : "ChIJGc-AQ_bN5okRJ0l5NjiiZAM",
        "name" : "The Lone Wolf",
        "locationConfidence" : 1.2468804
      } ],
      "editConfirmationStatus" : "NOT_CONFIRMED",
      "simplifiedRawPath" : {
        "points" : [ {
          "latE7" : 423749009,
          "lngE7" : -725196971,
          "timestampMs" : "1459660491469",
          "accuracyMeters" : 26
        }, {
          "latE7" : 423744967,
          "lngE7" : -725199744,
          "timestampMs" : "1459660623903",
          "accuracyMeters" : 19
        } ]
      }
    }
  }, {
    "activitySegment" : {
      "startLocation" : {
        "latitudeE7" : 423744850,
        "longitudeE7" : -725199010
      },
      "endLocation" : {
        "latitudeE7" : 423448150,
        "longitudeE7" : -725205920
      },
      "duration" : {
        "startTimestampMs" : "1459661122034",
        "endTimestampMs" : "1459661456500"
      },
      "distance" : 3332,
      "activityType" : "IN_BUS",
      "confidence" : "MEDIUM",
      "activities" : [ {
        "activityType" : "IN_BUS",
        "probability" : 0.0
      }, {
        "activityType" : "IN_VEHICLE",
        "probability" : 0.0
      }, {
        "activityType" : "CYCLING",
        "probability" : 0.0
      }, {
        "activityType" : "FLYING",
        "probability" : 0.0
      }, {
        "activityType" : "WALKING",
        "probability" : 0.0
      }, {
        "activityType" : "SKATEBOARDING",
        "probability" : 0.0
      }, {
        "activityType" : "IN_GONDOLA_LIFT",
        "probability" : 0.0
      }, {
        "activityType" : "SLEDDING",
        "probability" : 0.0
      }, {
        "activityType" : "SNOWBOARDING",
        "probability" : 0.0
      }, {
        "activityType" : "SNOWMOBILE",
        "probability" : 0.0
      }, {
        "activityType" : "SNOWSHOEING",
        "probability" : 0.0
      }, {
        "activityType" : "SURFING",
        "probability" : 0.0
      }, {
        "activityType" : "SWIMMING",
        "probability" : 0.0
      }, {
        "activityType" : "WALKING_NORDIC",
        "probability" : 0.0
      }, {
        "activityType" : "IN_PASSENGER_VEHICLE",
        "probability" : 0.0
      }, {
        "activityType" : "MOTORCYCLING",
        "probability" : 0.0
      }, {
        "activityType" : "BOATING",
        "probability" : 0.0
      }, {
        "activityType" : "IN_WHEELCHAIR",
        "probability" : 0.0
      }, {
        "activityType" : "HORSEBACK_RIDING",
        "probability" : 0.0
      }, {
        "activityType" : "SKIING",
        "probability" : 0.0
      }, {
        "activityType" : "SKATING",
        "probability" : 0.0
      }, {
        "activityType" : "SAILING",
        "probability" : 0.0
      }, {
        "activityType" : "ROWING",
        "probability" : 0.0
      }, {
        "activityType" : "KITESURFING",
        "probability" : 0.0
      }, {
        "activityType" : "KAYAKING",
        "probability" : 0.0
      }, {
        "activityType" : "HIKING",
        "probability" : 0.0
      }, {
        "activityType" : "IN_FUNICULAR",
        "probability" : 0.0
      }, {
        "activityType" : "IN_CABLECAR",
        "probability" : 0.0
      }, {
        "activityType" : "IN_FERRY",
        "probability" : 0.0
      }, {
        "activityType" : "IN_TRAM",
        "probability" : 0.0
      }, {
        "activityType" : "IN_SUBWAY",
        "probability" : 0.0
      }, {
        "activityType" : "IN_TRAIN",
        "probability" : 0.0
      }, {
        "activityType" : "RUNNING",
        "probability" : 0.0
      } ],
      "transitPath" : {
        "transitStops" : [ {
          "latitudeE7" : 423744850,
          "longitudeE7" : -725199010,
          "placeId" : "ChIJuUx70PfN5okR2WM-MLgfZz8",
          "name" : "Amherst Common (S)"
        }, {
          "latitudeE7" : 423448150,
          "longitudeE7" : -725205920,
          "placeId" : "ChIJaXudHeDR5okRd43asYvRhEs",
          "name" : "Crocker Farm School (Out)"
        } ],
        "name" : "R29",
        "hexRgbColor" : "000000"
      },
      "simplifiedRawPath" : {
        "points" : [ {
          "latE7" : 423499362,
          "lngE7" : -725284781,
          "timestampMs" : "1459661438531",
          "accuracyMeters" : 28
        } ]
      },
      "editConfirmationStatus" : "NOT_CONFIRMED"
    }
  }, {
    "activitySegment" : {
      "startLocation" : {
        "latitudeE7" : 423491132,
        "longitudeE7" : -725288116
      },
      "endLocation" : {
        "latitudeE7" : 423464113,
        "longitudeE7" : -725288478
      },
      "duration" : {
        "startTimestampMs" : "1459661456500",
        "endTimestampMs" : "1459661715125"
      },
      "distance" : 311,
      "confidence" : "MEDIUM",
      "activities" : [ {
        "activityType" : "WALKING",
        "probability" : 0.0
      }, {
        "activityType" : "CYCLING",
        "probability" : 0.0
      }, {
        "activityType" : "IN_VEHICLE",
        "probability" : 0.0
      }, {
        "activityType" : "FLYING",
        "probability" : 0.0
      }, {
        "activityType" : "RUNNING",
        "probability" : 0.0
      }, {
        "activityType" : "IN_BUS",
        "probability" : 0.0
      }, {
        "activityType" : "IN_TRAIN",
        "probability" : 0.0
      }, {
        "activityType" : "IN_SUBWAY",
        "probability" : 0.0
      }, {
        "activityType" : "IN_TRAM",
        "probability" : 0.0
      }, {
        "activityType" : "IN_FERRY",
        "probability" : 0.0
      }, {
        "activityType" : "IN_CABLECAR",
        "probability" : 0.0
      }, {
        "activityType" : "IN_FUNICULAR",
        "probability" : 0.0
      }, {
        "activityType" : "HIKING",
        "probability" : 0.0
      }, {
        "activityType" : "KAYAKING",
        "probability" : 0.0
      }, {
        "activityType" : "KITESURFING",
        "probability" : 0.0
      }, {
        "activityType" : "ROWING",
        "probability" : 0.0
      }, {
        "activityType" : "SAILING",
        "probability" : 0.0
      }, {
        "activityType" : "SKATING",
        "probability" : 0.0
      }, {
        "activityType" : "SKIING",
        "probability" : 0.0
      }, {
        "activityType" : "SKATEBOARDING",
        "probability" : 0.0
      }, {
        "activityType" : "SLEDDING",
        "probability" : 0.0
      }, {
        "activityType" : "SNOWBOARDING",
        "probability" : 0.0
      }, {
        "activityType" : "SNOWMOBILE",
        "probability" : 0.0
      }, {
        "activityType" : "SNOWSHOEING",
        "probability" : 0.0
      }, {
        "activityType" : "SURFING",
        "probability" : 0.0
      }, {
        "activityType" : "SWIMMING",
        "probability" : 0.0
      }, {
        "activityType" : "WALKING_NORDIC",
        "probability" : 0.0
      }, {
        "activityType" : "IN_PASSENGER_VEHICLE",
        "probability" : 0.0
      }, {
        "activityType" : "MOTORCYCLING",
        "probability" : 0.0
      }, {
        "activityType" : "BOATING",
        "probability" : 0.0
      }, {
        "activityType" : "IN_WHEELCHAIR",
        "probability" : 0.0
      }, {
        "activityType" : "HORSEBACK_RIDING",
        "probability" : 0.0
      }, {
        "activityType" : "IN_GONDOLA_LIFT",
        "probability" : 0.0
      } ],
      "waypointPath" : {
        "waypoints" : [ {
          "latE7" : 423491172,
          "lngE7" : -725288162
        }, {
          "latE7" : 423467330,
          "lngE7" : -725287628
        } ]
      },
      "editConfirmationStatus" : "NOT_CONFIRMED"
    }
  }, {
    "placeVisit" : {
      "location" : {
        "latitudeE7" : 423465637,
        "longitudeE7" : -725289160,
        "placeId" : "ChIJays8c-fR5okRmylZzDik75U",
        "address" : "561 Riverglade Dr\nAmherst, MA 01002\nUSA",
        "name" : "561 Riverglade Dr",
        "sourceInfo" : {
          "deviceTag" : 2132793100
        },
        "locationConfidence" : 65.076126
      },
      "duration" : {
        "startTimestampMs" : "1459661715125",
        "endTimestampMs" : "1459709131452"
      },
      "centerLatE7" : 423464621,
      "centerLngE7" : -725288396,
      "visitConfidence" : 87,
      "otherCandidateLocations" : [ {
        "latitudeE7" : 423459330,
        "longitudeE7" : -725293230,
        "placeId" : "ChIJVa99eOfR5okRncqPCmM3Aw4",
        "name" : "Mill Valley Estates Rental Office",
        "locationConfidence" : 34.367184
      }, {
        "latitudeE7" : 423426926,
        "longitudeE7" : -725326909,
        "placeId" : "ChIJgXrYPSLO5okR4VmEvIvRRAM",
        "name" : "Hickory Ridge Maintenance Department",
        "locationConfidence" : 0.33961913
      }, {
        "latitudeE7" : 423431130,
        "longitudeE7" : -725286730,
        "placeId" : "ChIJF6F6DN3R5okRH4HUlB2jn9c",
        "name" : "Hickory Ridge Golf Club",
        "locationConfidence" : 0.17133272
      }, {
        "latitudeE7" : 423490560,
        "longitudeE7" : -725288770,
        "placeId" : "ChIJwwrBjObR5okRZb2UYPI5gog",
        "name" : "The Boulders (157)",
        "locationConfidence" : 0.026878709
      }, {
        "latitudeE7" : 423476796,
        "longitudeE7" : -725258161,
        "placeId" : "ChIJ6c4jL-HR5okR48RXyx0zaPM",
        "name" : "All About Learning LLC",
        "locationConfidence" : 0.01735746
      }, {
        "latitudeE7" : 423478990,
        "longitudeE7" : -725322280,
        "placeId" : "ChIJ_UY21ufR5okRAEZECBk5c3w",
        "name" : "Cameron Painting Inc",
        "locationConfidence" : 0.0015008912
      } ],
      "editConfirmationStatus" : "NOT_CONFIRMED"
    }
  }, {
    "activitySegment" : {
      "startLocation" : {
        "latitudeE7" : 423512045,
        "longitudeE7" : -711746512
      },
      "endLocation" : {
        "latitudeE7" : 423529757,
        "longitudeE7" : -711315295
      },
      "duration" : {
        "startTimestampMs" : "1460849842522",
        "endTimestampMs" : "1460858340584"
      },
      "distance" : 5899,
      "confidence" : "MEDIUM",
      "activities" : [ {
        "activityType" : "IN_PASSENGER_VEHICLE",
        "probability" : 0.0
      }, {
        "activityType" : "IN_VEHICLE",
        "probability" : 0.0
      }, {
        "activityType" : "CYCLING",
        "probability" : 0.0
      }, {
        "activityType" : "WALKING",
        "probability" : 0.0
      }, {
        "activityType" : "FLYING",
        "probability" : 0.0
      }, {
        "activityType" : "SKATEBOARDING",
        "probability" : 0.0
      }, {
        "activityType" : "IN_GONDOLA_LIFT",
        "probability" : 0.0
      }, {
        "activityType" : "SLEDDING",
        "probability" : 0.0
      }, {
        "activityType" : "SNOWBOARDING",
        "probability" : 0.0
      }, {
        "activityType" : "SNOWMOBILE",
        "probability" : 0.0
      }, {
        "activityType" : "SNOWSHOEING",
        "probability" : 0.0
      }, {
        "activityType" : "SURFING",
        "probability" : 0.0
      }, {
        "activityType" : "SWIMMING",
        "probability" : 0.0
      }, {
        "activityType" : "WALKING_NORDIC",
        "probability" : 0.0
      }, {
        "activityType" : "MOTORCYCLING",
        "probability" : 0.0
      }, {
        "activityType" : "BOATING",
        "probability" : 0.0
      }, {
        "activityType" : "IN_WHEELCHAIR",
        "probability" : 0.0
      }, {
        "activityType" : "HORSEBACK_RIDING",
        "probability" : 0.0
      }, {
        "activityType" : "SKIING",
        "probability" : 0.0
      }, {
        "activityType" : "SKATING",
        "probability" : 0.0
      }, {
        "activityType" : "SAILING",
        "probability" : 0.0
      }, {
        "activityType" : "ROWING",
        "probability" : 0.0
      }, {
        "activityType" : "KITESURFING",
        "probability" : 0.0
      }, {
        "activityType" : "KAYAKING",
        "probability" : 0.0
      }, {
        "activityType" : "HIKING",
        "probability" : 0.0
      }, {
        "activityType" : "IN_FUNICULAR",
        "probability" : 0.0
      }, {
        "activityType" : "IN_CABLECAR",
        "probability" : 0.0
      }, {
        "activityType" : "IN_FERRY",
        "probability" : 0.0
      }, {
        "activityType" : "IN_TRAM",
        "probability" : 0.0
      }, {
        "activityType" : "IN_SUBWAY",
        "probability" : 0.0
      }, {
        "activityType" : "IN_TRAIN",
        "probability" : 0.0
      }, {
        "activityType" : "IN_BUS",
        "probability" : 0.0
      }, {
        "activityType" : "RUNNING",
        "probability" : 0.0
      } ],
      "waypointPath" : {
        "waypoints" : [ {
          "latE7" : 423510818,
          "lngE7" : -711747589
        }, {
          "latE7" : 423510284,
          "lngE7" : -711157684
        }, {
          "latE7" : 423527259,
          "lngE7" : -711293106
        } ]
      },
      "simplifiedRawPath" : {
        "points" : [ {
          "latE7" : 423508835,
          "lngE7" : -711157455,
          "timestampMs" : "1460858142190",
          "accuracyMeters" : 20
        } ]
      },
      "editConfirmationStatus" : "NOT_CONFIRMED"
    }
  }, {
    "placeVisit" : {
      "location" : {
        "latitudeE7" : 423527119,
        "longitudeE7" : -711315838,
        "placeId" : "ChIJSyaen8V544kRkkE_uog9-zQ",
        "address" : "130 Brighton Ave\nAllston, MA 02134\nUSA",
        "name" : "Sunset Grill & Tap",
        "sourceInfo" : {
          "deviceTag" : 2132793100
        },
        "locationConfidence" : 99.87352
      },
      "duration" : {
        "startTimestampMs" : "1460858360309",
        "endTimestampMs" : "1460867066822"
      },
      "centerLatE7" : 423527589,
      "centerLngE7" : -711317198,
      "visitConfidence" : 71,
      "otherCandidateLocations" : [ {
        "latitudeE7" : 423527119,
        "longitudeE7" : -711315838,
        "placeId" : "ChIJSyaen8V544kRkkE_uog9-zQ",
        "name" : "Sunset Grill & Tap",
        "locationConfidence" : 0.07491305
      }, {
        "latitudeE7" : 423526980,
        "longitudeE7" : -711318080,
        "placeId" : "ChIJw5sDCsV544kRn3D-uNnXp_A",
        "name" : "Patron's",
        "locationConfidence" : 0.040253174
      }, {
        "latitudeE7" : 423526364,
        "longitudeE7" : -711322325,
        "placeId" : "ChIJebo3m8V544kR1ryP00WJm2I",
        "name" : "Blanchards Liquors",
        "locationConfidence" : 0.0039220126
      }, {
        "latitudeE7" : 423528697,
        "longitudeE7" : -711326174,
        "placeId" : "ChIJ9wbWg8V544kRtv2_C_dKne8",
        "name" : "Brighton Music Hall",
        "locationConfidence" : 0.0013951705
      }, {
        "latitudeE7" : 423533031,
        "longitudeE7" : -711326374,
        "placeId" : "ChIJQ8pAf8V544kRWWqVXYZ5IxU",
        "name" : "Tavern In The Square",
        "locationConfidence" : 6.5982714E-4
      }, {
        "latitudeE7" : 423531308,
        "longitudeE7" : -711312897,
        "placeId" : "ChIJC4cfC8V544kRSezSw_XQmIQ",
        "name" : "Le's Vietnamese Cuisine",
        "locationConfidence" : 6.2497956E-4
      }, {
        "latitudeE7" : 423531632,
        "longitudeE7" : -711318016,
        "placeId" : "ChIJUd1JdMV544kRpfy4g8_6FTw",
        "name" : "Buk Kyung Restaurant",
        "locationConfidence" : 6.2275334E-4
      }, {
        "latitudeE7" : 423523780,
        "longitudeE7" : -711316612,
        "placeId" : "ChIJnZnSkMV544kRHx_QghKjMaE",
        "name" : "Korean Garden Restaurant",
        "locationConfidence" : 6.0617056E-4
      }, {
        "latitudeE7" : 423527073,
        "longitudeE7" : -711307792,
        "placeId" : "ChIJ2Uvfp8V544kR5MZX6pp4IiM",
        "name" : "White Horse Tavern",
        "locationConfidence" : 4.9463107E-4
      } ],
      "editConfirmationStatus" : "NOT_CONFIRMED"
    }
  }, {
    "activitySegment" : {
      "startLocation" : {
        "latitudeE7" : 423527119,
        "longitudeE7" : -711315838
      },
      "endLocation" : {
        "latitudeE7" : 423346102,
        "longitudeE7" : -711468500
      },
      "duration" : {
        "startTimestampMs" : "1460867066822",
        "endTimestampMs" : "1460867768719"
      },
      "distance" : 3174,
      "confidence" : "MEDIUM",
      "activities" : [ {
        "activityType" : "IN_PASSENGER_VEHICLE",
        "probability" : 0.0
      }, {
        "activityType" : "IN_VEHICLE",
        "probability" : 0.0
      }, {
        "activityType" : "CYCLING",
        "probability" : 0.0
      }, {
        "activityType" : "WALKING",
        "probability" : 0.0
      }, {
        "activityType" : "FLYING",
        "probability" : 0.0
      }, {
        "activityType" : "SKATEBOARDING",
        "probability" : 0.0
      }, {
        "activityType" : "IN_GONDOLA_LIFT",
        "probability" : 0.0
      }, {
        "activityType" : "SLEDDING",
        "probability" : 0.0
      }, {
        "activityType" : "SNOWBOARDING",
        "probability" : 0.0
      }, {
        "activityType" : "SNOWMOBILE",
        "probability" : 0.0
      }, {
        "activityType" : "SNOWSHOEING",
        "probability" : 0.0
      }, {
        "activityType" : "SURFING",
        "probability" : 0.0
      }, {
        "activityType" : "SWIMMING",
        "probability" : 0.0
      }, {
        "activityType" : "WALKING_NORDIC",
        "probability" : 0.0
      }, {
        "activityType" : "MOTORCYCLING",
        "probability" : 0.0
      }, {
        "activityType" : "BOATING",
        "probability" : 0.0
      }, {
        "activityType" : "IN_WHEELCHAIR",
        "probability" : 0.0
      }, {
        "activityType" : "HORSEBACK_RIDING",
        "probability" : 0.0
      }, {
        "activityType" : "SKIING",
        "probability" : 0.0
      }, {
        "activityType" : "SKATING",
        "probability" : 0.0
      }, {
        "activityType" : "SAILING",
        "probability" : 0.0
      }, {
        "activityType" : "ROWING",
        "probability" : 0.0
      }, {
        "activityType" : "KITESURFING",
        "probability" : 0.0
      }, {
        "activityType" : "KAYAKING",
        "probability" : 0.0
      }, {
        "activityType" : "HIKING",
        "probability" : 0.0
      }, {
        "activityType" : "IN_FUNICULAR",
        "probability" : 0.0
      }, {
        "activityType" : "IN_CABLECAR",
        "probability" : 0.0
      }, {
        "activityType" : "IN_FERRY",
        "probability" : 0.0
      }, {
        "activityType" : "IN_TRAM",
        "probability" : 0.0
      }, {
        "activityType" : "IN_SUBWAY",
        "probability" : 0.0
      }, {
        "activityType" : "IN_TRAIN",
        "probability" : 0.0
      }, {
        "activityType" : "IN_BUS",
        "probability" : 0.0
      }, {
        "activityType" : "RUNNING",
        "probability" : 0.0
      } ],
      "waypointPath" : {
        "waypoints" : [ {
          "latE7" : 423528861,
          "lngE7" : -711315383
        }, {
          "latE7" : 423485679,
          "lngE7" : -711403121
        }, {
          "latE7" : 423348312,
          "lngE7" : -711469192
        } ]
      },
      "simplifiedRawPath" : {
        "points" : [ {
          "latE7" : 423485184,
          "lngE7" : -711402588,
          "timestampMs" : "1460867459151",
          "accuracyMeters" : 21
        } ]
      },
      "editConfirmationStatus" : "NOT_CONFIRMED"
    }
  }, {
    "placeVisit" : {
      "location" : {
        "latitudeE7" : 423345479,
        "longitudeE7" : -711457497,
        "placeId" : "ChIJL6P4T1N444kRUxwGfnTlDvI",
        "address" : "247 Fisher Ave\nBrookline, MA 02445\nUSA",
        "name" : "247 Fisher Ave",
        "semanticType" : "TYPE_HOME",
        "sourceInfo" : {
          "deviceTag" : 2132793100
        },
        "locationConfidence" : 99.94495
      },
      "duration" : {
        "startTimestampMs" : "1460867820681",
        "endTimestampMs" : "1460909493022"
      },
      "centerLatE7" : 423344952,
      "centerLngE7" : -711458005,
      "visitConfidence" : 91,
      "otherCandidateLocations" : [ {
        "latitudeE7" : 423350916,
        "longitudeE7" : -711488306,
        "placeId" : "ChIJlzvejVN444kRA845bwOxjVI",
        "name" : "Reservoir",
        "locationConfidence" : 0.020259626
      }, {
        "latitudeE7" : 423350470,
        "longitudeE7" : -711450518,
        "placeId" : "ChIJcRGiNVN444kRx2TCaPoBYgc",
        "name" : "Abromson Nissman Ltd",
        "locationConfidence" : 0.019000143
      }, {
        "latitudeE7" : 423361957,
        "longitudeE7" : -711489867,
        "placeId" : "ChIJkd5gx1N444kRf6sgO6DVYtw",
        "name" : "Cleveland Circle",
        "locationConfidence" : 0.0053417175
      }, {
        "latitudeE7" : 423341714,
        "longitudeE7" : -711421518,
        "placeId" : "ChIJw-awhax544kR_4ClJ730FWw",
        "name" : "John D. Runkle School",
        "locationConfidence" : 0.0035441257
      }, {
        "latitudeE7" : 423363519,
        "longitudeE7" : -711431806,
        "placeId" : "ChIJx-F9F61544kRQrHqJTEJ8MU",
        "name" : "Jean B Waldstein Playground",
        "locationConfidence" : 0.0030975644
      }, {
        "latitudeE7" : 423359098,
        "longitudeE7" : -711490296,
        "placeId" : "ChIJIyQrulN444kR_XIChsjuFs4",
        "name" : "CVS Pharmacy",
        "locationConfidence" : 7.6094223E-4
      }, {
        "latitudeE7" : 423362656,
        "longitudeE7" : -711450621,
        "placeId" : "ChIJbWiE1VJ444kRAkuB-NQF0co",
        "name" : "Netresults Tennis",
        "locationConfidence" : 6.9623935E-4
      }, {
        "latitudeE7" : 423371340,
        "longitudeE7" : -711452594,
        "placeId" : "ChIJazpExVJ444kRkWU-_jWAlZw",
        "name" : "Englewood Ave.",
        "locationConfidence" : 5.581152E-4
      }, {
        "latitudeE7" : 423335109,
        "longitudeE7" : -711455187,
        "placeId" : "ChIJtQBepFR444kRscusnJxaTk4",
        "name" : "Cynthia Medeiros, LICSW",
        "locationConfidence" : 2.1862701E-4
      } ],
      "editConfirmationStatus" : "NOT_CONFIRMED"
    }
  }, {
    "activitySegment" : {
      "startLocation" : {
        "latitudeE7" : 423346412,
        "longitudeE7" : -711454155
      },
      "endLocation" : {
        "latitudeE7" : 423237720,
        "longitudeE7" : -711661407
      },
      "duration" : {
        "startTimestampMs" : "1460909493022",
        "endTimestampMs" : "1460909858145"
      },
      "distance" : 2128,
      "confidence" : "MEDIUM",
      "activities" : [ {
        "activityType" : "IN_PASSENGER_VEHICLE",
        "probability" : 0.0
      }, {
        "activityType" : "IN_VEHICLE",
        "probability" : 0.0
      }, {
        "activityType" : "CYCLING",
        "probability" : 0.0
      }, {
        "activityType" : "WALKING",
        "probability" : 0.0
      }, {
        "activityType" : "FLYING",
        "probability" : 0.0
      }, {
        "activityType" : "RUNNING",
        "probability" : 0.0
      }, {
        "activityType" : "IN_BUS",
        "probability" : 0.0
      }, {
        "activityType" : "IN_TRAIN",
        "probability" : 0.0
      }, {
        "activityType" : "IN_SUBWAY",
        "probability" : 0.0
      }, {
        "activityType" : "IN_TRAM",
        "probability" : 0.0
      }, {
        "activityType" : "IN_FERRY",
        "probability" : 0.0
      }, {
        "activityType" : "IN_CABLECAR",
        "probability" : 0.0
      }, {
        "activityType" : "IN_FUNICULAR",
        "probability" : 0.0
      }, {
        "activityType" : "HIKING",
        "probability" : 0.0
      }, {
        "activityType" : "KAYAKING",
        "probability" : 0.0
      }, {
        "activityType" : "KITESURFING",
        "probability" : 0.0
      }, {
        "activityType" : "ROWING",
        "probability" : 0.0
      }, {
        "activityType" : "SAILING",
        "probability" : 0.0
      }, {
        "activityType" : "SKATING",
        "probability" : 0.0
      }, {
        "activityType" : "SKIING",
        "probability" : 0.0
      }, {
        "activityType" : "SKATEBOARDING",
        "probability" : 0.0
      }, {
        "activityType" : "SLEDDING",
        "probability" : 0.0
      }, {
        "activityType" : "SNOWBOARDING",
        "probability" : 0.0
      }, {
        "activityType" : "SNOWMOBILE",
        "probability" : 0.0
      }, {
        "activityType" : "SNOWSHOEING",
        "probability" : 0.0
      }, {
        "activityType" : "SURFING",
        "probability" : 0.0
      }, {
        "activityType" : "SWIMMING",
        "probability" : 0.0
      }, {
        "activityType" : "WALKING_NORDIC",
        "probability" : 0.0
      }, {
        "activityType" : "MOTORCYCLING",
        "probability" : 0.0
      }, {
        "activityType" : "BOATING",
        "probability" : 0.0
      }, {
        "activityType" : "IN_WHEELCHAIR",
        "probability" : 0.0
      }, {
        "activityType" : "HORSEBACK_RIDING",
        "probability" : 0.0
      }, {
        "activityType" : "IN_GONDOLA_LIFT",
        "probability" : 0.0
      } ],
      "waypointPath" : {
        "waypoints" : [ {
          "latE7" : 423344116,
          "lngE7" : -711450500
        }, {
          "latE7" : 423322639,
          "lngE7" : -711466751
        }, {
          "latE7" : 423313064,
          "lngE7" : -711491546
        }, {
          "latE7" : 423238525,
          "lngE7" : -711658325
        } ]
      },
      "simplifiedRawPath" : {
        "points" : [ {
          "latE7" : 423322830,
          "lngE7" : -711465683,
          "timestampMs" : "1460909555101",
          "accuracyMeters" : 50
        }, {
          "latE7" : 423313141,
          "lngE7" : -711491699,
          "timestampMs" : "1460909609803",
          "accuracyMeters" : 19
        } ]
      },
      "editConfirmationStatus" : "NOT_CONFIRMED"
    }
  }, {
    "placeVisit" : {
      "location" : {
        "latitudeE7" : 423237720,
        "longitudeE7" : -711661407,
        "placeId" : "ChIJGeqVxZJ444kRF9ppqRsJLTo",
        "address" : "1 Boylston St\nChestnut Hill, MA 02467\nUSA",
        "name" : "Star Market",
        "sourceInfo" : {
          "deviceTag" : 2132793100
        },
        "locationConfidence" : 99.721115
      },
      "duration" : {
        "startTimestampMs" : "1460909858145",
        "endTimestampMs" : "1460911253842"
      },
      "centerLatE7" : 423237177,
      "centerLngE7" : -711660800,
      "visitConfidence" : 75,
      "otherCandidateLocations" : [ {
        "latitudeE7" : 423237406,
        "longitudeE7" : -711661933,
        "placeId" : "ChIJ5-mVxZJ444kRYHso_ZJP9mY",
        "name" : "Coinstar",
        "locationConfidence" : 0.13499545
      }, {
        "latitudeE7" : 423232256,
        "longitudeE7" : -711682455,
        "placeId" : "ChIJwQ9rfvJ444kRgR4ioRFQ8cs",
        "name" : "The Street Chestnut Hill",
        "locationConfidence" : 0.026850551
      }, {
        "latitudeE7" : 423238188,
        "longitudeE7" : -711660308,
        "placeId" : "ChIJ65MfrpJ444kRNIONzDJZO_Q",
        "name" : "Comella's - Chestnut Hill",
        "locationConfidence" : 0.026113909
      }, {
        "latitudeE7" : 423236621,
        "longitudeE7" : -711661665,
        "placeId" : "ChIJufivxZJ444kRMOoqQISx3T0",
        "name" : "AT&T",
        "locationConfidence" : 0.023905056
      }, {
        "latitudeE7" : 423237916,
        "longitudeE7" : -711660501,
        "placeId" : "ChIJVfpOj_J444kRXlbfVtv8YXE",
        "name" : "Moneygram (inside Star Market)",
        "locationConfidence" : 0.017742677
      }, {
        "latitudeE7" : 423234167,
        "longitudeE7" : -711664735,
        "placeId" : "ChIJm7KexJJ444kRvVjvS_Q7bnw",
        "name" : "Aquitaine Chestnut Hill",
        "locationConfidence" : 0.01098677
      }, {
        "latitudeE7" : 423237555,
        "longitudeE7" : -711660754,
        "placeId" : "ChIJGeqVxZJ444kRDbcFSfwTcNU",
        "name" : "Redbox",
        "locationConfidence" : 0.006795707
      }, {
        "latitudeE7" : 423235115,
        "longitudeE7" : -711664156,
        "placeId" : "ChIJb-2NxJJ444kR9Y6biPLEl6A",
        "name" : "Rosie's Bakery",
        "locationConfidence" : 0.0043607997
      }, {
        "latitudeE7" : 423234909,
        "longitudeE7" : -711662480,
        "placeId" : "ChIJtWejnPJ444kRskaSVpnYJzU",
        "name" : "EYESPOT",
        "locationConfidence" : 0.0037870037
      } ],
      "editConfirmationStatus" : "NOT_CONFIRMED"
    }
  }, {
    "activitySegment" : {
      "startLocation" : {
        "latitudeE7" : 423237720,
        "longitudeE7" : -711661407,
        "placeId" : "ChIJGeqVxZJ444kRF9ppqRsJLTo",
        "address" : "1 Boylston St\nChestnut Hill, MA 02467\nUSA",
        "name" : "Star Market",
        "sourceInfo" : {
          "deviceTag" : 2132793100
        },
        "locationConfidence" : 99.721115
      },
      "endLocation" : {
        "latitudeE7" : 423206772,
        "longitudeE7" : -711722240
      },
      "duration" : {
        "startTimestampMs" : "1460911253842",
        "endTimestampMs" : "1460911386678"
      },
      "confidence" : "MEDIUM",
      "activities" : [ {
        "activityType" : "IN_PASSENGER_VEHICLE",
        "probability" : 0.0
      }, {
        "activityType" : "IN_VEHICLE",
        "probability" : 0.0
      }, {
        "activityType" : "CYCLING",
        "probability" : 0.0
      }, {
        "activityType" : "WALKING",
        "probability" : 0.0
      }, {
        "activityType" : "FLYING",
        "probability" : 0.0
      }, {
        "activityType" : "SKATEBOARDING",
        "probability" : 0.0
      }, {
        "activityType" : "IN_GONDOLA_LIFT",
        "probability" : 0.0
      }, {
        "activityType" : "SLEDDING",
        "probability" : 0.0
      }, {
        "activityType" : "SNOWBOARDING",
        "probability" : 0.0
      }, {
        "activityType" : "SNOWMOBILE",
        "probability" : 0.0
      }, {
        "activityType" : "SNOWSHOEING",
        "probability" : 0.0
      }, {
        "activityType" : "SURFING",
        "probability" : 0.0
      }, {
        "activityType" : "SWIMMING",
        "probability" : 0.0
      }, {
        "activityType" : "WALKING_NORDIC",
        "probability" : 0.0
      }, {
        "activityType" : "MOTORCYCLING",
        "probability" : 0.0
      }, {
        "activityType" : "BOATING",
        "probability" : 0.0
      }, {
        "activityType" : "IN_WHEELCHAIR",
        "probability" : 0.0
      }, {
        "activityType" : "HORSEBACK_RIDING",
        "probability" : 0.0
      }, {
        "activityType" : "SKIING",
        "probability" : 0.0
      }, {
        "activityType" : "SKATING",
        "probability" : 0.0
      }, {
        "activityType" : "SAILING",
        "probability" : 0.0
      }, {
        "activityType" : "ROWING",
        "probability" : 0.0
      }, {
        "activityType" : "KITESURFING",
        "probability" : 0.0
      }, {
        "activityType" : "KAYAKING",
        "probability" : 0.0
      }, {
        "activityType" : "HIKING",
        "probability" : 0.0
      }, {
        "activityType" : "IN_FUNICULAR",
        "probability" : 0.0
      }, {
        "activityType" : "IN_CABLECAR",
        "probability" : 0.0
      }, {
        "activityType" : "IN_FERRY",
        "probability" : 0.0
      }, {
        "activityType" : "IN_TRAM",
        "probability" : 0.0
      }, {
        "activityType" : "IN_SUBWAY",
        "probability" : 0.0
      }, {
        "activityType" : "IN_TRAIN",
        "probability" : 0.0
      }, {
        "activityType" : "IN_BUS",
        "probability" : 0.0
      }, {
        "activityType" : "RUNNING",
        "probability" : 0.0
      } ],
      "waypointPath" : {
        "waypoints" : [ {
          "latE7" : 423236808,
          "lngE7" : -711657638
        }, {
          "latE7" : 423206672,
          "lngE7" : -711722793
        } ]
      },
      "editConfirmationStatus" : "NOT_CONFIRMED"
    }
  }, {
    "activitySegment" : {
      "startLocation" : {
        "latitudeE7" : 423373467,
        "longitudeE7" : -711450701
      },
      "endLocation" : {
        "latitudeE7" : 423345479,
        "longitudeE7" : -711457497
      },
      "duration" : {
        "startTimestampMs" : "1461023035595",
        "endTimestampMs" : "1461023056785"
      },
      "distance" : 316,
      "confidence" : "MEDIUM",
      "activities" : [ {
        "activityType" : "IN_PASSENGER_VEHICLE",
        "probability" : 0.0
      }, {
        "activityType" : "WALKING",
        "probability" : 0.0
      }, {
        "activityType" : "CYCLING",
        "probability" : 0.0
      }, {
        "activityType" : "IN_VEHICLE",
        "probability" : 0.0
      }, {
        "activityType" : "FLYING",
        "probability" : 0.0
      }, {
        "activityType" : "RUNNING",
        "probability" : 0.0
      }, {
        "activityType" : "IN_BUS",
        "probability" : 0.0
      }, {
        "activityType" : "IN_TRAIN",
        "probability" : 0.0
      }, {
        "activityType" : "IN_SUBWAY",
        "probability" : 0.0
      }, {
        "activityType" : "IN_TRAM",
        "probability" : 0.0
      }, {
        "activityType" : "IN_FERRY",
        "probability" : 0.0
      }, {
        "activityType" : "IN_CABLECAR",
        "probability" : 0.0
      }, {
        "activityType" : "IN_FUNICULAR",
        "probability" : 0.0
      }, {
        "activityType" : "HIKING",
        "probability" : 0.0
      }, {
        "activityType" : "KAYAKING",
        "probability" : 0.0
      }, {
        "activityType" : "KITESURFING",
        "probability" : 0.0
      }, {
        "activityType" : "ROWING",
        "probability" : 0.0
      }, {
        "activityType" : "SAILING",
        "probability" : 0.0
      }, {
        "activityType" : "SKATING",
        "probability" : 0.0
      }, {
        "activityType" : "SKIING",
        "probability" : 0.0
      }, {
        "activityType" : "SKATEBOARDING",
        "probability" : 0.0
      }, {
        "activityType" : "SLEDDING",
        "probability" : 0.0
      }, {
        "activityType" : "SNOWBOARDING",
        "probability" : 0.0
      }, {
        "activityType" : "SNOWMOBILE",
        "probability" : 0.0
      }, {
        "activityType" : "SNOWSHOEING",
        "probability" : 0.0
      }, {
        "activityType" : "SURFING",
        "probability" : 0.0
      }, {
        "activityType" : "SWIMMING",
        "probability" : 0.0
      }, {
        "activityType" : "WALKING_NORDIC",
        "probability" : 0.0
      }, {
        "activityType" : "MOTORCYCLING",
        "probability" : 0.0
      }, {
        "activityType" : "BOATING",
        "probability" : 0.0
      }, {
        "activityType" : "IN_WHEELCHAIR",
        "probability" : 0.0
      }, {
        "activityType" : "HORSEBACK_RIDING",
        "probability" : 0.0
      }, {
        "activityType" : "IN_GONDOLA_LIFT",
        "probability" : 0.0
      } ],
      "waypointPath" : {
        "waypoints" : [ {
          "latE7" : 423343925,
          "lngE7" : -711458129
        }, {
          "latE7" : 423344459,
          "lngE7" : -711458892
        } ]
      },
      "editConfirmationStatus" : "NOT_CONFIRMED"
    }
  }, {
    "placeVisit" : {
      "location" : {
        "latitudeE7" : 423345479,
        "longitudeE7" : -711457497,
        "placeId" : "ChIJL6P4T1N444kRUxwGfnTlDvI",
        "address" : "247 Fisher Ave\nBrookline, MA 02445\nUSA",
        "name" : "247 Fisher Ave",
        "semanticType" : "TYPE_HOME",
        "sourceInfo" : {
          "deviceTag" : 2132793100
        },
        "locationConfidence" : 99.84986
      },
      "duration" : {
        "startTimestampMs" : "1461023056785",
        "endTimestampMs" : "1461023631015"
      },
      "centerLatE7" : 423344524,
      "centerLngE7" : -711458300,
      "visitConfidence" : 77,
      "otherCandidateLocations" : [ {
        "latitudeE7" : 423350916,
        "longitudeE7" : -711488306,
        "placeId" : "ChIJlzvejVN444kRA845bwOxjVI",
        "name" : "Reservoir",
        "locationConfidence" : 0.08679059
      }, {
        "latitudeE7" : 423350470,
        "longitudeE7" : -711450518,
        "placeId" : "ChIJcRGiNVN444kRx2TCaPoBYgc",
        "name" : "Abromson Nissman Ltd",
        "locationConfidence" : 0.039709207
      }, {
        "latitudeE7" : 423341714,
        "longitudeE7" : -711421518,
        "placeId" : "ChIJw-awhax544kR_4ClJ730FWw",
        "name" : "John D. Runkle School",
        "locationConfidence" : 0.0065800617
      }, {
        "latitudeE7" : 423361957,
        "longitudeE7" : -711489867,
        "placeId" : "ChIJkd5gx1N444kRf6sgO6DVYtw",
        "name" : "Cleveland Circle",
        "locationConfidence" : 0.004071142
      }, {
        "latitudeE7" : 423359098,
        "longitudeE7" : -711490296,
        "placeId" : "ChIJIyQrulN444kR_XIChsjuFs4",
        "name" : "CVS Pharmacy",
        "locationConfidence" : 0.00211498
      }, {
        "latitudeE7" : 423362656,
        "longitudeE7" : -711450621,
        "placeId" : "ChIJbWiE1VJ444kRAkuB-NQF0co",
        "name" : "Netresults Tennis",
        "locationConfidence" : 0.0018089523
      }, {
        "latitudeE7" : 423335109,
        "longitudeE7" : -711455187,
        "placeId" : "ChIJtQBepFR444kRscusnJxaTk4",
        "name" : "Cynthia Medeiros, LICSW",
        "locationConfidence" : 0.0014311218
      }, {
        "latitudeE7" : 423363519,
        "longitudeE7" : -711431806,
        "placeId" : "ChIJx-F9F61544kRQrHqJTEJ8MU",
        "name" : "Jean B Waldstein Playground",
        "locationConfidence" : 0.0011306877
      }, {
        "latitudeE7" : 423348696,
        "longitudeE7" : -711437456,
        "placeId" : "ChIJN3hXx6x544kRuN-geqF0an0",
        "name" : "Lux Electronic Products",
        "locationConfidence" : 5.9481186E-4
      } ],
      "editConfirmationStatus" : "NOT_CONFIRMED"
    }
  }, {
    "activitySegment" : {
      "startLocation" : {
        "latitudeE7" : 423347815,
        "longitudeE7" : -711466155
      },
      "endLocation" : {
        "latitudeE7" : 423454803,
        "longitudeE7" : -711394207
      },
      "duration" : {
        "startTimestampMs" : "1461023631015",
        "endTimestampMs" : "1461023925820"
      },
      "distance" : 1439,
      "confidence" : "MEDIUM",
      "activities" : [ {
        "activityType" : "IN_PASSENGER_VEHICLE",
        "probability" : 0.0
      }, {
        "activityType" : "IN_VEHICLE",
        "probability" : 0.0
      }, {
        "activityType" : "CYCLING",
        "probability" : 0.0
      }, {
        "activityType" : "WALKING",
        "probability" : 0.0
      }, {
        "activityType" : "FLYING",
        "probability" : 0.0
      }, {
        "activityType" : "RUNNING",
        "probability" : 0.0
      }, {
        "activityType" : "IN_BUS",
        "probability" : 0.0
      }, {
        "activityType" : "IN_TRAIN",
        "probability" : 0.0
      }, {
        "activityType" : "IN_SUBWAY",
        "probability" : 0.0
      }, {
        "activityType" : "IN_TRAM",
        "probability" : 0.0
      }, {
        "activityType" : "IN_FERRY",
        "probability" : 0.0
      }, {
        "activityType" : "IN_CABLECAR",
        "probability" : 0.0
      }, {
        "activityType" : "IN_FUNICULAR",
        "probability" : 0.0
      }, {
        "activityType" : "HIKING",
        "probability" : 0.0
      }, {
        "activityType" : "KAYAKING",
        "probability" : 0.0
      }, {
        "activityType" : "KITESURFING",
        "probability" : 0.0
      }, {
        "activityType" : "ROWING",
        "probability" : 0.0
      }, {
        "activityType" : "SAILING",
        "probability" : 0.0
      }, {
        "activityType" : "SKATING",
        "probability" : 0.0
      }, {
        "activityType" : "SKIING",
        "probability" : 0.0
      }, {
        "activityType" : "SKATEBOARDING",
        "probability" : 0.0
      }, {
        "activityType" : "SLEDDING",
        "probability" : 0.0
      }, {
        "activityType" : "SNOWBOARDING",
        "probability" : 0.0
      }, {
        "activityType" : "SNOWMOBILE",
        "probability" : 0.0
      }, {
        "activityType" : "SNOWSHOEING",
        "probability" : 0.0
      }, {
        "activityType" : "SURFING",
        "probability" : 0.0
      }, {
        "activityType" : "SWIMMING",
        "probability" : 0.0
      }, {
        "activityType" : "WALKING_NORDIC",
        "probability" : 0.0
      }, {
        "activityType" : "MOTORCYCLING",
        "probability" : 0.0
      }, {
        "activityType" : "BOATING",
        "probability" : 0.0
      }, {
        "activityType" : "IN_WHEELCHAIR",
        "probability" : 0.0
      }, {
        "activityType" : "HORSEBACK_RIDING",
        "probability" : 0.0
      }, {
        "activityType" : "IN_GONDOLA_LIFT",
        "probability" : 0.0
      } ],
      "waypointPath" : {
        "waypoints" : [ {
          "latE7" : 423347969,
          "lngE7" : -711465911
        }, {
          "latE7" : 423454971,
          "lngE7" : -711394653
        } ]
      },
      "editConfirmationStatus" : "NOT_CONFIRMED"
    }
  }, {
    "activitySegment" : {
      "startLocation" : {
        "latitudeE7" : 423344977,
        "longitudeE7" : -711459425
      },
      "endLocation" : {
        "latitudeE7" : 423544628,
        "longitudeE7" : -711282726
      },
      "duration" : {
        "startTimestampMs" : "1461024000000",
        "endTimestampMs" : "1461024285333"
      },
      "distance" : 2957,
      "confidence" : "MEDIUM",
      "activities" : [ {
        "activityType" : "IN_PASSENGER_VEHICLE",
        "probability" : 0.0
      }, {
        "activityType" : "IN_VEHICLE",
        "probability" : 0.0
      }, {
        "activityType" : "CYCLING",
        "probability" : 0.0
      }, {
        "activityType" : "WALKING",
        "probability" : 0.0
      }, {
        "activityType" : "FLYING",
        "probability" : 0.0
      }, {
        "activityType" : "RUNNING",
        "probability" : 0.0
      }, {
        "activityType" : "IN_BUS",
        "probability" : 0.0
      }, {
        "activityType" : "IN_TRAIN",
        "probability" : 0.0
      }, {
        "activityType" : "IN_SUBWAY",
        "probability" : 0.0
      }, {
        "activityType" : "IN_TRAM",
        "probability" : 0.0
      }, {
        "activityType" : "IN_FERRY",
        "probability" : 0.0
      }, {
        "activityType" : "IN_CABLECAR",
        "probability" : 0.0
      }, {
        "activityType" : "IN_FUNICULAR",
        "probability" : 0.0
      }, {
        "activityType" : "HIKING",
        "probability" : 0.0
      }, {
        "activityType" : "KAYAKING",
        "probability" : 0.0
      }, {
        "activityType" : "KITESURFING",
        "probability" : 0.0
      }, {
        "activityType" : "ROWING",
        "probability" : 0.0
      }, {
        "activityType" : "SAILING",
        "probability" : 0.0
      }, {
        "activityType" : "SKATING",
        "probability" : 0.0
      }, {
        "activityType" : "SKIING",
        "probability" : 0.0
      }, {
        "activityType" : "SKATEBOARDING",
        "probability" : 0.0
      }, {
        "activityType" : "SLEDDING",
        "probability" : 0.0
      }, {
        "activityType" : "SNOWBOARDING",
        "probability" : 0.0
      }, {
        "activityType" : "SNOWMOBILE",
        "probability" : 0.0
      }, {
        "activityType" : "SNOWSHOEING",
        "probability" : 0.0
      }, {
        "activityType" : "SURFING",
        "probability" : 0.0
      }, {
        "activityType" : "SWIMMING",
        "probability" : 0.0
      }, {
        "activityType" : "WALKING_NORDIC",
        "probability" : 0.0
      }, {
        "activityType" : "MOTORCYCLING",
        "probability" : 0.0
      }, {
        "activityType" : "BOATING",
        "probability" : 0.0
      }, {
        "activityType" : "IN_WHEELCHAIR",
        "probability" : 0.0
      }, {
        "activityType" : "HORSEBACK_RIDING",
        "probability" : 0.0
      }, {
        "activityType" : "IN_GONDOLA_LIFT",
        "probability" : 0.0
      } ],
      "waypointPath" : {
        "waypoints" : [ {
          "latE7" : 423454971,
          "lngE7" : -711394653
        }, {
          "latE7" : 423544387,
          "lngE7" : -711282653
        } ]
      },
      "editConfirmationStatus" : "NOT_CONFIRMED"
    }
  }, {
    "activitySegment" : {
      "startLocation" : {
        "latitudeE7" : 423544574,
        "longitudeE7" : -711282923
      },
      "endLocation" : {
        "latitudeE7" : 423533031,
        "longitudeE7" : -711326374
      },
      "duration" : {
        "startTimestampMs" : "1461024285333",
        "endTimestampMs" : "1461025081660"
      },
      "distance" : 404,
      "confidence" : "LOW",
      "activities" : [ {
        "activityType" : "WALKING",
        "probability" : 0.0
      }, {
        "activityType" : "CYCLING",
        "probability" : 0.0
      }, {
        "activityType" : "IN_VEHICLE",
        "probability" : 0.0
      }, {
        "activityType" : "FLYING",
        "probability" : 0.0
      }, {
        "activityType" : "SKATEBOARDING",
        "probability" : 0.0
      }, {
        "activityType" : "IN_GONDOLA_LIFT",
        "probability" : 0.0
      }, {
        "activityType" : "SLEDDING",
        "probability" : 0.0
      }, {
        "activityType" : "SNOWBOARDING",
        "probability" : 0.0
      }, {
        "activityType" : "SNOWMOBILE",
        "probability" : 0.0
      }, {
        "activityType" : "SNOWSHOEING",
        "probability" : 0.0
      }, {
        "activityType" : "SURFING",
        "probability" : 0.0
      }, {
        "activityType" : "SWIMMING",
        "probability" : 0.0
      }, {
        "activityType" : "WALKING_NORDIC",
        "probability" : 0.0
      }, {
        "activityType" : "IN_PASSENGER_VEHICLE",
        "probability" : 0.0
      }, {
        "activityType" : "MOTORCYCLING",
        "probability" : 0.0
      }, {
        "activityType" : "BOATING",
        "probability" : 0.0
      }, {
        "activityType" : "IN_WHEELCHAIR",
        "probability" : 0.0
      }, {
        "activityType" : "HORSEBACK_RIDING",
        "probability" : 0.0
      }, {
        "activityType" : "SKIING",
        "probability" : 0.0
      }, {
        "activityType" : "SKATING",
        "probability" : 0.0
      }, {
        "activityType" : "SAILING",
        "probability" : 0.0
      }, {
        "activityType" : "ROWING",
        "probability" : 0.0
      }, {
        "activityType" : "KITESURFING",
        "probability" : 0.0
      }, {
        "activityType" : "KAYAKING",
        "probability" : 0.0
      }, {
        "activityType" : "HIKING",
        "probability" : 0.0
      }, {
        "activityType" : "IN_FUNICULAR",
        "probability" : 0.0
      }, {
        "activityType" : "IN_CABLECAR",
        "probability" : 0.0
      }, {
        "activityType" : "IN_FERRY",
        "probability" : 0.0
      }, {
        "activityType" : "IN_TRAM",
        "probability" : 0.0
      }, {
        "activityType" : "IN_SUBWAY",
        "probability" : 0.0
      }, {
        "activityType" : "IN_TRAIN",
        "probability" : 0.0
      }, {
        "activityType" : "IN_BUS",
        "probability" : 0.0
      }, {
        "activityType" : "RUNNING",
        "probability" : 0.0
      } ],
      "waypointPath" : {
        "waypoints" : [ {
          "latE7" : 423544692,
          "lngE7" : -711282958
        }, {
          "latE7" : 423531723,
          "lngE7" : -711326675
        } ]
      },
      "editConfirmationStatus" : "NOT_CONFIRMED"
    }
  }, {
    "placeVisit" : {
      "location" : {
        "latitudeE7" : 423533031,
        "longitudeE7" : -711326374,
        "placeId" : "ChIJQ8pAf8V544kRWWqVXYZ5IxU",
        "address" : "161 Brighton Ave\nBoston, MA 02134\nUSA",
        "name" : "Tavern In The Square Allston",
        "sourceInfo" : {
          "deviceTag" : 2132793100
        },
        "locationConfidence" : 98.04682
      },
      "duration" : {
        "startTimestampMs" : "1461025081660",
        "endTimestampMs" : "1461030733324"
      },
      "centerLatE7" : 423531221,
      "centerLngE7" : -711326303,
      "visitConfidence" : 77,
      "otherCandidateLocations" : [ {
        "latitudeE7" : 423533378,
        "longitudeE7" : -711329126,
        "placeId" : "ChIJ7ar_f89544kRFSwk86FJZ3w",
        "name" : "Totto Ramen",
        "locationConfidence" : 0.9991324
      }, {
        "latitudeE7" : 423528697,
        "longitudeE7" : -711326174,
        "placeId" : "ChIJ9wbWg8V544kRtv2_C_dKne8",
        "name" : "Brighton Music Hall",
        "locationConfidence" : 0.33758694
      }, {
        "latitudeE7" : 423529003,
        "longitudeE7" : -711329045,
        "placeId" : "ChIJMViHgMV544kR-PIbvzfukos",
        "name" : "S & I To Go",
        "locationConfidence" : 0.15421987
      }, {
        "latitudeE7" : 423527119,
        "longitudeE7" : -711315838,
        "placeId" : "ChIJSyaen8V544kRkkE_uog9-zQ",
        "name" : "Sunset Grill & Tap",
        "locationConfidence" : 0.13225807
      }, {
        "latitudeE7" : 423528677,
        "longitudeE7" : -711328350,
        "placeId" : "ChIJRe_4gMV544kR-i-iyvi7X6s",
        "name" : "Habanero Mexican Grill",
        "locationConfidence" : 0.049597107
      }, {
        "latitudeE7" : 423526364,
        "longitudeE7" : -711322325,
        "placeId" : "ChIJebo3m8V544kR1ryP00WJm2I",
        "name" : "Blanchards Liquors",
        "locationConfidence" : 0.044108063
      }, {
        "latitudeE7" : 423529113,
        "longitudeE7" : -711327632,
        "placeId" : "ChIJ-UIhgcV544kRxVDw57oP8Dg",
        "name" : "Wabora Prime",
        "locationConfidence" : 0.038631957
      }, {
        "latitudeE7" : 423534708,
        "longitudeE7" : -711324169,
        "placeId" : "ChIJ9-rJe8V544kR7-9zic5JW-Q",
        "name" : "Common Ground",
        "locationConfidence" : 0.029408913
      }, {
        "latitudeE7" : 423529161,
        "longitudeE7" : -711330063,
        "placeId" : "ChIJa5aCgMV544kRdL6_jqFRulA",
        "name" : "Fish Market Sushi Bar",
        "locationConfidence" : 0.016489258
      } ],
      "editConfirmationStatus" : "NOT_CONFIRMED"
    }
  }, {
    "activitySegment" : {
      "startLocation" : {
        "latitudeE7" : 423525799,
        "longitudeE7" : -711320401
      },
      "endLocation" : {
        "latitudeE7" : 423345149,
        "longitudeE7" : -711445875
      },
      "duration" : {
        "startTimestampMs" : "1461030733324",
        "endTimestampMs" : "1461031392431"
      },
      "distance" : 4127,
      "confidence" : "MEDIUM",
      "activities" : [ {
        "activityType" : "IN_PASSENGER_VEHICLE",
        "probability" : 0.0
      }, {
        "activityType" : "IN_VEHICLE",
        "probability" : 0.0
      }, {
        "activityType" : "CYCLING",
        "probability" : 0.0
      }, {
        "activityType" : "WALKING",
        "probability" : 0.0
      }, {
        "activityType" : "FLYING",
        "probability" : 0.0
      }, {
        "activityType" : "HORSEBACK_RIDING",
        "probability" : 0.0
      }, {
        "activityType" : "IN_WHEELCHAIR",
        "probability" : 0.0
      }, {
        "activityType" : "BOATING",
        "probability" : 0.0
      }, {
        "activityType" : "MOTORCYCLING",
        "probability" : 0.0
      }, {
        "activityType" : "IN_GONDOLA_LIFT",
        "probability" : 0.0
      }, {
        "activityType" : "WALKING_NORDIC",
        "probability" : 0.0
      }, {
        "activityType" : "SWIMMING",
        "probability" : 0.0
      }, {
        "activityType" : "SURFING",
        "probability" : 0.0
      }, {
        "activityType" : "SNOWSHOEING",
        "probability" : 0.0
      }, {
        "activityType" : "SNOWMOBILE",
        "probability" : 0.0
      }, {
        "activityType" : "SNOWBOARDING",
        "probability" : 0.0
      }, {
        "activityType" : "SLEDDING",
        "probability" : 0.0
      }, {
        "activityType" : "SKATEBOARDING",
        "probability" : 0.0
      }, {
        "activityType" : "SKIING",
        "probability" : 0.0
      }, {
        "activityType" : "SKATING",
        "probability" : 0.0
      }, {
        "activityType" : "SAILING",
        "probability" : 0.0
      }, {
        "activityType" : "ROWING",
        "probability" : 0.0
      }, {
        "activityType" : "KITESURFING",
        "probability" : 0.0
      }, {
        "activityType" : "KAYAKING",
        "probability" : 0.0
      }, {
        "activityType" : "HIKING",
        "probability" : 0.0
      }, {
        "activityType" : "IN_FUNICULAR",
        "probability" : 0.0
      }, {
        "activityType" : "IN_CABLECAR",
        "probability" : 0.0
      }, {
        "activityType" : "IN_FERRY",
        "probability" : 0.0
      }, {
        "activityType" : "IN_TRAM",
        "probability" : 0.0
      }, {
        "activityType" : "IN_SUBWAY",
        "probability" : 0.0
      }, {
        "activityType" : "IN_TRAIN",
        "probability" : 0.0
      }, {
        "activityType" : "IN_BUS",
        "probability" : 0.0
      }, {
        "activityType" : "RUNNING",
        "probability" : 0.0
      } ],
      "waypointPath" : {
        "waypoints" : [ {
          "latE7" : 423526039,
          "lngE7" : -711319808
        }, {
          "latE7" : 423365325,
          "lngE7" : -711211929
        }, {
          "latE7" : 423325767,
          "lngE7" : -711269454
        }, {
          "latE7" : 423343429,
          "lngE7" : -711449890
        } ]
      },
      "simplifiedRawPath" : {
        "points" : [ {
          "latE7" : 423364868,
          "lngE7" : -711212692,
          "timestampMs" : "1461031103836",
          "accuracyMeters" : 50
        }, {
          "latE7" : 423323555,
          "lngE7" : -711271057,
          "timestampMs" : "1461031205545",
          "accuracyMeters" : 57
        } ]
      },
      "editConfirmationStatus" : "NOT_CONFIRMED"
    }
  }, {
    "activitySegment" : {
      "startLocation" : {
        "latitudeE7" : 423345946,
        "longitudeE7" : -711436206
      },
      "endLocation" : {
        "latitudeE7" : 423345359,
        "longitudeE7" : -711458264
      },
      "duration" : {
        "startTimestampMs" : "1461031392431",
        "endTimestampMs" : "1461031574468"
      },
      "distance" : 264,
      "confidence" : "MEDIUM",
      "activities" : [ {
        "activityType" : "WALKING",
        "probability" : 0.0
      }, {
        "activityType" : "CYCLING",
        "probability" : 0.0
      }, {
        "activityType" : "IN_VEHICLE",
        "probability" : 0.0
      }, {
        "activityType" : "FLYING",
        "probability" : 0.0
      }, {
        "activityType" : "RUNNING",
        "probability" : 0.0
      }, {
        "activityType" : "IN_BUS",
        "probability" : 0.0
      }, {
        "activityType" : "IN_TRAIN",
        "probability" : 0.0
      }, {
        "activityType" : "IN_SUBWAY",
        "probability" : 0.0
      }, {
        "activityType" : "IN_TRAM",
        "probability" : 0.0
      }, {
        "activityType" : "IN_FERRY",
        "probability" : 0.0
      }, {
        "activityType" : "IN_CABLECAR",
        "probability" : 0.0
      }, {
        "activityType" : "IN_FUNICULAR",
        "probability" : 0.0
      }, {
        "activityType" : "HIKING",
        "probability" : 0.0
      }, {
        "activityType" : "KAYAKING",
        "probability" : 0.0
      }, {
        "activityType" : "KITESURFING",
        "probability" : 0.0
      }, {
        "activityType" : "ROWING",
        "probability" : 0.0
      }, {
        "activityType" : "SAILING",
        "probability" : 0.0
      }, {
        "activityType" : "SKATING",
        "probability" : 0.0
      }, {
        "activityType" : "SKIING",
        "probability" : 0.0
      }, {
        "activityType" : "SKATEBOARDING",
        "probability" : 0.0
      }, {
        "activityType" : "SLEDDING",
        "probability" : 0.0
      }, {
        "activityType" : "SNOWBOARDING",
        "probability" : 0.0
      }, {
        "activityType" : "SNOWMOBILE",
        "probability" : 0.0
      }, {
        "activityType" : "SNOWSHOEING",
        "probability" : 0.0
      }, {
        "activityType" : "SURFING",
        "probability" : 0.0
      }, {
        "activityType" : "SWIMMING",
        "probability" : 0.0
      }, {
        "activityType" : "WALKING_NORDIC",
        "probability" : 0.0
      }, {
        "activityType" : "IN_PASSENGER_VEHICLE",
        "probability" : 0.0
      }, {
        "activityType" : "MOTORCYCLING",
        "probability" : 0.0
      }, {
        "activityType" : "BOATING",
        "probability" : 0.0
      }, {
        "activityType" : "IN_WHEELCHAIR",
        "probability" : 0.0
      }, {
        "activityType" : "HORSEBACK_RIDING",
        "probability" : 0.0
      }, {
        "activityType" : "IN_GONDOLA_LIFT",
        "probability" : 0.0
      } ],
      "waypointPath" : {
        "waypoints" : [ {
          "latE7" : 423346824,
          "lngE7" : -711435394
        }, {
          "latE7" : 423344650,
          "lngE7" : -711459197
        } ]
      },
      "editConfirmationStatus" : "NOT_CONFIRMED"
    }
  } ]
}