{
  "timelineObjects" : [ {
    "placeVisit" : {
      "location" : {
        "latitudeE7" : 423465686,
        "longitudeE7" : -725289236,
        "placeId" : "ChIJays8c-fR5okRmylZzDik75U",
        "address" : "561 Riverglade Dr\nAmherst, MA 01002\nUSA",
        "name" : "561 Riverglade Dr",
        "sourceInfo" : {
          "deviceTag" : 2132793100
        },
        "locationConfidence" : 99.0316
      },
      "duration" : {
        "startTimestampMs" : "1454285178607",
        "endTimestampMs" : "1454337379055"
      },
      "centerLatE7" : 423465682,
      "centerLngE7" : -725289441,
      "visitConfidence" : 86,
      "otherCandidateLocations" : [ {
        "latitudeE7" : 423459330,
        "longitudeE7" : -725293230,
        "placeId" : "ChIJVa99eOfR5okRncqPCmM3Aw4",
        "name" : "Mill Valley Estates Rental Office",
        "locationConfidence" : 0.89748335
      }, {
        "latitudeE7" : 423431130,
        "longitudeE7" : -725286730,
        "placeId" : "ChIJF6F6DN3R5okRH4HUlB2jn9c",
        "name" : "Hickory Ridge Golf Club",
        "locationConfidence" : 0.03665669
      }, {
        "latitudeE7" : 423426926,
        "longitudeE7" : -725326909,
        "placeId" : "ChIJgXrYPSLO5okR4VmEvIvRRAM",
        "name" : "Hickory Ridge Maintenance Department",
        "locationConfidence" : 0.025956256
      }, {
        "latitudeE7" : 423491470,
        "longitudeE7" : -725305880,
        "placeId" : "ChIJX8ukQebR5okRrKsMSKWYSHI",
        "name" : "Southpoint Townhouses & Apartments",
        "locationConfidence" : 0.0066925134
      }, {
        "latitudeE7" : 423476796,
        "longitudeE7" : -725258161,
        "placeId" : "ChIJ6c4jL-HR5okR48RXyx0zaPM",
        "name" : "All About Learning LLC",
        "locationConfidence" : 0.0011465787
      }, {
        "latitudeE7" : 423490560,
        "longitudeE7" : -725288770,
        "placeId" : "ChIJwwrBjObR5okRZb2UYPI5gog",
        "name" : "The Boulders (157)",
        "locationConfidence" : 3.930059E-4
      }, {
        "latitudeE7" : 423478990,
        "longitudeE7" : -725322280,
        "placeId" : "ChIJ_UY21ufR5okRAEZECBk5c3w",
        "name" : "Cameron Painting Inc",
        "locationConfidence" : 7.0774106E-5
      } ],
      "editConfirmationStatus" : "NOT_CONFIRMED"
    }
  }, {
    "activitySegment" : {
      "startLocation" : {
        "latitudeE7" : 423465686,
        "longitudeE7" : -725289236,
        "placeId" : "ChIJays8c-fR5okRmylZzDik75U",
        "address" : "561 Riverglade Dr\nAmherst, MA 01002\nUSA",
        "name" : "561 Riverglade Dr",
        "sourceInfo" : {
          "deviceTag" : 2132793100
        },
        "locationConfidence" : 99.0316
      },
      "endLocation" : {
        "latitudeE7" : 423912948,
        "longitudeE7" : -725250123
      },
      "duration" : {
        "startTimestampMs" : "1454337379055",
        "endTimestampMs" : "1454338667795"
      },
      "confidence" : "MEDIUM",
      "activities" : [ {
        "activityType" : "IN_PASSENGER_VEHICLE",
        "probability" : 0.0
      }, {
        "activityType" : "IN_VEHICLE",
        "probability" : 0.0
      }, {
        "activityType" : "CYCLING",
        "probability" : 0.0
      }, {
        "activityType" : "WALKING",
        "probability" : 0.0
      }, {
        "activityType" : "FLYING",
        "probability" : 0.0
      }, {
        "activityType" : "SKATEBOARDING",
        "probability" : 0.0
      }, {
        "activityType" : "IN_GONDOLA_LIFT",
        "probability" : 0.0
      }, {
        "activityType" : "SLEDDING",
        "probability" : 0.0
      }, {
        "activityType" : "SNOWBOARDING",
        "probability" : 0.0
      }, {
        "activityType" : "SNOWMOBILE",
        "probability" : 0.0
      }, {
        "activityType" : "SNOWSHOEING",
        "probability" : 0.0
      }, {
        "activityType" : "SURFING",
        "probability" : 0.0
      }, {
        "activityType" : "SWIMMING",
        "probability" : 0.0
      }, {
        "activityType" : "WALKING_NORDIC",
        "probability" : 0.0
      }, {
        "activityType" : "MOTORCYCLING",
        "probability" : 0.0
      }, {
        "activityType" : "BOATING",
        "probability" : 0.0
      }, {
        "activityType" : "IN_WHEELCHAIR",
        "probability" : 0.0
      }, {
        "activityType" : "HORSEBACK_RIDING",
        "probability" : 0.0
      }, {
        "activityType" : "SKIING",
        "probability" : 0.0
      }, {
        "activityType" : "SKATING",
        "probability" : 0.0
      }, {
        "activityType" : "SAILING",
        "probability" : 0.0
      }, {
        "activityType" : "ROWING",
        "probability" : 0.0
      }, {
        "activityType" : "KITESURFING",
        "probability" : 0.0
      }, {
        "activityType" : "KAYAKING",
        "probability" : 0.0
      }, {
        "activityType" : "HIKING",
        "probability" : 0.0
      }, {
        "activityType" : "IN_FUNICULAR",
        "probability" : 0.0
      }, {
        "activityType" : "IN_CABLECAR",
        "probability" : 0.0
      }, {
        "activityType" : "IN_FERRY",
        "probability" : 0.0
      }, {
        "activityType" : "IN_TRAM",
        "probability" : 0.0
      }, {
        "activityType" : "IN_SUBWAY",
        "probability" : 0.0
      }, {
        "activityType" : "IN_TRAIN",
        "probability" : 0.0
      }, {
        "activityType" : "IN_BUS",
        "probability" : 0.0
      }, {
        "activityType" : "RUNNING",
        "probability" : 0.0
      } ],
      "waypointPath" : {
        "waypoints" : [ {
          "latE7" : 423467445,
          "lngE7" : -725287857
        }, {
          "latE7" : 423465423,
          "lngE7" : -725301055
        }, {
          "latE7" : 423487510,
          "lngE7" : -725288925
        }, {
          "latE7" : 423515243,
          "lngE7" : -725300064
        }, {
          "latE7" : 423658065,
          "lngE7" : -725204162
        }, {
          "latE7" : 423912086,
          "lngE7" : -725249938
        } ]
      },
      "simplifiedRawPath" : {
        "points" : [ {
          "latE7" : 423465385,
          "lngE7" : -725301437,
          "timestampMs" : "1454337379055",
          "accuracyMeters" : 19
        }, {
          "latE7" : 423488312,
          "lngE7" : -725285721,
          "timestampMs" : "1454337512304",
          "accuracyMeters" : 21
        }, {
          "latE7" : 423513336,
          "lngE7" : -725300064,
          "timestampMs" : "1454337688555",
          "accuracyMeters" : 20
        }, {
          "latE7" : 423657646,
          "lngE7" : -725206680,
          "timestampMs" : "1454337942571",
          "accuracyMeters" : 19
        } ]
      },
      "editConfirmationStatus" : "NOT_CONFIRMED"
    }
  }, {
    "activitySegment" : {
      "startLocation" : {
        "latitudeE7" : 423912220,
        "longitudeE7" : -725249706
      },
      "endLocation" : {
        "latitudeE7" : 423873092,
        "longitudeE7" : -725306610,
        "placeId" : "ChIJ1y92NnLS5okR3YU6G7C2UL0",
        "address" : "Tobin Hall\n135 Hicks Way\nAmherst, MA 01003\nUSA",
        "name" : "Tobin Hall",
        "sourceInfo" : {
          "deviceTag" : 2132793100
        },
        "locationConfidence" : 80.864586
      },
      "duration" : {
        "startTimestampMs" : "1454338667795",
        "endTimestampMs" : "1454339078155"
      },
      "confidence" : "MEDIUM",
      "activities" : [ {
        "activityType" : "WALKING",
        "probability" : 0.0
      }, {
        "activityType" : "CYCLING",
        "probability" : 0.0
      }, {
        "activityType" : "IN_VEHICLE",
        "probability" : 0.0
      }, {
        "activityType" : "FLYING",
        "probability" : 0.0
      }, {
        "activityType" : "RUNNING",
        "probability" : 0.0
      }, {
        "activityType" : "IN_BUS",
        "probability" : 0.0
      }, {
        "activityType" : "IN_TRAIN",
        "probability" : 0.0
      }, {
        "activityType" : "IN_SUBWAY",
        "probability" : 0.0
      }, {
        "activityType" : "IN_TRAM",
        "probability" : 0.0
      }, {
        "activityType" : "IN_FERRY",
        "probability" : 0.0
      }, {
        "activityType" : "IN_CABLECAR",
        "probability" : 0.0
      }, {
        "activityType" : "IN_FUNICULAR",
        "probability" : 0.0
      }, {
        "activityType" : "HIKING",
        "probability" : 0.0
      }, {
        "activityType" : "KAYAKING",
        "probability" : 0.0
      }, {
        "activityType" : "KITESURFING",
        "probability" : 0.0
      }, {
        "activityType" : "ROWING",
        "probability" : 0.0
      }, {
        "activityType" : "SAILING",
        "probability" : 0.0
      }, {
        "activityType" : "SKATING",
        "probability" : 0.0
      }, {
        "activityType" : "SKIING",
        "probability" : 0.0
      }, {
        "activityType" : "SKATEBOARDING",
        "probability" : 0.0
      }, {
        "activityType" : "SLEDDING",
        "probability" : 0.0
      }, {
        "activityType" : "SNOWBOARDING",
        "probability" : 0.0
      }, {
        "activityType" : "SNOWMOBILE",
        "probability" : 0.0
      }, {
        "activityType" : "SNOWSHOEING",
        "probability" : 0.0
      }, {
        "activityType" : "SURFING",
        "probability" : 0.0
      }, {
        "activityType" : "SWIMMING",
        "probability" : 0.0
      }, {
        "activityType" : "WALKING_NORDIC",
        "probability" : 0.0
      }, {
        "activityType" : "IN_PASSENGER_VEHICLE",
        "probability" : 0.0
      }, {
        "activityType" : "MOTORCYCLING",
        "probability" : 0.0
      }, {
        "activityType" : "BOATING",
        "probability" : 0.0
      }, {
        "activityType" : "IN_WHEELCHAIR",
        "probability" : 0.0
      }, {
        "activityType" : "HORSEBACK_RIDING",
        "probability" : 0.0
      }, {
        "activityType" : "IN_GONDOLA_LIFT",
        "probability" : 0.0
      } ],
      "waypointPath" : {
        "waypoints" : [ {
          "latE7" : 423912124,
          "lngE7" : -725249710
        }, {
          "latE7" : 423896789,
          "lngE7" : -725285110
        }, {
          "latE7" : 423892402,
          "lngE7" : -725303573
        } ]
      },
      "simplifiedRawPath" : {
        "points" : [ {
          "latE7" : 423897209,
          "lngE7" : -725283356,
          "timestampMs" : "1454338957210",
          "accuracyMeters" : 21
        } ]
      },
      "editConfirmationStatus" : "NOT_CONFIRMED"
    }
  }, {
    "placeVisit" : {
      "location" : {
        "latitudeE7" : 423873092,
        "longitudeE7" : -725306610,
        "placeId" : "ChIJ1y92NnLS5okR3YU6G7C2UL0",
        "address" : "Tobin Hall\n135 Hicks Way\nAmherst, MA 01003\nUSA",
        "name" : "Tobin Hall",
        "sourceInfo" : {
          "deviceTag" : 2132793100
        },
        "locationConfidence" : 80.864586
      },
      "duration" : {
        "startTimestampMs" : "1454339078155",
        "endTimestampMs" : "1454342360866"
      },
      "centerLatE7" : 423891890,
      "centerLngE7" : -725302677,
      "visitConfidence" : 71,
      "otherCandidateLocations" : [ {
        "latitudeE7" : 423911570,
        "longitudeE7" : -725267120,
        "placeId" : "ChIJZfjw5HPS5okRBY4UiWBY1qA",
        "semanticType" : "TYPE_WORK",
        "locationConfidence" : 12.32229
      }, {
        "latitudeE7" : 423878694,
        "longitudeE7" : -725306802,
        "placeId" : "ChIJp1rVeHHS5okRWaCPuTjWT2Q",
        "name" : "Commonwealth Honors College",
        "locationConfidence" : 1.7160066
      }, {
        "latitudeE7" : 423900158,
        "longitudeE7" : -725299477,
        "placeId" : "ChIJWaMxBHHS5okREXwPsXHs57w",
        "name" : "Department of Communication",
        "locationConfidence" : 1.4022753
      }, {
        "latitudeE7" : 423888627,
        "longitudeE7" : -725316685,
        "placeId" : "ChIJX7Ac-XHS5okRFt3W3OIfRy8",
        "name" : "Courtside Café",
        "locationConfidence" : 1.116972
      }, {
        "latitudeE7" : 423898130,
        "longitudeE7" : -725282500,
        "placeId" : "ChIJMRZ8unHS5okR6-kaDNvl4P0",
        "name" : "Du Bois Library",
        "locationConfidence" : 0.4876951
      }, {
        "latitudeE7" : 423888763,
        "longitudeE7" : -725316777,
        "placeId" : "ChIJm5WTA3LS5okRGktyXeCypmQ",
        "name" : "UMass Campus Recreation Center",
        "locationConfidence" : 0.42878237
      }, {
        "latitudeE7" : 423882047,
        "longitudeE7" : -725305302,
        "placeId" : "ChIJI1xzI3LS5okRPfFDuFjPbeQ",
        "name" : "Roots Café",
        "locationConfidence" : 0.38736913
      }, {
        "latitudeE7" : 423904631,
        "longitudeE7" : -725304180,
        "placeId" : "ChIJ5WycsHHS5okRS1nFWKA2u3o",
        "name" : "University of Massachusetts Outing Club (UMOC)",
        "locationConfidence" : 0.3700026
      }, {
        "latitudeE7" : 423877835,
        "longitudeE7" : -725305903,
        "placeId" : "ChIJKzYkPHLS5okRsoOSJRgQ2YE",
        "name" : "Commonwealth Honors College Residential Community",
        "locationConfidence" : 0.33152634
      } ],
      "editConfirmationStatus" : "NOT_CONFIRMED"
    }
  }, {
    "activitySegment" : {
      "startLocation" : {
        "latitudeE7" : 423891733,
        "longitudeE7" : -725303267
      },
      "endLocation" : {
        "latitudeE7" : 423898130,
        "longitudeE7" : -725282500,
        "placeId" : "ChIJMRZ8unHS5okR6-kaDNvl4P0",
        "address" : "154 Hicks Way\nAmherst, MA 01003\nUSA",
        "name" : "W. E. B. Du Bois Library",
        "sourceInfo" : {
          "deviceTag" : 2132793100
        },
        "locationConfidence" : 87.55357
      },
      "duration" : {
        "startTimestampMs" : "1454342360866",
        "endTimestampMs" : "1454342499849"
      },
      "confidence" : "MEDIUM",
      "activities" : [ {
        "activityType" : "WALKING",
        "probability" : 0.0
      }, {
        "activityType" : "IN_VEHICLE",
        "probability" : 0.0
      }, {
        "activityType" : "CYCLING",
        "probability" : 0.0
      }, {
        "activityType" : "FLYING",
        "probability" : 0.0
      }, {
        "activityType" : "RUNNING",
        "probability" : 0.0
      }, {
        "activityType" : "IN_BUS",
        "probability" : 0.0
      }, {
        "activityType" : "IN_TRAIN",
        "probability" : 0.0
      }, {
        "activityType" : "IN_SUBWAY",
        "probability" : 0.0
      }, {
        "activityType" : "IN_TRAM",
        "probability" : 0.0
      }, {
        "activityType" : "IN_FERRY",
        "probability" : 0.0
      }, {
        "activityType" : "IN_CABLECAR",
        "probability" : 0.0
      }, {
        "activityType" : "IN_FUNICULAR",
        "probability" : 0.0
      }, {
        "activityType" : "HIKING",
        "probability" : 0.0
      }, {
        "activityType" : "KAYAKING",
        "probability" : 0.0
      }, {
        "activityType" : "KITESURFING",
        "probability" : 0.0
      }, {
        "activityType" : "ROWING",
        "probability" : 0.0
      }, {
        "activityType" : "SAILING",
        "probability" : 0.0
      }, {
        "activityType" : "SKATING",
        "probability" : 0.0
      }, {
        "activityType" : "SKIING",
        "probability" : 0.0
      }, {
        "activityType" : "SKATEBOARDING",
        "probability" : 0.0
      }, {
        "activityType" : "SLEDDING",
        "probability" : 0.0
      }, {
        "activityType" : "SNOWBOARDING",
        "probability" : 0.0
      }, {
        "activityType" : "SNOWMOBILE",
        "probability" : 0.0
      }, {
        "activityType" : "SNOWSHOEING",
        "probability" : 0.0
      }, {
        "activityType" : "SURFING",
        "probability" : 0.0
      }, {
        "activityType" : "SWIMMING",
        "probability" : 0.0
      }, {
        "activityType" : "WALKING_NORDIC",
        "probability" : 0.0
      }, {
        "activityType" : "IN_PASSENGER_VEHICLE",
        "probability" : 0.0
      }, {
        "activityType" : "MOTORCYCLING",
        "probability" : 0.0
      }, {
        "activityType" : "BOATING",
        "probability" : 0.0
      }, {
        "activityType" : "IN_WHEELCHAIR",
        "probability" : 0.0
      }, {
        "activityType" : "HORSEBACK_RIDING",
        "probability" : 0.0
      }, {
        "activityType" : "IN_GONDOLA_LIFT",
        "probability" : 0.0
      } ],
      "waypointPath" : {
        "waypoints" : [ {
          "latE7" : 423892402,
          "lngE7" : -725303573
        }, {
          "latE7" : 423897056,
          "lngE7" : -725285186
        } ]
      },
      "editConfirmationStatus" : "NOT_CONFIRMED"
    }
  }, {
    "placeVisit" : {
      "location" : {
        "latitudeE7" : 423898130,
        "longitudeE7" : -725282500,
        "placeId" : "ChIJMRZ8unHS5okR6-kaDNvl4P0",
        "address" : "154 Hicks Way\nAmherst, MA 01003\nUSA",
        "name" : "W. E. B. Du Bois Library",
        "sourceInfo" : {
          "deviceTag" : 2132793100
        },
        "locationConfidence" : 87.55357
      },
      "duration" : {
        "startTimestampMs" : "1454342499849",
        "endTimestampMs" : "1454346491443"
      },
      "centerLatE7" : 423897796,
      "centerLngE7" : -725281896,
      "visitConfidence" : 77,
      "otherCandidateLocations" : [ {
        "latitudeE7" : 423911570,
        "longitudeE7" : -725267120,
        "placeId" : "ChIJZfjw5HPS5okRBY4UiWBY1qA",
        "semanticType" : "TYPE_WORK",
        "locationConfidence" : 7.6091313
      }, {
        "latitudeE7" : 423873092,
        "longitudeE7" : -725306610,
        "placeId" : "ChIJqQNYNnLS5okR29aRiWLDykU",
        "locationConfidence" : 3.6677916
      }, {
        "latitudeE7" : 423917780,
        "longitudeE7" : -725270041,
        "placeId" : "ChIJjZX-x3DS5okRPrVEgx1_S6o",
        "name" : "Blue Wall",
        "locationConfidence" : 0.47240597
      }, {
        "latitudeE7" : 423878694,
        "longitudeE7" : -725306802,
        "placeId" : "ChIJp1rVeHHS5okRWaCPuTjWT2Q",
        "name" : "Commonwealth Honors College",
        "locationConfidence" : 0.19526088
      }, {
        "latitudeE7" : 423900158,
        "longitudeE7" : -725299477,
        "placeId" : "ChIJWaMxBHHS5okREXwPsXHs57w",
        "name" : "Department of Communication",
        "locationConfidence" : 0.103656396
      }, {
        "latitudeE7" : 423898131,
        "longitudeE7" : -725282498,
        "placeId" : "ChIJVTzzE3HS5okR6RV8OG1uXrU",
        "name" : "Procrastination Station",
        "locationConfidence" : 0.076427825
      }, {
        "latitudeE7" : 423919464,
        "longitudeE7" : -725267895,
        "placeId" : "ChIJiY1yynDS5okRToJpDdNX5dw",
        "name" : "UPub",
        "locationConfidence" : 0.062163107
      }, {
        "latitudeE7" : 423877835,
        "longitudeE7" : -725305903,
        "placeId" : "ChIJKzYkPHLS5okRsoOSJRgQ2YE",
        "name" : "Commonwealth Honors College Residential Community",
        "locationConfidence" : 0.04660037
      }, {
        "latitudeE7" : 423882047,
        "longitudeE7" : -725305302,
        "placeId" : "ChIJI1xzI3LS5okRPfFDuFjPbeQ",
        "name" : "Roots Café",
        "locationConfidence" : 0.030231921
      } ],
      "editConfirmationStatus" : "NOT_CONFIRMED"
    }
  }, {
    "activitySegment" : {
      "startLocation" : {
        "latitudeE7" : 423897207,
        "longitudeE7" : -725281083
      },
      "endLocation" : {
        "latitudeE7" : 423891432,
        "longitudeE7" : -725299347
      },
      "duration" : {
        "startTimestampMs" : "1454346491443",
        "endTimestampMs" : "1454346655725"
      },
      "distance" : 252,
      "confidence" : "LOW",
      "activities" : [ {
        "activityType" : "WALKING",
        "probability" : 0.0
      }, {
        "activityType" : "CYCLING",
        "probability" : 0.0
      }, {
        "activityType" : "IN_VEHICLE",
        "probability" : 0.0
      }, {
        "activityType" : "FLYING",
        "probability" : 0.0
      }, {
        "activityType" : "RUNNING",
        "probability" : 0.0
      }, {
        "activityType" : "IN_BUS",
        "probability" : 0.0
      }, {
        "activityType" : "IN_TRAIN",
        "probability" : 0.0
      }, {
        "activityType" : "IN_SUBWAY",
        "probability" : 0.0
      }, {
        "activityType" : "IN_TRAM",
        "probability" : 0.0
      }, {
        "activityType" : "IN_FERRY",
        "probability" : 0.0
      }, {
        "activityType" : "IN_CABLECAR",
        "probability" : 0.0
      }, {
        "activityType" : "IN_FUNICULAR",
        "probability" : 0.0
      }, {
        "activityType" : "HIKING",
        "probability" : 0.0
      }, {
        "activityType" : "KAYAKING",
        "probability" : 0.0
      }, {
        "activityType" : "KITESURFING",
        "probability" : 0.0
      }, {
        "activityType" : "ROWING",
        "probability" : 0.0
      }, {
        "activityType" : "SAILING",
        "probability" : 0.0
      }, {
        "activityType" : "SKATING",
        "probability" : 0.0
      }, {
        "activityType" : "SKIING",
        "probability" : 0.0
      }, {
        "activityType" : "SKATEBOARDING",
        "probability" : 0.0
      }, {
        "activityType" : "SLEDDING",
        "probability" : 0.0
      }, {
        "activityType" : "SNOWBOARDING",
        "probability" : 0.0
      }, {
        "activityType" : "SNOWMOBILE",
        "probability" : 0.0
      }, {
        "activityType" : "SNOWSHOEING",
        "probability" : 0.0
      }, {
        "activityType" : "SURFING",
        "probability" : 0.0
      }, {
        "activityType" : "SWIMMING",
        "probability" : 0.0
      }, {
        "activityType" : "WALKING_NORDIC",
        "probability" : 0.0
      }, {
        "activityType" : "IN_PASSENGER_VEHICLE",
        "probability" : 0.0
      }, {
        "activityType" : "MOTORCYCLING",
        "probability" : 0.0
      }, {
        "activityType" : "BOATING",
        "probability" : 0.0
      }, {
        "activityType" : "IN_WHEELCHAIR",
        "probability" : 0.0
      }, {
        "activityType" : "HORSEBACK_RIDING",
        "probability" : 0.0
      }, {
        "activityType" : "IN_GONDOLA_LIFT",
        "probability" : 0.0
      } ],
      "waypointPath" : {
        "waypoints" : [ {
          "latE7" : 423897552,
          "lngE7" : -725278549
        }, {
          "latE7" : 423891601,
          "lngE7" : -725299530
        } ]
      },
      "editConfirmationStatus" : "NOT_CONFIRMED"
    }
  }, {
    "placeVisit" : {
      "location" : {
        "latitudeE7" : 423873092,
        "longitudeE7" : -725306610,
        "placeId" : "ChIJ1y92NnLS5okR3YU6G7C2UL0",
        "address" : "Tobin Hall\n135 Hicks Way\nAmherst, MA 01003\nUSA",
        "name" : "Tobin Hall",
        "sourceInfo" : {
          "deviceTag" : 2132793100
        },
        "locationConfidence" : 82.4789
      },
      "duration" : {
        "startTimestampMs" : "1454346655725",
        "endTimestampMs" : "1454350206321"
      },
      "centerLatE7" : 423891261,
      "centerLngE7" : -725300600,
      "visitConfidence" : 77,
      "otherCandidateLocations" : [ {
        "latitudeE7" : 423911570,
        "longitudeE7" : -725267120,
        "placeId" : "ChIJZfjw5HPS5okRBY4UiWBY1qA",
        "semanticType" : "TYPE_WORK",
        "locationConfidence" : 9.737022
      }, {
        "latitudeE7" : 423900158,
        "longitudeE7" : -725299477,
        "placeId" : "ChIJWaMxBHHS5okREXwPsXHs57w",
        "name" : "Department of Communication",
        "locationConfidence" : 2.0281293
      }, {
        "latitudeE7" : 423878694,
        "longitudeE7" : -725306802,
        "placeId" : "ChIJp1rVeHHS5okRWaCPuTjWT2Q",
        "name" : "Commonwealth Honors College",
        "locationConfidence" : 2.0006397
      }, {
        "latitudeE7" : 423898130,
        "longitudeE7" : -725282500,
        "placeId" : "ChIJMRZ8unHS5okR6-kaDNvl4P0",
        "name" : "Du Bois Library",
        "locationConfidence" : 0.72029305
      }, {
        "latitudeE7" : 423888627,
        "longitudeE7" : -725316685,
        "placeId" : "ChIJX7Ac-XHS5okRFt3W3OIfRy8",
        "name" : "Courtside Café",
        "locationConfidence" : 0.57603294
      }, {
        "latitudeE7" : 423882047,
        "longitudeE7" : -725305302,
        "placeId" : "ChIJI1xzI3LS5okRPfFDuFjPbeQ",
        "name" : "Roots Café",
        "locationConfidence" : 0.57313
      }, {
        "latitudeE7" : 423888763,
        "longitudeE7" : -725316777,
        "placeId" : "ChIJm5WTA3LS5okRGktyXeCypmQ",
        "name" : "UMass Campus Recreation Center",
        "locationConfidence" : 0.47901383
      }, {
        "latitudeE7" : 423877835,
        "longitudeE7" : -725305903,
        "placeId" : "ChIJKzYkPHLS5okRsoOSJRgQ2YE",
        "name" : "Commonwealth Honors College Residential Community",
        "locationConfidence" : 0.4030537
      }, {
        "latitudeE7" : 423904631,
        "longitudeE7" : -725304180,
        "placeId" : "ChIJ5WycsHHS5okRS1nFWKA2u3o",
        "name" : "University of Massachusetts Outing Club (UMOC)",
        "locationConfidence" : 0.40246797
      } ],
      "editConfirmationStatus" : "NOT_CONFIRMED"
    }
  }, {
    "activitySegment" : {
      "startLocation" : {
        "latitudeE7" : 423891447,
        "longitudeE7" : -725298226
      },
      "endLocation" : {
        "latitudeE7" : 423906366,
        "longitudeE7" : -725268143
      },
      "duration" : {
        "startTimestampMs" : "1454350218655",
        "endTimestampMs" : "1454350486863"
      },
      "distance" : 418,
      "confidence" : "LOW",
      "activities" : [ {
        "activityType" : "WALKING",
        "probability" : 0.0
      }, {
        "activityType" : "CYCLING",
        "probability" : 0.0
      }, {
        "activityType" : "IN_VEHICLE",
        "probability" : 0.0
      }, {
        "activityType" : "FLYING",
        "probability" : 0.0
      }, {
        "activityType" : "RUNNING",
        "probability" : 0.0
      }, {
        "activityType" : "IN_BUS",
        "probability" : 0.0
      }, {
        "activityType" : "IN_TRAIN",
        "probability" : 0.0
      }, {
        "activityType" : "IN_SUBWAY",
        "probability" : 0.0
      }, {
        "activityType" : "IN_TRAM",
        "probability" : 0.0
      }, {
        "activityType" : "IN_FERRY",
        "probability" : 0.0
      }, {
        "activityType" : "IN_CABLECAR",
        "probability" : 0.0
      }, {
        "activityType" : "IN_FUNICULAR",
        "probability" : 0.0
      }, {
        "activityType" : "HIKING",
        "probability" : 0.0
      }, {
        "activityType" : "KAYAKING",
        "probability" : 0.0
      }, {
        "activityType" : "KITESURFING",
        "probability" : 0.0
      }, {
        "activityType" : "ROWING",
        "probability" : 0.0
      }, {
        "activityType" : "SAILING",
        "probability" : 0.0
      }, {
        "activityType" : "SKATING",
        "probability" : 0.0
      }, {
        "activityType" : "SKIING",
        "probability" : 0.0
      }, {
        "activityType" : "SKATEBOARDING",
        "probability" : 0.0
      }, {
        "activityType" : "SLEDDING",
        "probability" : 0.0
      }, {
        "activityType" : "SNOWBOARDING",
        "probability" : 0.0
      }, {
        "activityType" : "SNOWMOBILE",
        "probability" : 0.0
      }, {
        "activityType" : "SNOWSHOEING",
        "probability" : 0.0
      }, {
        "activityType" : "SURFING",
        "probability" : 0.0
      }, {
        "activityType" : "SWIMMING",
        "probability" : 0.0
      }, {
        "activityType" : "WALKING_NORDIC",
        "probability" : 0.0
      }, {
        "activityType" : "IN_PASSENGER_VEHICLE",
        "probability" : 0.0
      }, {
        "activityType" : "MOTORCYCLING",
        "probability" : 0.0
      }, {
        "activityType" : "BOATING",
        "probability" : 0.0
      }, {
        "activityType" : "IN_WHEELCHAIR",
        "probability" : 0.0
      }, {
        "activityType" : "HORSEBACK_RIDING",
        "probability" : 0.0
      }, {
        "activityType" : "IN_GONDOLA_LIFT",
        "probability" : 0.0
      } ],
      "waypointPath" : {
        "waypoints" : [ {
          "latE7" : 423891868,
          "lngE7" : -725298385
        }, {
          "latE7" : 423898353,
          "lngE7" : -725278701
        }, {
          "latE7" : 423905334,
          "lngE7" : -725267868
        } ]
      },
      "simplifiedRawPath" : {
        "points" : [ {
          "latE7" : 423897629,
          "lngE7" : -725283890,
          "timestampMs" : "1454350337413",
          "accuracyMeters" : 50
        } ]
      },
      "editConfirmationStatus" : "NOT_CONFIRMED"
    }
  }, {
    "activitySegment" : {
      "startLocation" : {
        "latitudeE7" : 423906366,
        "longitudeE7" : -725268143
      },
      "endLocation" : {
        "latitudeE7" : 423906425,
        "longitudeE7" : -725249509
      },
      "duration" : {
        "startTimestampMs" : "1454350486863",
        "endTimestampMs" : "1455247994636"
      },
      "activityType" : "UNKNOWN_ACTIVITY_TYPE",
      "activities" : [ {
        "activityType" : "UNKNOWN_ACTIVITY_TYPE",
        "probability" : 0.0
      } ],
      "simplifiedRawPath" : {
        "points" : [ {
          "latE7" : 423908812,
          "lngE7" : -725255203,
          "timestampMs" : "1455247859879",
          "accuracyMeters" : 20
        } ]
      }
    }
  }, {
    "activitySegment" : {
      "startLocation" : {
        "latitudeE7" : 423906425,
        "longitudeE7" : -725249509
      },
      "endLocation" : {
        "latitudeE7" : 423496878,
        "longitudeE7" : -725285700
      },
      "duration" : {
        "startTimestampMs" : "1455247994636",
        "endTimestampMs" : "1455248704037"
      },
      "distance" : 4728,
      "confidence" : "MEDIUM",
      "activities" : [ {
        "activityType" : "IN_PASSENGER_VEHICLE",
        "probability" : 0.0
      }, {
        "activityType" : "IN_VEHICLE",
        "probability" : 0.0
      }, {
        "activityType" : "CYCLING",
        "probability" : 0.0
      }, {
        "activityType" : "WALKING",
        "probability" : 0.0
      }, {
        "activityType" : "FLYING",
        "probability" : 0.0
      }, {
        "activityType" : "RUNNING",
        "probability" : 0.0
      }, {
        "activityType" : "IN_BUS",
        "probability" : 0.0
      }, {
        "activityType" : "IN_TRAIN",
        "probability" : 0.0
      }, {
        "activityType" : "IN_SUBWAY",
        "probability" : 0.0
      }, {
        "activityType" : "IN_TRAM",
        "probability" : 0.0
      }, {
        "activityType" : "IN_FERRY",
        "probability" : 0.0
      }, {
        "activityType" : "IN_CABLECAR",
        "probability" : 0.0
      }, {
        "activityType" : "IN_FUNICULAR",
        "probability" : 0.0
      }, {
        "activityType" : "HIKING",
        "probability" : 0.0
      }, {
        "activityType" : "KAYAKING",
        "probability" : 0.0
      }, {
        "activityType" : "KITESURFING",
        "probability" : 0.0
      }, {
        "activityType" : "ROWING",
        "probability" : 0.0
      }, {
        "activityType" : "SAILING",
        "probability" : 0.0
      }, {
        "activityType" : "SKATING",
        "probability" : 0.0
      }, {
        "activityType" : "SKIING",
        "probability" : 0.0
      }, {
        "activityType" : "SKATEBOARDING",
        "probability" : 0.0
      }, {
        "activityType" : "SLEDDING",
        "probability" : 0.0
      }, {
        "activityType" : "SNOWBOARDING",
        "probability" : 0.0
      }, {
        "activityType" : "SNOWMOBILE",
        "probability" : 0.0
      }, {
        "activityType" : "SNOWSHOEING",
        "probability" : 0.0
      }, {
        "activityType" : "SURFING",
        "probability" : 0.0
      }, {
        "activityType" : "SWIMMING",
        "probability" : 0.0
      }, {
        "activityType" : "WALKING_NORDIC",
        "probability" : 0.0
      }, {
        "activityType" : "MOTORCYCLING",
        "probability" : 0.0
      }, {
        "activityType" : "BOATING",
        "probability" : 0.0
      }, {
        "activityType" : "IN_WHEELCHAIR",
        "probability" : 0.0
      }, {
        "activityType" : "HORSEBACK_RIDING",
        "probability" : 0.0
      }, {
        "activityType" : "IN_GONDOLA_LIFT",
        "probability" : 0.0
      } ],
      "waypointPath" : {
        "waypoints" : [ {
          "latE7" : 423906250,
          "lngE7" : -725251464
        }, {
          "latE7" : 423495521,
          "lngE7" : -725284118
        } ]
      },
      "editConfirmationStatus" : "NOT_CONFIRMED"
    }
  }, {
    "activitySegment" : {
      "startLocation" : {
        "latitudeE7" : 423497869,
        "longitudeE7" : -725284781
      },
      "endLocation" : {
        "latitudeE7" : 423466498,
        "longitudeE7" : -725289401
      },
      "duration" : {
        "startTimestampMs" : "1455248704037",
        "endTimestampMs" : "1455249018382"
      },
      "distance" : 489,
      "confidence" : "MEDIUM",
      "activities" : [ {
        "activityType" : "WALKING",
        "probability" : 0.0
      }, {
        "activityType" : "CYCLING",
        "probability" : 0.0
      }, {
        "activityType" : "IN_VEHICLE",
        "probability" : 0.0
      }, {
        "activityType" : "FLYING",
        "probability" : 0.0
      }, {
        "activityType" : "RUNNING",
        "probability" : 0.0
      }, {
        "activityType" : "IN_BUS",
        "probability" : 0.0
      }, {
        "activityType" : "IN_TRAIN",
        "probability" : 0.0
      }, {
        "activityType" : "IN_SUBWAY",
        "probability" : 0.0
      }, {
        "activityType" : "IN_TRAM",
        "probability" : 0.0
      }, {
        "activityType" : "IN_FERRY",
        "probability" : 0.0
      }, {
        "activityType" : "IN_CABLECAR",
        "probability" : 0.0
      }, {
        "activityType" : "IN_FUNICULAR",
        "probability" : 0.0
      }, {
        "activityType" : "HIKING",
        "probability" : 0.0
      }, {
        "activityType" : "KAYAKING",
        "probability" : 0.0
      }, {
        "activityType" : "KITESURFING",
        "probability" : 0.0
      }, {
        "activityType" : "ROWING",
        "probability" : 0.0
      }, {
        "activityType" : "SAILING",
        "probability" : 0.0
      }, {
        "activityType" : "SKATING",
        "probability" : 0.0
      }, {
        "activityType" : "SKIING",
        "probability" : 0.0
      }, {
        "activityType" : "SKATEBOARDING",
        "probability" : 0.0
      }, {
        "activityType" : "SLEDDING",
        "probability" : 0.0
      }, {
        "activityType" : "SNOWBOARDING",
        "probability" : 0.0
      }, {
        "activityType" : "SNOWMOBILE",
        "probability" : 0.0
      }, {
        "activityType" : "SNOWSHOEING",
        "probability" : 0.0
      }, {
        "activityType" : "SURFING",
        "probability" : 0.0
      }, {
        "activityType" : "SWIMMING",
        "probability" : 0.0
      }, {
        "activityType" : "WALKING_NORDIC",
        "probability" : 0.0
      }, {
        "activityType" : "IN_PASSENGER_VEHICLE",
        "probability" : 0.0
      }, {
        "activityType" : "MOTORCYCLING",
        "probability" : 0.0
      }, {
        "activityType" : "BOATING",
        "probability" : 0.0
      }, {
        "activityType" : "IN_WHEELCHAIR",
        "probability" : 0.0
      }, {
        "activityType" : "HORSEBACK_RIDING",
        "probability" : 0.0
      }, {
        "activityType" : "IN_GONDOLA_LIFT",
        "probability" : 0.0
      } ],
      "waypointPath" : {
        "waypoints" : [ {
          "latE7" : 423498382,
          "lngE7" : -725283432
        }, {
          "latE7" : 423467483,
          "lngE7" : -725287933
        } ]
      },
      "editConfirmationStatus" : "NOT_CONFIRMED"
    }
  }, {
    "placeVisit" : {
      "location" : {
        "latitudeE7" : 423465686,
        "longitudeE7" : -725289236,
        "placeId" : "ChIJays8c-fR5okRmylZzDik75U",
        "address" : "561 Riverglade Dr\nAmherst, MA 01002\nUSA",
        "name" : "561 Riverglade Dr",
        "sourceInfo" : {
          "deviceTag" : 2132793100
        },
        "locationConfidence" : 98.04891
      },
      "duration" : {
        "startTimestampMs" : "1455249576298",
        "endTimestampMs" : "1455292320534"
      },
      "centerLatE7" : 423466359,
      "centerLngE7" : -725288910,
      "visitConfidence" : 85,
      "otherCandidateLocations" : [ {
        "latitudeE7" : 423459330,
        "longitudeE7" : -725293230,
        "placeId" : "ChIJVa99eOfR5okRncqPCmM3Aw4",
        "name" : "Mill Valley Estates Rental Office",
        "locationConfidence" : 1.8261138
      }, {
        "latitudeE7" : 423431130,
        "longitudeE7" : -725286730,
        "placeId" : "ChIJF6F6DN3R5okRH4HUlB2jn9c",
        "name" : "Hickory Ridge Golf Club",
        "locationConfidence" : 0.055947024
      }, {
        "latitudeE7" : 423426926,
        "longitudeE7" : -725326909,
        "placeId" : "ChIJgXrYPSLO5okR4VmEvIvRRAM",
        "name" : "Hickory Ridge Maintenance Department",
        "locationConfidence" : 0.053113006
      }, {
        "latitudeE7" : 423491470,
        "longitudeE7" : -725305880,
        "placeId" : "ChIJX8ukQebR5okRrKsMSKWYSHI",
        "name" : "Southpoint Townhouses & Apartments",
        "locationConfidence" : 0.012021655
      }, {
        "latitudeE7" : 423476796,
        "longitudeE7" : -725258161,
        "placeId" : "ChIJ6c4jL-HR5okR48RXyx0zaPM",
        "name" : "All About Learning LLC",
        "locationConfidence" : 0.0023798633
      }, {
        "latitudeE7" : 423490560,
        "longitudeE7" : -725288770,
        "placeId" : "ChIJwwrBjObR5okRZb2UYPI5gog",
        "name" : "The Boulders (157)",
        "locationConfidence" : 0.0013825784
      }, {
        "latitudeE7" : 423478990,
        "longitudeE7" : -725322280,
        "placeId" : "ChIJ_UY21ufR5okRAEZECBk5c3w",
        "name" : "Cameron Painting Inc",
        "locationConfidence" : 1.2978847E-4
      } ],
      "editConfirmationStatus" : "NOT_CONFIRMED"
    }
  }, {
    "activitySegment" : {
      "startLocation" : {
        "latitudeE7" : 423465686,
        "longitudeE7" : -725289236,
        "placeId" : "ChIJays8c-fR5okRmylZzDik75U",
        "address" : "561 Riverglade Dr\nAmherst, MA 01002\nUSA",
        "name" : "561 Riverglade Dr",
        "sourceInfo" : {
          "deviceTag" : 2132793100
        },
        "locationConfidence" : 98.04891
      },
      "endLocation" : {
        "latitudeE7" : 422884377,
        "longitudeE7" : -711660597
      },
      "duration" : {
        "startTimestampMs" : "1455292320534",
        "endTimestampMs" : "1455294300670"
      },
      "confidence" : "MEDIUM",
      "activities" : [ {
        "activityType" : "IN_PASSENGER_VEHICLE",
        "probability" : 0.0
      }, {
        "activityType" : "IN_VEHICLE",
        "probability" : 0.0
      }, {
        "activityType" : "CYCLING",
        "probability" : 0.0
      }, {
        "activityType" : "WALKING",
        "probability" : 0.0
      }, {
        "activityType" : "FLYING",
        "probability" : 0.0
      }, {
        "activityType" : "SKATEBOARDING",
        "probability" : 0.0
      }, {
        "activityType" : "IN_GONDOLA_LIFT",
        "probability" : 0.0
      }, {
        "activityType" : "SLEDDING",
        "probability" : 0.0
      }, {
        "activityType" : "SNOWBOARDING",
        "probability" : 0.0
      }, {
        "activityType" : "SNOWMOBILE",
        "probability" : 0.0
      }, {
        "activityType" : "SNOWSHOEING",
        "probability" : 0.0
      }, {
        "activityType" : "SURFING",
        "probability" : 0.0
      }, {
        "activityType" : "SWIMMING",
        "probability" : 0.0
      }, {
        "activityType" : "WALKING_NORDIC",
        "probability" : 0.0
      }, {
        "activityType" : "MOTORCYCLING",
        "probability" : 0.0
      }, {
        "activityType" : "BOATING",
        "probability" : 0.0
      }, {
        "activityType" : "IN_WHEELCHAIR",
        "probability" : 0.0
      }, {
        "activityType" : "HORSEBACK_RIDING",
        "probability" : 0.0
      }, {
        "activityType" : "SKIING",
        "probability" : 0.0
      }, {
        "activityType" : "SKATING",
        "probability" : 0.0
      }, {
        "activityType" : "SAILING",
        "probability" : 0.0
      }, {
        "activityType" : "ROWING",
        "probability" : 0.0
      }, {
        "activityType" : "KITESURFING",
        "probability" : 0.0
      }, {
        "activityType" : "KAYAKING",
        "probability" : 0.0
      }, {
        "activityType" : "HIKING",
        "probability" : 0.0
      }, {
        "activityType" : "IN_FUNICULAR",
        "probability" : 0.0
      }, {
        "activityType" : "IN_CABLECAR",
        "probability" : 0.0
      }, {
        "activityType" : "IN_FERRY",
        "probability" : 0.0
      }, {
        "activityType" : "IN_TRAM",
        "probability" : 0.0
      }, {
        "activityType" : "IN_SUBWAY",
        "probability" : 0.0
      }, {
        "activityType" : "IN_TRAIN",
        "probability" : 0.0
      }, {
        "activityType" : "IN_BUS",
        "probability" : 0.0
      }, {
        "activityType" : "RUNNING",
        "probability" : 0.0
      } ],
      "waypointPath" : {
        "waypoints" : [ {
          "latE7" : 423467216,
          "lngE7" : -725284729
        }, {
          "latE7" : 423674545,
          "lngE7" : -725348052
        }, {
          "latE7" : 423903656,
          "lngE7" : -725323257
        }, {
          "latE7" : 423897895,
          "lngE7" : -725312118
        }, {
          "latE7" : 423893051,
          "lngE7" : -725286636
        } ]
      },
      "simplifiedRawPath" : {
        "points" : [ {
          "latE7" : 423674355,
          "lngE7" : -725349350,
          "timestampMs" : "1455292983126",
          "accuracyMeters" : 36
        }, {
          "latE7" : 423904533,
          "lngE7" : -725320969,
          "timestampMs" : "1455293745426",
          "accuracyMeters" : 36
        }, {
          "latE7" : 423897018,
          "lngE7" : -725311966,
          "timestampMs" : "1455293923026",
          "accuracyMeters" : 96
        } ]
      },
      "editConfirmationStatus" : "NOT_CONFIRMED"
    }
  }, {
    "activitySegment" : {
      "startLocation" : {
        "latitudeE7" : 423467499,
        "longitudeE7" : -725284719
      },
      "endLocation" : {
        "latitudeE7" : 422884377,
        "longitudeE7" : -711660597
      },
      "duration" : {
        "startTimestampMs" : "1455326298710",
        "endTimestampMs" : "1455326314243"
      },
      "distance" : 119366,
      "confidence" : "MEDIUM",
      "activities" : [ {
        "activityType" : "IN_PASSENGER_VEHICLE",
        "probability" : 0.0
      }, {
        "activityType" : "IN_VEHICLE",
        "probability" : 0.0
      }, {
        "activityType" : "CYCLING",
        "probability" : 0.0
      }, {
        "activityType" : "WALKING",
        "probability" : 0.0
      }, {
        "activityType" : "FLYING",
        "probability" : 0.0
      }, {
        "activityType" : "SKATEBOARDING",
        "probability" : 0.0
      }, {
        "activityType" : "IN_GONDOLA_LIFT",
        "probability" : 0.0
      }, {
        "activityType" : "SLEDDING",
        "probability" : 0.0
      }, {
        "activityType" : "SNOWBOARDING",
        "probability" : 0.0
      }, {
        "activityType" : "SNOWMOBILE",
        "probability" : 0.0
      }, {
        "activityType" : "SNOWSHOEING",
        "probability" : 0.0
      }, {
        "activityType" : "SURFING",
        "probability" : 0.0
      }, {
        "activityType" : "SWIMMING",
        "probability" : 0.0
      }, {
        "activityType" : "WALKING_NORDIC",
        "probability" : 0.0
      }, {
        "activityType" : "MOTORCYCLING",
        "probability" : 0.0
      }, {
        "activityType" : "BOATING",
        "probability" : 0.0
      }, {
        "activityType" : "IN_WHEELCHAIR",
        "probability" : 0.0
      }, {
        "activityType" : "HORSEBACK_RIDING",
        "probability" : 0.0
      }, {
        "activityType" : "SKIING",
        "probability" : 0.0
      }, {
        "activityType" : "SKATING",
        "probability" : 0.0
      }, {
        "activityType" : "SAILING",
        "probability" : 0.0
      }, {
        "activityType" : "ROWING",
        "probability" : 0.0
      }, {
        "activityType" : "KITESURFING",
        "probability" : 0.0
      }, {
        "activityType" : "KAYAKING",
        "probability" : 0.0
      }, {
        "activityType" : "HIKING",
        "probability" : 0.0
      }, {
        "activityType" : "IN_FUNICULAR",
        "probability" : 0.0
      }, {
        "activityType" : "IN_CABLECAR",
        "probability" : 0.0
      }, {
        "activityType" : "IN_FERRY",
        "probability" : 0.0
      }, {
        "activityType" : "IN_TRAM",
        "probability" : 0.0
      }, {
        "activityType" : "IN_SUBWAY",
        "probability" : 0.0
      }, {
        "activityType" : "IN_TRAIN",
        "probability" : 0.0
      }, {
        "activityType" : "IN_BUS",
        "probability" : 0.0
      }, {
        "activityType" : "RUNNING",
        "probability" : 0.0
      } ],
      "waypointPath" : {
        "waypoints" : [ {
          "latE7" : 423467216,
          "lngE7" : -725284729
        }, {
          "latE7" : 422883911,
          "lngE7" : -711661529
        } ]
      },
      "editConfirmationStatus" : "NOT_CONFIRMED"
    }
  } ]
}