{
  "timelineObjects" : [ {
    "placeVisit" : {
      "location" : {
        "latitudeE7" : 306909210,
        "longitudeE7" : -880394550,
        "placeId" : "ChIJk5yiL9pPmogRfOqY7xjbTio",
        "address" : "64 S Water St\nMobile, AL 36602\nUSA",
        "name" : "Renaissance Mobile Riverview Plaza Hotel",
        "sourceInfo" : {
          "deviceTag" : 1259109606
        },
        "locationConfidence" : 95.50011
      },
      "duration" : {
        "startTimestampMs" : "1512097037000",
        "endTimestampMs" : "1512134452544"
      },
      "placeConfidence" : "HIGH_CONFIDENCE",
      "centerLatE7" : 306909290,
      "centerLngE7" : -880394849,
      "visitConfidence" : 89,
      "otherCandidateLocations" : [ {
        "latitudeE7" : 306911488,
        "longitudeE7" : -880396576,
        "placeId" : "ChIJOWB0INpPmogRtciKCyTuu0o",
        "locationConfidence" : 4.0061293
      }, {
        "latitudeE7" : 306899360,
        "longitudeE7" : -880377187,
        "placeId" : "ChIJs-R5v9tPmogRb8S8Dc7KnA4",
        "name" : "Cooper Riverside Park",
        "locationConfidence" : 0.21021481
      }, {
        "latitudeE7" : 306905900,
        "longitudeE7" : -880406170,
        "placeId" : "ChIJjcGtEdpPmogR-8UYTcpo0Mo",
        "name" : "The Royal Scam",
        "locationConfidence" : 0.04710034
      }, {
        "latitudeE7" : 306909165,
        "longitudeE7" : -880395443,
        "placeId" : "ChIJt1LvutlPmogRrTeu6DvRCfg",
        "name" : "Hertz Mobile - Renaissance Riverview Plaza Hotel HLE",
        "locationConfidence" : 0.030304894
      }, {
        "latitudeE7" : 306918020,
        "longitudeE7" : -880399003,
        "placeId" : "ChIJAadtmtlPmogRGlXjCIcATsI",
        "name" : "Park First",
        "locationConfidence" : 0.020302122
      }, {
        "latitudeE7" : 306911702,
        "longitudeE7" : -880395487,
        "placeId" : "ChIJ_4SCJtpPmogRIVa9iPeY_k8",
        "name" : "mobile Convention Center, South Water Street, Mobile, AL",
        "locationConfidence" : 0.012059599
      }, {
        "latitudeE7" : 306930480,
        "longitudeE7" : -880408000,
        "placeId" : "ChIJk5yiL9pPmogR-WyLus1kFZQ",
        "name" : "The Battle House Renaissance Mobile Hotel & Spa",
        "locationConfidence" : 0.0079310015
      }, {
        "latitudeE7" : 306920081,
        "longitudeE7" : -880380157,
        "placeId" : "ChIJ2036ZNlPmogRNFG7OKtw9AM",
        "name" : "Visit Mobile Alabama",
        "locationConfidence" : 0.0074453223
      }, {
        "latitudeE7" : 306913196,
        "longitudeE7" : -880406701,
        "placeId" : "ChIJH2naA9pPmogR8dvIlcm6vfs",
        "name" : "Downtown General",
        "locationConfidence" : 0.005790304
      } ],
      "editConfirmationStatus" : "NOT_CONFIRMED"
    }
  }, {
    "activitySegment" : {
      "startLocation" : {
        "latitudeE7" : 423339330,
        "longitudeE7" : -711454843
      },
      "endLocation" : {
        "latitudeE7" : 423527073,
        "longitudeE7" : -711307792,
        "placeId" : "ChIJ2Uvfp8V544kR5MZX6pp4IiM",
        "address" : "116 Brighton Ave\nBoston, MA 02134\nUSA",
        "name" : "The Horse Allston",
        "sourceInfo" : {
          "deviceTag" : 1259109606
        },
        "locationConfidence" : 63.124477
      },
      "duration" : {
        "startTimestampMs" : "1512259200000",
        "endTimestampMs" : "1512334214259"
      },
      "activityType" : "IN_PASSENGER_VEHICLE",
      "confidence" : "MEDIUM",
      "activities" : [ {
        "activityType" : "IN_PASSENGER_VEHICLE",
        "probability" : 77.38466509373966
      }, {
        "activityType" : "WALKING",
        "probability" : 13.156721773589911
      }, {
        "activityType" : "IN_BUS",
        "probability" : 4.468034494112662
      } ],
      "waypointPath" : {
        "waypoints" : [ {
          "latE7" : 423339614,
          "lngE7" : -711454162
        }, {
          "latE7" : 423528976,
          "lngE7" : -711307830
        } ]
      },
      "editConfirmationStatus" : "NOT_CONFIRMED"
    }
  }, {
    "placeVisit" : {
      "location" : {
        "latitudeE7" : 423527073,
        "longitudeE7" : -711307792,
        "placeId" : "ChIJ2Uvfp8V544kR5MZX6pp4IiM",
        "address" : "116 Brighton Ave\nBoston, MA 02134\nUSA",
        "name" : "The Horse Allston",
        "sourceInfo" : {
          "deviceTag" : 1259109606
        },
        "locationConfidence" : 63.124477
      },
      "duration" : {
        "startTimestampMs" : "1512334214259",
        "endTimestampMs" : "1512336482054"
      },
      "placeConfidence" : "MEDIUM_CONFIDENCE",
      "centerLatE7" : 423532021,
      "centerLngE7" : -711312258,
      "visitConfidence" : 92,
      "otherCandidateLocations" : [ {
        "latitudeE7" : 423530893,
        "longitudeE7" : -711309331,
        "placeId" : "ChIJE1yxCcV544kRT4VT4R6rHzM",
        "name" : "Bonchon Chicken",
        "locationConfidence" : 11.442203
      }, {
        "latitudeE7" : 423531001,
        "longitudeE7" : -711311258,
        "placeId" : "ChIJ9apTCcV544kRKPljhTwfJrM",
        "name" : "Mala",
        "locationConfidence" : 8.911279
      }, {
        "latitudeE7" : 423526364,
        "longitudeE7" : -711322325,
        "placeId" : "ChIJebo3m8V544kR1ryP00WJm2I",
        "name" : "Blanchards - Allston",
        "locationConfidence" : 2.6824303
      }, {
        "latitudeE7" : 423521898,
        "longitudeE7" : -711321597,
        "placeId" : "ChIJufOplsV544kRS9wV7BxZkGg",
        "name" : "Kung Fu Tea - Allston",
        "locationConfidence" : 1.2473933
      }, {
        "latitudeE7" : 423530999,
        "longitudeE7" : -711311686,
        "placeId" : "ChIJqXVhCcV544kRW9_Owqj0_Hg",
        "name" : "Carlos Cucina Italiana",
        "locationConfidence" : 1.0987129
      }, {
        "latitudeE7" : 423526980,
        "longitudeE7" : -711318080,
        "placeId" : "ChIJw5sDCsV544kRn3D-uNnXp_A",
        "name" : "Patron's",
        "locationConfidence" : 1.0916355
      }, {
        "latitudeE7" : 423524608,
        "longitudeE7" : -711310703,
        "placeId" : "ChIJS0sZp8V544kRaggCN2addBs",
        "name" : "Urban Renewals",
        "locationConfidence" : 0.89151293
      }, {
        "latitudeE7" : 423532439,
        "longitudeE7" : -711311890,
        "placeId" : "ChIJZ7EVDMV544kRARN0Or8h6OQ",
        "locationConfidence" : 0.7559143
      }, {
        "latitudeE7" : 423533031,
        "longitudeE7" : -711326374,
        "placeId" : "ChIJQ8pAf8V544kRWWqVXYZ5IxU",
        "name" : "Tavern In The Square",
        "locationConfidence" : 0.6086982
      } ],
      "editConfirmationStatus" : "NOT_CONFIRMED"
    }
  }, {
    "placeVisit" : {
      "location" : {
        "latitudeE7" : 423915482,
        "longitudeE7" : -711231308,
        "placeId" : "ChIJbwp3IBh344kRzQNj7q9iF9A",
        "address" : "2067 Massachusetts Ave\nCambridge, MA 02140\nUSA",
        "name" : "Industrial Economics Inc",
        "semanticType" : "TYPE_WORK",
        "sourceInfo" : {
          "deviceTag" : 1259109606
        },
        "locationConfidence" : 96.74001
      },
      "duration" : {
        "startTimestampMs" : "1512664238419",
        "endTimestampMs" : "1512666399471"
      },
      "placeConfidence" : "HIGH_CONFIDENCE",
      "centerLatE7" : 423916268,
      "centerLngE7" : -711230277,
      "visitConfidence" : 85,
      "otherCandidateLocations" : [ {
        "latitudeE7" : 423915915,
        "longitudeE7" : -711228954,
        "placeId" : "ChIJX9NSiRd344kRsTt3MVJV1Ww",
        "semanticType" : "TYPE_SEARCHED_ADDRESS",
        "locationConfidence" : 1.3111495
      }, {
        "latitudeE7" : 423915585,
        "longitudeE7" : -711229980,
        "placeId" : "ChIJbwp3IBh344kRE33LPsjOKFI",
        "name" : "Drinkwater's, Cambridge",
        "locationConfidence" : 0.5221025
      }, {
        "latitudeE7" : 423916306,
        "longitudeE7" : -711231314,
        "placeId" : "ChIJbwp3IBh344kRke3-XJrZ-zQ",
        "name" : "CHA Cambridge Family Health North",
        "locationConfidence" : 0.15470946
      }, {
        "latitudeE7" : 423915585,
        "longitudeE7" : -711229980,
        "placeId" : "ChIJoUmyjhd344kRECkz1L0awGo",
        "name" : "TERC",
        "locationConfidence" : 0.12549487
      }, {
        "latitudeE7" : 423913731,
        "longitudeE7" : -711236372,
        "placeId" : "ChIJ0eckhRd344kRFq0_xrjO1_E",
        "name" : "Redemption Tattoo",
        "locationConfidence" : 0.10906101
      }, {
        "latitudeE7" : 423915031,
        "longitudeE7" : -711229094,
        "placeId" : "ChIJbwp3IBh344kRdTXjvapbc5Y",
        "name" : "Pine Village Preschool",
        "locationConfidence" : 0.09939644
      }, {
        "latitudeE7" : 423915050,
        "longitudeE7" : -711232350,
        "placeId" : "ChIJ76pZjhd344kROeJK3T20YF4",
        "name" : "Massachusetts Ave opp Walden St",
        "locationConfidence" : 0.077356905
      }, {
        "latitudeE7" : 423916007,
        "longitudeE7" : -711232676,
        "placeId" : "ChIJbwp3IBh344kRIGzCFGaD7tw",
        "name" : "Bicycle Exchange at Porter Square",
        "locationConfidence" : 0.07510478
      }, {
        "latitudeE7" : 423915585,
        "longitudeE7" : -711229980,
        "placeId" : "ChIJoUmyjhd344kRqkDSJp6n0z4",
        "name" : "GenePeeks",
        "locationConfidence" : 0.0449712
      } ],
      "editConfirmationStatus" : "NOT_CONFIRMED"
    }
  }, {
    "activitySegment" : {
      "startLocation" : {
        "latitudeE7" : 423915482,
        "longitudeE7" : -711231308
      },
      "endLocation" : {
        "latitudeE7" : 407769271,
        "longitudeE7" : -738739659
      },
      "duration" : {
        "startTimestampMs" : "1512666399471",
        "endTimestampMs" : "1512699468939"
      },
      "distance" : 6358,
      "activityType" : "FLYING",
      "confidence" : "LOW",
      "activities" : [ {
        "activityType" : "FLYING",
        "probability" : 44.1233094492658
      }, {
        "activityType" : "WALKING",
        "probability" : 18.86414358445846
      }, {
        "activityType" : "IN_PASSENGER_VEHICLE",
        "probability" : 17.758618248118736
      } ],
      "simplifiedRawPath" : {
        "points" : [ {
          "latE7" : 423940107,
          "lngE7" : -711209538,
          "timestampMs" : "1512666662402",
          "accuracyMeters" : 20
        }, {
          "latE7" : 423418557,
          "lngE7" : -711416846,
          "timestampMs" : "1512680150349",
          "accuracyMeters" : 21
        } ]
      },
      "editConfirmationStatus" : "NOT_CONFIRMED"
    }
  }, {
    "placeVisit" : {
      "location" : {
        "latitudeE7" : 407769271,
        "longitudeE7" : -738739659,
        "placeId" : "ChIJtU1Cg4lfwokRs2aWDmbEL3c",
        "address" : "New York\nQueens, NY 11371\nUSA",
        "name" : "LaGuardia Airport",
        "sourceInfo" : {
          "deviceTag" : 1259109606
        },
        "locationConfidence" : 99.86711
      },
      "duration" : {
        "startTimestampMs" : "1512699468939",
        "endTimestampMs" : "1512700077456"
      },
      "placeConfidence" : "HIGH_CONFIDENCE",
      "centerLatE7" : 407737609,
      "centerLngE7" : -738715061,
      "visitConfidence" : 83,
      "otherCandidateLocations" : [ {
        "latitudeE7" : 407684752,
        "longitudeE7" : -738626081,
        "placeId" : "ChIJcT0HZ_JfwokRbzse4SkdOPk",
        "name" : "LGA/Terminal D",
        "locationConfidence" : 0.08292156
      }, {
        "latitudeE7" : 407680771,
        "longitudeE7" : -738620869,
        "placeId" : "ChIJAVC2aPJfwokRsRYoUzz7dxg",
        "name" : "LGA/TERMINAL D(Drop off only)",
        "locationConfidence" : 0.04144105
      }, {
        "latitudeE7" : 408048011,
        "longitudeE7" : -738124984,
        "placeId" : "ChIJzVxqXg9fwokRPsCu7AxQyvA",
        "locationConfidence" : 0.0023234182
      }, {
        "latitudeE7" : 407747484,
        "longitudeE7" : -738745182,
        "placeId" : "ChIJkzMV14hfwokRCXPnzg5ZPpU",
        "locationConfidence" : 0.0018157272
      }, {
        "latitudeE7" : 407705800,
        "longitudeE7" : -738710400,
        "placeId" : "ChIJK_PC2Y1fwokRqsv5rUrf43U",
        "name" : "Ditmars0 Bl/100 St",
        "locationConfidence" : 0.0013833937
      }, {
        "latitudeE7" : 407706500,
        "longitudeE7" : -738706080,
        "placeId" : "ChIJt1Yi0I1fwokRI2NvdUFb6y4",
        "locationConfidence" : 0.0013710554
      }, {
        "latitudeE7" : 407707769,
        "longitudeE7" : -738707001,
        "placeId" : "ChIJOVm60Y1fwokRTufNSNKTTi8",
        "name" : "99-11 Ditmars Blvd Parking",
        "locationConfidence" : 0.0011986612
      }, {
        "latitudeE7" : 407714716,
        "longitudeE7" : -738691164,
        "placeId" : "ChIJ04pPBI1fwokR08mF_2W4Xgc",
        "name" : "Airport & Aviation Pro",
        "locationConfidence" : 4.3577576E-4
      } ],
      "editConfirmationStatus" : "NOT_CONFIRMED",
      "simplifiedRawPath" : {
        "points" : [ {
          "latE7" : 407739515,
          "lngE7" : -738711684,
          "timestampMs" : "1512699468939",
          "accuracyMeters" : 100
        }, {
          "latE7" : 407738762,
          "lngE7" : -738718185,
          "timestampMs" : "1512699842474",
          "accuracyMeters" : 27
        }, {
          "latE7" : 407734031,
          "lngE7" : -738712546,
          "timestampMs" : "1512700026934",
          "accuracyMeters" : 87
        } ]
      }
    }
  }, {
    "activitySegment" : {
      "startLocation" : {
        "latitudeE7" : 407769271,
        "longitudeE7" : -738739659
      },
      "endLocation" : {
        "latitudeE7" : 407505300,
        "longitudeE7" : -739694440
      },
      "duration" : {
        "startTimestampMs" : "1512700077456",
        "endTimestampMs" : "1512703820996"
      },
      "distance" : 456,
      "activityType" : "WALKING",
      "confidence" : "LOW",
      "activities" : [ {
        "activityType" : "WALKING",
        "probability" : 38.16037146475401
      }, {
        "activityType" : "IN_BUS",
        "probability" : 23.424816531499477
      }, {
        "activityType" : "IN_SUBWAY",
        "probability" : 19.28590859398417
      } ],
      "waypointPath" : {
        "waypoints" : [ {
          "latE7" : 407724304,
          "lngE7" : -738736877
        }, {
          "latE7" : 407524337,
          "lngE7" : -739752960
        }, {
          "latE7" : 407508354,
          "lngE7" : -739706878
        } ]
      },
      "simplifiedRawPath" : {
        "points" : [ {
          "latE7" : 407524910,
          "lngE7" : -739754410,
          "timestampMs" : "1512703479102",
          "accuracyMeters" : 28
        } ]
      },
      "editConfirmationStatus" : "NOT_CONFIRMED"
    }
  }, {
    "placeVisit" : {
      "location" : {
        "latitudeE7" : 407505300,
        "longitudeE7" : -739694440,
        "placeId" : "ChIJEU2H4BxZwokRNsE531E6mZM",
        "address" : "1 United Nations Plaza\nNew York, NY 10017\nUSA",
        "name" : "Millennium Hilton New York One UN Plaza",
        "sourceInfo" : {
          "deviceTag" : 1259109606
        },
        "locationConfidence" : 96.64853
      },
      "duration" : {
        "startTimestampMs" : "1512703820996",
        "endTimestampMs" : "1512704976558"
      },
      "placeConfidence" : "HIGH_CONFIDENCE",
      "centerLatE7" : 407505355,
      "centerLngE7" : -739695582,
      "visitConfidence" : 90,
      "otherCandidateLocations" : [ {
        "latitudeE7" : 407488758,
        "longitudeE7" : -739680091,
        "placeId" : "ChIJEU2H4BxZwokRNfY93Yvi-sU",
        "name" : "United Nations Headquarters",
        "locationConfidence" : 0.7008345
      }, {
        "latitudeE7" : 407505252,
        "longitudeE7" : -739705015,
        "placeId" : "ChIJ4ysB2hxZwokRv0jh4bRXMo4",
        "name" : "MONA Kitchen & Market",
        "locationConfidence" : 0.23279022
      }, {
        "latitudeE7" : 407514862,
        "longitudeE7" : -739705004,
        "placeId" : "ChIJY-OnOh1ZwokRV8cDmy15JW0",
        "name" : "ELEVAGE",
        "locationConfidence" : 0.060018178
      }, {
        "latitudeE7" : 407510726,
        "longitudeE7" : -739715839,
        "placeId" : "ChIJ6cQ41QJZwokRBgAFKS-NsXk",
        "name" : "Fresco Tortillas",
        "locationConfidence" : 0.058573052
      }, {
        "latitudeE7" : 407509897,
        "longitudeE7" : -739715669,
        "placeId" : "ChIJG_Z-nehYwokRn9Fi8fsws_U",
        "name" : "East Palace",
        "locationConfidence" : 0.052270625
      }, {
        "latitudeE7" : 407513630,
        "longitudeE7" : -739692225,
        "placeId" : "ChIJxbeMEB1ZwokRR4RO7I3Il9s",
        "name" : "Enterprise 45th Ownership Corp.",
        "locationConfidence" : 0.041305933
      }, {
        "latitudeE7" : 407517530,
        "longitudeE7" : -739711160,
        "placeId" : "ChIJpwOALR1ZwokRKJIuVD7SJ8s",
        "name" : "J & M Deli",
        "locationConfidence" : 0.035802405
      }, {
        "latitudeE7" : 407520911,
        "longitudeE7" : -739689370,
        "placeId" : "ChIJi6Lrah1ZwokRNYEJ3YdCFfc",
        "name" : "Icon Parking",
        "locationConfidence" : 0.035144437
      }, {
        "latitudeE7" : 407505421,
        "longitudeE7" : -739704921,
        "placeId" : "ChIJ9d0w2BxZwokRUgBjgXuArcs",
        "name" : "Miho Kosuda Ltd.",
        "locationConfidence" : 0.034738656
      } ],
      "editConfirmationStatus" : "NOT_CONFIRMED"
    }
  }, {
    "activitySegment" : {
      "startLocation" : {
        "latitudeE7" : 407504169,
        "longitudeE7" : -739694418
      },
      "endLocation" : {
        "latitudeE7" : 407282510,
        "longitudeE7" : -740053670
      },
      "duration" : {
        "startTimestampMs" : "1512704976558",
        "endTimestampMs" : "1512768008846"
      },
      "distance" : 4441,
      "activityType" : "WALKING",
      "confidence" : "MEDIUM",
      "activities" : [ {
        "activityType" : "WALKING",
        "probability" : 85.39518348105007
      }, {
        "activityType" : "IN_PASSENGER_VEHICLE",
        "probability" : 4.04243383287421
      }, {
        "activityType" : "IN_BUS",
        "probability" : 3.1448462472181795
      } ],
      "waypointPath" : {
        "waypoints" : [ {
          "latE7" : 407504005,
          "lngE7" : -739694519
        }, {
          "latE7" : 407297019,
          "lngE7" : -740051116
        }, {
          "latE7" : 407301063,
          "lngE7" : -740053329
        }, {
          "latE7" : 407301673,
          "lngE7" : -740065231
        }, {
          "latE7" : 407298774,
          "lngE7" : -740068511
        }, {
          "latE7" : 407282485,
          "lngE7" : -740053329
        } ]
      },
      "simplifiedRawPath" : {
        "points" : [ {
          "latE7" : 407297173,
          "lngE7" : -740051651,
          "timestampMs" : "1512767343000",
          "accuracyMeters" : 7
        }, {
          "latE7" : 407301445,
          "lngE7" : -740051651,
          "timestampMs" : "1512767406000",
          "accuracyMeters" : 4
        }, {
          "latE7" : 407304115,
          "lngE7" : -740064774,
          "timestampMs" : "1512767558649",
          "accuracyMeters" : 27
        }, {
          "latE7" : 407299805,
          "lngE7" : -740068817,
          "timestampMs" : "1512767591000",
          "accuracyMeters" : 6
        } ]
      },
      "editConfirmationStatus" : "NOT_CONFIRMED"
    }
  }, {
    "placeVisit" : {
      "location" : {
        "latitudeE7" : 407282510,
        "longitudeE7" : -740053670,
        "placeId" : "ChIJneoNXI1ZwokRj6zM42TAzMQ",
        "address" : "W Houston St\nNew York, NY 10014\nUSA",
        "name" : "Houston St",
        "sourceInfo" : {
          "deviceTag" : 1259109606
        },
        "locationConfidence" : 88.44876
      },
      "duration" : {
        "startTimestampMs" : "1512768008846",
        "endTimestampMs" : "1512768609783"
      },
      "placeConfidence" : "MEDIUM_CONFIDENCE",
      "centerLatE7" : 407282907,
      "centerLngE7" : -740054264,
      "visitConfidence" : 90,
      "otherCandidateLocations" : [ {
        "latitudeE7" : 407280319,
        "longitudeE7" : -740056249,
        "placeId" : "ChIJ_19xUY1ZwokRgsrU4LYr_AM",
        "name" : "United States Postal Service",
        "locationConfidence" : 2.058912
      }, {
        "latitudeE7" : 407283304,
        "longitudeE7" : -740062944,
        "placeId" : "ChIJEeJBp_RZwokRsVAcVV8rv4c",
        "name" : "passport office",
        "locationConfidence" : 1.4489626
      }, {
        "latitudeE7" : 407288727,
        "longitudeE7" : -740048893,
        "placeId" : "ChIJMwfTmJJZwokRsFmbv1NV9Us",
        "name" : "Gardenia",
        "locationConfidence" : 1.0973669
      }, {
        "latitudeE7" : 407273984,
        "longitudeE7" : -740051777,
        "placeId" : "ChIJqR18HeRYwokRk96jaqoafmU",
        "name" : "Elanus Capital Management LLC",
        "locationConfidence" : 0.26245677
      }, {
        "latitudeE7" : 407283222,
        "longitudeE7" : -740045071,
        "placeId" : "ChIJW3q6Yo1ZwokRwnpMeNyWLFs",
        "name" : "Film Forum",
        "locationConfidence" : 0.25058517
      }, {
        "latitudeE7" : 407287940,
        "longitudeE7" : -740050900,
        "placeId" : "ChIJxzv9oJJZwokRTSRUooGoPVY",
        "name" : "McDonald's",
        "locationConfidence" : 0.2216723
      }, {
        "latitudeE7" : 407282506,
        "longitudeE7" : -740058181,
        "placeId" : "ChIJ_19xUY1ZwokRd9ql0vYpEFI",
        "name" : "Department of Homeland Security",
        "locationConfidence" : 0.21119791
      }, {
        "latitudeE7" : 407281774,
        "longitudeE7" : -740050689,
        "placeId" : "ChIJbz2MXY1ZwokRDfD67sZ9kD4",
        "name" : "NYC Board of Election",
        "locationConfidence" : 0.2103544
      }, {
        "latitudeE7" : 407283398,
        "longitudeE7" : -740062211,
        "placeId" : "ChIJ6SjBU41ZwokRU83zx8e9uKw",
        "name" : "VARICK STREET IMMIGRATION COURT",
        "locationConfidence" : 0.11339726
      } ],
      "editConfirmationStatus" : "NOT_CONFIRMED"
    }
  }, {
    "activitySegment" : {
      "startLocation" : {
        "latitudeE7" : 407282520,
        "longitudeE7" : -740053630
      },
      "endLocation" : {
        "latitudeE7" : 407410390,
        "longitudeE7" : -739978710
      },
      "duration" : {
        "startTimestampMs" : "1512768609783",
        "endTimestampMs" : "1512768940471"
      },
      "distance" : 1563,
      "activityType" : "IN_SUBWAY",
      "confidence" : "MEDIUM",
      "activities" : [ {
        "activityType" : "IN_SUBWAY",
        "probability" : 81.20214974263949
      }, {
        "activityType" : "IN_TRAIN",
        "probability" : 9.604623929362024
      }, {
        "activityType" : "WALKING",
        "probability" : 9.024254938956613
      } ],
      "transitPath" : {
        "transitStops" : [ {
          "latitudeE7" : 407282520,
          "longitudeE7" : -740053630,
          "placeId" : "ChIJneoNXI1ZwokRj6zM42TAzMQ",
          "name" : "Houston St"
        }, {
          "latitudeE7" : 407410390,
          "longitudeE7" : -739978710,
          "placeId" : "ChIJCeyyX7xZwokRQGN3IexNZns",
          "name" : "18 St"
        } ],
        "name" : "1",
        "hexRgbColor" : "E53935"
      },
      "simplifiedRawPath" : {
        "points" : [ {
          "latE7" : 407414053,
          "lngE7" : -739973808,
          "timestampMs" : "1512768940470",
          "accuracyMeters" : 87
        } ]
      },
      "editConfirmationStatus" : "NOT_CONFIRMED"
    }
  }, {
    "activitySegment" : {
      "startLocation" : {
        "latitudeE7" : 423344442,
        "longitudeE7" : -711453867
      },
      "endLocation" : {
        "latitudeE7" : 423379515,
        "longitudeE7" : -711530079
      },
      "duration" : {
        "startTimestampMs" : "1513464684000",
        "endTimestampMs" : "1513464895804"
      },
      "distance" : 745,
      "activityType" : "IN_PASSENGER_VEHICLE",
      "confidence" : "LOW",
      "activities" : [ {
        "activityType" : "IN_PASSENGER_VEHICLE",
        "probability" : 32.88981337566465
      }, {
        "activityType" : "WALKING",
        "probability" : 24.35672769914776
      }, {
        "activityType" : "CYCLING",
        "probability" : 19.64733143649174
      } ],
      "waypointPath" : {
        "waypoints" : [ {
          "latE7" : 423344116,
          "lngE7" : -711450500
        }, {
          "latE7" : 423378677,
          "lngE7" : -711530761
        } ]
      },
      "editConfirmationStatus" : "NOT_CONFIRMED"
    }
  }, {
    "activitySegment" : {
      "startLocation" : {
        "latitudeE7" : 423379542,
        "longitudeE7" : -711530145
      },
      "endLocation" : {
        "latitudeE7" : 423348065,
        "longitudeE7" : -711453979
      },
      "duration" : {
        "startTimestampMs" : "1513464895804",
        "endTimestampMs" : "1513531348735"
      },
      "distance" : 717,
      "activityType" : "WALKING",
      "confidence" : "MEDIUM",
      "activities" : [ {
        "activityType" : "WALKING",
        "probability" : 59.87101448014766
      }, {
        "activityType" : "IN_PASSENGER_VEHICLE",
        "probability" : 28.6845021458479
      }, {
        "activityType" : "CYCLING",
        "probability" : 8.096402438304787
      } ],
      "waypointPath" : {
        "waypoints" : [ {
          "latE7" : 423378677,
          "lngE7" : -711530761
        }, {
          "latE7" : 423350677,
          "lngE7" : -711454772
        } ]
      },
      "editConfirmationStatus" : "NOT_CONFIRMED"
    }
  }, {
    "activitySegment" : {
      "startLocation" : {
        "latitudeE7" : 423346663,
        "longitudeE7" : -711464279
      },
      "endLocation" : {
        "latitudeE7" : 423346683,
        "longitudeE7" : -711454694
      },
      "duration" : {
        "startTimestampMs" : "1513534700229",
        "endTimestampMs" : "1513548543359"
      },
      "distance" : 24112,
      "activityType" : "IN_PASSENGER_VEHICLE",
      "confidence" : "HIGH",
      "activities" : [ {
        "activityType" : "IN_PASSENGER_VEHICLE",
        "probability" : 92.2177578474994
      }, {
        "activityType" : "WALKING",
        "probability" : 4.64850207427844
      }, {
        "activityType" : "IN_BUS",
        "probability" : 2.208332078844575
      } ],
      "waypointPath" : {
        "waypoints" : [ {
          "latE7" : 423346900,
          "lngE7" : -711464157
        }, {
          "latE7" : 424036483,
          "lngE7" : -711607589
        }, {
          "latE7" : 424087066,
          "lngE7" : -711390075
        }, {
          "latE7" : 424016876,
          "lngE7" : -711168518
        }, {
          "latE7" : 423350524,
          "lngE7" : -711455841
        } ]
      },
      "simplifiedRawPath" : {
        "points" : [ {
          "latE7" : 424036728,
          "lngE7" : -711607907,
          "timestampMs" : "1513536126000",
          "accuracyMeters" : 4
        }, {
          "latE7" : 424058213,
          "lngE7" : -711423542,
          "timestampMs" : "1513536345000",
          "accuracyMeters" : 4
        }, {
          "latE7" : 424015430,
          "lngE7" : -711168214,
          "timestampMs" : "1513546691000",
          "accuracyMeters" : 16
        } ]
      },
      "editConfirmationStatus" : "NOT_CONFIRMED"
    }
  }, {
    "placeVisit" : {
      "location" : {
        "latitudeE7" : 423345642,
        "longitudeE7" : -711455917,
        "placeId" : "ChIJL6P4T1N444kRUxwGfnTlDvI",
        "address" : "247 Fisher Ave\nBrookline, MA 02445\nUSA",
        "name" : "247 Fisher Ave",
        "semanticType" : "TYPE_HOME",
        "sourceInfo" : {
          "deviceTag" : 1259109606
        },
        "locationConfidence" : 80.771835
      },
      "duration" : {
        "startTimestampMs" : "1513548543714",
        "endTimestampMs" : "1513552172154"
      },
      "placeConfidence" : "MEDIUM_CONFIDENCE",
      "centerLatE7" : 423345734,
      "centerLngE7" : -711456331,
      "visitConfidence" : 89,
      "otherCandidateLocations" : [ {
        "latitudeE7" : 423350570,
        "longitudeE7" : -711488775,
        "placeId" : "ChIJlzvejVN444kRA845bwOxjVI",
        "name" : "Reservoir",
        "locationConfidence" : 16.455868
      }, {
        "latitudeE7" : 423362355,
        "longitudeE7" : -711450514,
        "placeId" : "ChIJbWiE1VJ444kRAkuB-NQF0co",
        "name" : "Netresults Tennis",
        "locationConfidence" : 0.6669263
      }, {
        "latitudeE7" : 423359503,
        "longitudeE7" : -711490210,
        "placeId" : "ChIJIyQrulN444kR_XIChsjuFs4",
        "name" : "CVS",
        "locationConfidence" : 0.2380374
      }, {
        "latitudeE7" : 423373970,
        "longitudeE7" : -711455075,
        "placeId" : "ChIJ2YppyFJ444kRgN-DPmdikzM",
        "name" : "The Smile Institute",
        "locationConfidence" : 0.13885109
      }, {
        "latitudeE7" : 423365324,
        "longitudeE7" : -711463133,
        "placeId" : "ChIJ19yv4FJ444kROQACoytzjHo",
        "name" : "Ricci Donna J",
        "locationConfidence" : 0.12623738
      }, {
        "latitudeE7" : 423368407,
        "longitudeE7" : -711461306,
        "placeId" : "ChIJzWJMyFJ444kRP5zGBQ4oUGI",
        "name" : "Brookline Denture Center",
        "locationConfidence" : 0.095923774
      }, {
        "latitudeE7" : 423359110,
        "longitudeE7" : -711493100,
        "placeId" : "ChIJnYyBv1N444kRvNasbaFgpLo",
        "name" : "Mary Ann's",
        "locationConfidence" : 0.09404321
      }, {
        "latitudeE7" : 423370329,
        "longitudeE7" : -711474046,
        "placeId" : "ChIJ5SE2_FJ444kR0Kww_1Y3fKY",
        "name" : "Galatis C J OD",
        "locationConfidence" : 0.09285439
      }, {
        "latitudeE7" : 423367260,
        "longitudeE7" : -711486290,
        "placeId" : "ChIJ1RxyslN444kRqqysFJOU3GI",
        "name" : "Boston Oriental Foot Spa",
        "locationConfidence" : 0.070352316
      } ],
      "editConfirmationStatus" : "NOT_CONFIRMED"
    }
  }, {
    "placeVisit" : {
      "location" : {
        "latitudeE7" : 423128208,
        "longitudeE7" : -712120628,
        "placeId" : "ChIJ_zXnbReC44kRg1KjpcSiHqs",
        "address" : "138 Needham St\nNewton, MA 02464\nUSA",
        "name" : "Dunkin'",
        "sourceInfo" : {
          "deviceTag" : 1259109606
        },
        "locationConfidence" : 98.30745
      },
      "duration" : {
        "startTimestampMs" : "1513964363000",
        "endTimestampMs" : "1513964761000"
      },
      "placeConfidence" : "HIGH_CONFIDENCE",
      "centerLatE7" : 423128807,
      "centerLngE7" : -712122543,
      "visitConfidence" : 85,
      "otherCandidateLocations" : [ {
        "latitudeE7" : 423130391,
        "longitudeE7" : -712130161,
        "placeId" : "ChIJga87jRiC44kRWOiSWKSKhc8",
        "name" : "T.J. Maxx",
        "locationConfidence" : 0.9601679
      }, {
        "latitudeE7" : 423130391,
        "longitudeE7" : -712130161,
        "placeId" : "ChIJKzB7nBeC44kRycXxmVZpCjk",
        "name" : "Sierra Trading Post",
        "locationConfidence" : 0.20671
      }, {
        "latitudeE7" : 423124936,
        "longitudeE7" : -712123533,
        "placeId" : "ChIJBWWKeheC44kRFC63Ju4VV80",
        "name" : "Upper Falls Beverage Store Inc",
        "locationConfidence" : 0.10897733
      }, {
        "latitudeE7" : 423137670,
        "longitudeE7" : -712122200,
        "placeId" : "ChIJC5-dGReC44kR9lHIYfYZW-U",
        "name" : "McDonald's",
        "locationConfidence" : 0.06813936
      }, {
        "latitudeE7" : 423125020,
        "longitudeE7" : -712126800,
        "placeId" : "ChIJ-degiReC44kRfxiMzFqmLwU",
        "name" : "Boston Ballet School",
        "locationConfidence" : 0.056119494
      }, {
        "latitudeE7" : 423130388,
        "longitudeE7" : -712139891,
        "placeId" : "ChIJUcB0LRiC44kRwpVXt_hwLyA",
        "name" : "Boston Ski + Tennis",
        "locationConfidence" : 0.039796695
      }, {
        "latitudeE7" : 423122013,
        "longitudeE7" : -712136881,
        "placeId" : "ChIJAQBAhxeC44kRIsIGmpOlMnE",
        "name" : "Newton Nexus",
        "locationConfidence" : 0.036456898
      }, {
        "latitudeE7" : 423107115,
        "longitudeE7" : -712134132,
        "placeId" : "ChIJw7sbRhiC44kRwZqbvI2jyp0",
        "name" : "HomeGoods",
        "locationConfidence" : 0.01910783
      }, {
        "latitudeE7" : 423143193,
        "longitudeE7" : -712127494,
        "placeId" : "ChIJ-5_M2BaC44kR7_72G1h4IVE",
        "name" : "Avalon at Newton Highlands",
        "locationConfidence" : 0.015168019
      } ],
      "editConfirmationStatus" : "NOT_CONFIRMED"
    }
  }, {
    "activitySegment" : {
      "startLocation" : {
        "latitudeE7" : 423128208,
        "longitudeE7" : -712120628,
        "placeId" : "ChIJ_zXnbReC44kRg1KjpcSiHqs",
        "address" : "138 Needham St\nNewton, MA 02464\nUSA",
        "name" : "Dunkin'",
        "sourceInfo" : {
          "deviceTag" : 1259109606
        },
        "locationConfidence" : 98.30745
      },
      "endLocation" : {
        "latitudeE7" : 423192819,
        "longitudeE7" : -712072844
      },
      "duration" : {
        "startTimestampMs" : "1513964761000",
        "endTimestampMs" : "1513965626614"
      },
      "activityType" : "IN_PASSENGER_VEHICLE",
      "confidence" : "HIGH",
      "activities" : [ {
        "activityType" : "IN_PASSENGER_VEHICLE",
        "probability" : 96.17440001377253
      }, {
        "activityType" : "WALKING",
        "probability" : 2.316474536693973
      }, {
        "activityType" : "IN_BUS",
        "probability" : 1.3383297683410562
      } ],
      "waypointPath" : {
        "waypoints" : [ {
          "latE7" : 423135528,
          "lngE7" : -712247238
        }, {
          "latE7" : 423087768,
          "lngE7" : -712151947
        }, {
          "latE7" : 423179855,
          "lngE7" : -712184143
        }, {
          "latE7" : 423193473,
          "lngE7" : -712072753
        } ]
      },
      "simplifiedRawPath" : {
        "points" : [ {
          "latE7" : 423086688,
          "lngE7" : -712152239,
          "timestampMs" : "1513964301000",
          "accuracyMeters" : 4
        }, {
          "latE7" : 423180583,
          "lngE7" : -712180000,
          "timestampMs" : "1513965503375",
          "accuracyMeters" : 20
        } ]
      },
      "editConfirmationStatus" : "NOT_CONFIRMED"
    }
  } ]
}