{
  "timelineObjects" : [ {
    "placeVisit" : {
      "location" : {
        "latitudeE7" : 423465364,
        "longitudeE7" : -725288698,
        "placeId" : "ChIJays8c-fR5okRmylZzDik75U",
        "address" : "561 Riverglade Dr\nAmherst, MA 01002\nUSA",
        "name" : "561 Riverglade Dr",
        "semanticType" : "TYPE_SEARCHED_ADDRESS",
        "locationConfidence" : 90.504395
      },
      "duration" : {
        "startTimestampMs" : "1448917720988",
        "endTimestampMs" : "1448922509818"
      },
      "centerLatE7" : 423464642,
      "centerLngE7" : -725288558,
      "visitConfidence" : 77,
      "otherCandidateLocations" : [ {
        "latitudeE7" : 423459330,
        "longitudeE7" : -725293230,
        "placeId" : "ChIJVa99eOfR5okRncqPCmM3Aw4",
        "name" : "Mill Valley Estates Rental Office",
        "locationConfidence" : 7.0575156
      }, {
        "latitudeE7" : 423431130,
        "longitudeE7" : -725286730,
        "placeId" : "ChIJF6F6DN3R5okRH4HUlB2jn9c",
        "name" : "Hickory Ridge Golf Club",
        "locationConfidence" : 1.4427978
      }, {
        "latitudeE7" : 423426926,
        "longitudeE7" : -725326909,
        "placeId" : "ChIJgXrYPSLO5okR4VmEvIvRRAM",
        "name" : "Hickory Ridge Maintenance Department",
        "locationConfidence" : 0.6785248
      }, {
        "latitudeE7" : 423476796,
        "longitudeE7" : -725258161,
        "placeId" : "ChIJ6c4jL-HR5okR48RXyx0zaPM",
        "name" : "All About Learning LLC",
        "locationConfidence" : 0.119138405
      }, {
        "latitudeE7" : 423490560,
        "longitudeE7" : -725288770,
        "placeId" : "ChIJwwrBjObR5okRZb2UYPI5gog",
        "name" : "The Boulders (157)",
        "locationConfidence" : 0.11520188
      }, {
        "latitudeE7" : 423478990,
        "longitudeE7" : -725322280,
        "placeId" : "ChIJ_UY21ufR5okRAEZECBk5c3w",
        "name" : "Cameron Painting Inc",
        "locationConfidence" : 0.08242617
      } ],
      "editConfirmationStatus" : "NOT_CONFIRMED"
    }
  }, {
    "activitySegment" : {
      "startLocation" : {
        "latitudeE7" : 423465364,
        "longitudeE7" : -725288698,
        "placeId" : "ChIJays8c-fR5okRmylZzDik75U",
        "address" : "561 Riverglade Dr\nAmherst, MA 01002\nUSA",
        "name" : "561 Riverglade Dr",
        "semanticType" : "TYPE_SEARCHED_ADDRESS",
        "locationConfidence" : 90.504395
      },
      "endLocation" : {
        "latitudeE7" : 423617578,
        "longitudeE7" : -725427310
      },
      "duration" : {
        "startTimestampMs" : "1448922509818",
        "endTimestampMs" : "1448923067157"
      },
      "confidence" : "MEDIUM",
      "activities" : [ {
        "activityType" : "IN_PASSENGER_VEHICLE",
        "probability" : 0.0
      }, {
        "activityType" : "IN_VEHICLE",
        "probability" : 0.0
      }, {
        "activityType" : "CYCLING",
        "probability" : 0.0
      }, {
        "activityType" : "FLYING",
        "probability" : 0.0
      }, {
        "activityType" : "WALKING",
        "probability" : 0.0
      }, {
        "activityType" : "IN_BUS",
        "probability" : 0.0
      }, {
        "activityType" : "IN_TRAIN",
        "probability" : 0.0
      }, {
        "activityType" : "IN_SUBWAY",
        "probability" : 0.0
      }, {
        "activityType" : "IN_TRAM",
        "probability" : 0.0
      } ],
      "waypointPath" : {
        "waypoints" : [ {
          "latE7" : 423467178,
          "lngE7" : -725282287
        }, {
          "latE7" : 423617744,
          "lngE7" : -725427474
        } ]
      },
      "editConfirmationStatus" : "NOT_CONFIRMED"
    }
  }, {
    "placeVisit" : {
      "location" : {
        "latitudeE7" : 423617300,
        "longitudeE7" : -725419400,
        "placeId" : "ChIJvwfGYvPR5okRjU0sFD21RXM",
        "address" : "100 Westgate Center Dr\nHadley, MA 01035\nUSA",
        "name" : "Applebee's Grill + Bar",
        "locationConfidence" : 95.35266
      },
      "duration" : {
        "startTimestampMs" : "1448923067157",
        "endTimestampMs" : "1448926865095"
      },
      "centerLatE7" : 423618114,
      "centerLngE7" : -725426732,
      "visitConfidence" : 78,
      "otherCandidateLocations" : [ {
        "latitudeE7" : 423911569,
        "longitudeE7" : -725267121,
        "placeId" : "ChIJZfjw5HPS5okRBY4UiWBY1qA",
        "name" : "University of Massachusetts Amherst",
        "locationConfidence" : 1.8303796
      }, {
        "latitudeE7" : 423627950,
        "longitudeE7" : -725400950,
        "placeId" : "ChIJpwR3R_TR5okRq2u1HNmEpRA",
        "name" : "Courtyard Hadley Amherst",
        "locationConfidence" : 0.29832372
      }, {
        "latitudeE7" : 423600437,
        "longitudeE7" : -725440583,
        "placeId" : "ChIJXxalWvPR5okRWtceFwHxdnc",
        "name" : "Howard Johnson Express Inn - Amherst Hadley",
        "locationConfidence" : 0.22857518
      }, {
        "latitudeE7" : 423609050,
        "longitudeE7" : -725430644,
        "placeId" : "ChIJPbDgZ_PR5okRvMCBco_Yf4o",
        "name" : "Staples",
        "locationConfidence" : 0.22688037
      }, {
        "latitudeE7" : 423614420,
        "longitudeE7" : -725458950,
        "placeId" : "ChIJs8V0xIzR5okRb1Q0SPIQJmk",
        "name" : "Holiday Inn Express & Suites Amherst-Hadley",
        "locationConfidence" : 0.21697341
      }, {
        "latitudeE7" : 423612140,
        "longitudeE7" : -725437850,
        "placeId" : "ChIJA9QCTPPR5okRVZc3tdqVsbc",
        "name" : "Russell/Russell (Staples) (136)",
        "locationConfidence" : 0.15904845
      }, {
        "latitudeE7" : 423636495,
        "longitudeE7" : -725461166,
        "placeId" : "ChIJuzoKA4vR5okR5AwMK7TG82I",
        "name" : "UMass Donahue Institute",
        "locationConfidence" : 0.15296133
      }, {
        "latitudeE7" : 423602937,
        "longitudeE7" : -725419420,
        "placeId" : "ChIJm-bVaPPR5okRHJjfrLcSkGQ",
        "name" : "UMassFive College Federal Credit Union",
        "locationConfidence" : 0.15039003
      }, {
        "latitudeE7" : 423634420,
        "longitudeE7" : -725458780,
        "placeId" : "ChIJjbSga4vR5okRpUtJXxIpqUk",
        "name" : "University Without Walls",
        "locationConfidence" : 0.15027413
      } ],
      "editConfirmationStatus" : "NOT_CONFIRMED"
    }
  }, {
    "activitySegment" : {
      "startLocation" : {
        "latitudeE7" : 423617300,
        "longitudeE7" : -725419400,
        "placeId" : "ChIJvwfGYvPR5okRjU0sFD21RXM",
        "address" : "100 Westgate Center Dr\nHadley, MA 01035\nUSA",
        "name" : "Applebee's Grill + Bar",
        "locationConfidence" : 95.35266
      },
      "endLocation" : {
        "latitudeE7" : 423890803,
        "longitudeE7" : -725290932
      },
      "duration" : {
        "startTimestampMs" : "1448926865095",
        "endTimestampMs" : "1448927689222"
      },
      "distance" : 7811,
      "confidence" : "MEDIUM",
      "activities" : [ {
        "activityType" : "IN_PASSENGER_VEHICLE",
        "probability" : 0.0
      }, {
        "activityType" : "IN_VEHICLE",
        "probability" : 0.0
      }, {
        "activityType" : "CYCLING",
        "probability" : 0.0
      }, {
        "activityType" : "FLYING",
        "probability" : 0.0
      }, {
        "activityType" : "WALKING",
        "probability" : 0.0
      }, {
        "activityType" : "IN_BUS",
        "probability" : 0.0
      }, {
        "activityType" : "IN_TRAIN",
        "probability" : 0.0
      }, {
        "activityType" : "IN_SUBWAY",
        "probability" : 0.0
      }, {
        "activityType" : "IN_TRAM",
        "probability" : 0.0
      } ],
      "waypointPath" : {
        "waypoints" : [ {
          "latE7" : 423615875,
          "lngE7" : -725420913
        }, {
          "latE7" : 424033126,
          "lngE7" : -725291671
        }, {
          "latE7" : 423894348,
          "lngE7" : -725316238
        } ]
      },
      "simplifiedRawPath" : {
        "points" : [ {
          "latE7" : 424032707,
          "lngE7" : -725292740,
          "timestampMs" : "1448927401700",
          "accuracyMeters" : 30
        } ]
      },
      "editConfirmationStatus" : "NOT_CONFIRMED"
    }
  }, {
    "activitySegment" : {
      "startLocation" : {
        "latitudeE7" : 423892497,
        "longitudeE7" : -725310430
      },
      "endLocation" : {
        "latitudeE7" : 423898130,
        "longitudeE7" : -725282500,
        "placeId" : "ChIJMRZ8unHS5okR6-kaDNvl4P0",
        "address" : "154 Hicks Way\nAmherst, MA 01003\nUSA",
        "name" : "W. E. B. Du Bois Library",
        "locationConfidence" : 56.08882
      },
      "duration" : {
        "startTimestampMs" : "1448927689222",
        "endTimestampMs" : "1448927779971"
      },
      "confidence" : "MEDIUM",
      "activities" : [ {
        "activityType" : "WALKING",
        "probability" : 0.0
      }, {
        "activityType" : "CYCLING",
        "probability" : 0.0
      }, {
        "activityType" : "IN_VEHICLE",
        "probability" : 0.0
      }, {
        "activityType" : "FLYING",
        "probability" : 0.0
      }, {
        "activityType" : "IN_BUS",
        "probability" : 0.0
      }, {
        "activityType" : "IN_TRAIN",
        "probability" : 0.0
      }, {
        "activityType" : "IN_SUBWAY",
        "probability" : 0.0
      }, {
        "activityType" : "IN_TRAM",
        "probability" : 0.0
      }, {
        "activityType" : "IN_PASSENGER_VEHICLE",
        "probability" : 0.0
      } ],
      "waypointPath" : {
        "waypoints" : [ {
          "latE7" : 423892784,
          "lngE7" : -725310592
        }, {
          "latE7" : 423896713,
          "lngE7" : -725278320
        } ]
      },
      "editConfirmationStatus" : "NOT_CONFIRMED"
    }
  }, {
    "placeVisit" : {
      "location" : {
        "latitudeE7" : 423898130,
        "longitudeE7" : -725282500,
        "placeId" : "ChIJMRZ8unHS5okR6-kaDNvl4P0",
        "address" : "154 Hicks Way\nAmherst, MA 01003\nUSA",
        "name" : "W. E. B. Du Bois Library",
        "locationConfidence" : 56.08882
      },
      "duration" : {
        "startTimestampMs" : "1448927779971",
        "endTimestampMs" : "1448932981762"
      },
      "centerLatE7" : 423896534,
      "centerLngE7" : -725281183,
      "visitConfidence" : 76,
      "otherCandidateLocations" : [ {
        "latitudeE7" : 423911570,
        "longitudeE7" : -725267120,
        "placeId" : "ChIJZfjw5HPS5okRBY4UiWBY1qA",
        "semanticType" : "TYPE_WORK",
        "locationConfidence" : 36.711124
      }, {
        "latitudeE7" : 423900158,
        "longitudeE7" : -725299477,
        "placeId" : "ChIJWaMxBHHS5okREXwPsXHs57w",
        "name" : "Department of Communication",
        "locationConfidence" : 0.26105583
      }, {
        "latitudeE7" : 423917859,
        "longitudeE7" : -725270684,
        "placeId" : "ChIJldrbyXDS5okRyr0PPZb_8pY",
        "name" : "Hotel UMass",
        "locationConfidence" : 0.18175778
      }, {
        "latitudeE7" : 423878694,
        "longitudeE7" : -725306802,
        "placeId" : "ChIJp1rVeHHS5okRWaCPuTjWT2Q",
        "name" : "Commonwealth Honors College",
        "locationConfidence" : 0.15933262
      }, {
        "latitudeE7" : 423917780,
        "longitudeE7" : -725270041,
        "placeId" : "ChIJjZX-x3DS5okRPrVEgx1_S6o",
        "name" : "Blue Wall",
        "locationConfidence" : 0.13919698
      }, {
        "latitudeE7" : 423877835,
        "longitudeE7" : -725305903,
        "placeId" : "ChIJKzYkPHLS5okRsoOSJRgQ2YE",
        "name" : "Commonwealth Honors College Residential Community",
        "locationConfidence" : 0.112222426
      }, {
        "latitudeE7" : 423881026,
        "longitudeE7" : -725260437,
        "placeId" : "ChIJR9qXbnTS5okRcQCTVFBEmeA",
        "name" : "UMass Fine Arts Center",
        "locationConfidence" : 0.10908379
      }, {
        "latitudeE7" : 423888763,
        "longitudeE7" : -725316777,
        "placeId" : "ChIJm5WTA3LS5okRGktyXeCypmQ",
        "name" : "UMass Campus Recreation Center",
        "locationConfidence" : 0.09843651
      }, {
        "latitudeE7" : 423895046,
        "longitudeE7" : -725289265,
        "placeId" : "ChIJR5OCdHHS5okRC8QiBIKX-Ck",
        "name" : "Department of Linguistics",
        "locationConfidence" : 0.09681497
      } ],
      "editConfirmationStatus" : "NOT_CONFIRMED"
    }
  } ]
}