{
  "timelineObjects" : [ {
    "activitySegment" : {
      "startLocation" : {
        "latitudeE7" : 423391358,
        "longitudeE7" : -711348717
      },
      "endLocation" : {
        "latitudeE7" : 423197960,
        "longitudeE7" : -711119700,
        "placeId" : "ChIJa7DGGHd544kRRHr1vec4Oio",
        "address" : "435 S Huntington Ave\nJamaica Plain, MA 02130\nUSA",
        "name" : "Canary Square",
        "sourceInfo" : {
          "deviceTag" : 2132793100
        },
        "locationConfidence" : 98.97419
      },
      "duration" : {
        "startTimestampMs" : "1458347037244",
        "endTimestampMs" : "1458347945231"
      },
      "confidence" : "LOW",
      "activities" : [ {
        "activityType" : "CYCLING",
        "probability" : 0.0
      }, {
        "activityType" : "IN_VEHICLE",
        "probability" : 0.0
      }, {
        "activityType" : "WALKING",
        "probability" : 0.0
      }, {
        "activityType" : "FLYING",
        "probability" : 0.0
      }, {
        "activityType" : "SKATEBOARDING",
        "probability" : 0.0
      }, {
        "activityType" : "IN_GONDOLA_LIFT",
        "probability" : 0.0
      }, {
        "activityType" : "SLEDDING",
        "probability" : 0.0
      }, {
        "activityType" : "SNOWBOARDING",
        "probability" : 0.0
      }, {
        "activityType" : "SNOWMOBILE",
        "probability" : 0.0
      }, {
        "activityType" : "SNOWSHOEING",
        "probability" : 0.0
      }, {
        "activityType" : "SURFING",
        "probability" : 0.0
      }, {
        "activityType" : "SWIMMING",
        "probability" : 0.0
      }, {
        "activityType" : "WALKING_NORDIC",
        "probability" : 0.0
      }, {
        "activityType" : "IN_PASSENGER_VEHICLE",
        "probability" : 0.0
      }, {
        "activityType" : "MOTORCYCLING",
        "probability" : 0.0
      }, {
        "activityType" : "BOATING",
        "probability" : 0.0
      }, {
        "activityType" : "IN_WHEELCHAIR",
        "probability" : 0.0
      }, {
        "activityType" : "HORSEBACK_RIDING",
        "probability" : 0.0
      }, {
        "activityType" : "SKIING",
        "probability" : 0.0
      }, {
        "activityType" : "SKATING",
        "probability" : 0.0
      }, {
        "activityType" : "SAILING",
        "probability" : 0.0
      }, {
        "activityType" : "ROWING",
        "probability" : 0.0
      }, {
        "activityType" : "KITESURFING",
        "probability" : 0.0
      }, {
        "activityType" : "KAYAKING",
        "probability" : 0.0
      }, {
        "activityType" : "HIKING",
        "probability" : 0.0
      }, {
        "activityType" : "IN_FUNICULAR",
        "probability" : 0.0
      }, {
        "activityType" : "IN_CABLECAR",
        "probability" : 0.0
      }, {
        "activityType" : "IN_FERRY",
        "probability" : 0.0
      }, {
        "activityType" : "IN_TRAM",
        "probability" : 0.0
      }, {
        "activityType" : "IN_SUBWAY",
        "probability" : 0.0
      }, {
        "activityType" : "IN_TRAIN",
        "probability" : 0.0
      }, {
        "activityType" : "IN_BUS",
        "probability" : 0.0
      }, {
        "activityType" : "RUNNING",
        "probability" : 0.0
      } ],
      "waypointPath" : {
        "waypoints" : [ {
          "latE7" : 423390922,
          "lngE7" : -711349182
        }, {
          "latE7" : 423214035,
          "lngE7" : -711102218
        }, {
          "latE7" : 423191986,
          "lngE7" : -711118774
        } ]
      },
      "simplifiedRawPath" : {
        "points" : [ {
          "latE7" : 423215752,
          "lngE7" : -711100388,
          "timestampMs" : "1458347824872",
          "accuracyMeters" : 19
        } ]
      },
      "editConfirmationStatus" : "NOT_CONFIRMED"
    }
  }, {
    "placeVisit" : {
      "location" : {
        "latitudeE7" : 423197960,
        "longitudeE7" : -711119700,
        "placeId" : "ChIJa7DGGHd544kRRHr1vec4Oio",
        "address" : "435 S Huntington Ave\nJamaica Plain, MA 02130\nUSA",
        "name" : "Canary Square",
        "sourceInfo" : {
          "deviceTag" : 2132793100
        },
        "locationConfidence" : 98.97419
      },
      "duration" : {
        "startTimestampMs" : "1458347945231",
        "endTimestampMs" : "1458359512255"
      },
      "centerLatE7" : 423197411,
      "centerLngE7" : -711118344,
      "visitConfidence" : 79,
      "otherCandidateLocations" : [ {
        "latitudeE7" : 423214960,
        "longitudeE7" : -711113150,
        "placeId" : "ChIJ7wU-pXd544kRKtCWZgaADgg",
        "semanticType" : "TYPE_SEARCHED_ADDRESS",
        "locationConfidence" : 0.75529337
      }, {
        "latitudeE7" : 423193570,
        "longitudeE7" : -711115640,
        "placeId" : "ChIJw943JHd544kRyPi77-CTSJM",
        "name" : "Zesto's Pizza and Grille",
        "locationConfidence" : 0.10715187
      }, {
        "latitudeE7" : 423191038,
        "longitudeE7" : -711116328,
        "placeId" : "ChIJLeAnL3d544kR-5ySCmGnFT4",
        "name" : "Tres Gatos",
        "locationConfidence" : 0.035835538
      }, {
        "latitudeE7" : 423194669,
        "longitudeE7" : -711118487,
        "placeId" : "ChIJa_0EJnd544kRa2c_Fvqimdc",
        "name" : "J P Knit & Stitch",
        "locationConfidence" : 0.032540146
      }, {
        "latitudeE7" : 423194390,
        "longitudeE7" : -711121610,
        "placeId" : "ChIJP5HqKHd544kRoPzuzF45ons",
        "name" : "CVS Pharmacy",
        "locationConfidence" : 0.024320185
      }, {
        "latitudeE7" : 423192307,
        "longitudeE7" : -711116486,
        "placeId" : "ChIJRwz0JXd544kRfgPs9GhrBv8",
        "name" : "Acapulco Restaurant",
        "locationConfidence" : 0.010368464
      }, {
        "latitudeE7" : 423215205,
        "longitudeE7" : -711109239,
        "placeId" : "ChIJ04n6DWx544kR3q8BOTHzN0Q",
        "name" : "Whole Foods Market",
        "locationConfidence" : 0.008150127
      }, {
        "latitudeE7" : 423193790,
        "longitudeE7" : -711120035,
        "placeId" : "ChIJ6WzKJ3d544kRgiEi4kaLwhE",
        "name" : "MoneyGram",
        "locationConfidence" : 0.006393943
      }, {
        "latitudeE7" : 423203312,
        "longitudeE7" : -711114794,
        "placeId" : "ChIJ3xpqGnd544kRYD-gbRLN3ww",
        "name" : "7-Eleven",
        "locationConfidence" : 0.0059244805
      } ],
      "editConfirmationStatus" : "NOT_CONFIRMED"
    }
  }, {
    "activitySegment" : {
      "startLocation" : {
        "latitudeE7" : 423197960,
        "longitudeE7" : -711119700
      },
      "endLocation" : {
        "latitudeE7" : 423258512,
        "longitudeE7" : -711201598
      },
      "duration" : {
        "startTimestampMs" : "1458359512255",
        "endTimestampMs" : "1458363480328"
      },
      "distance" : 6134,
      "confidence" : "MEDIUM",
      "activities" : [ {
        "activityType" : "WALKING",
        "probability" : 0.0
      }, {
        "activityType" : "CYCLING",
        "probability" : 0.0
      }, {
        "activityType" : "IN_VEHICLE",
        "probability" : 0.0
      }, {
        "activityType" : "FLYING",
        "probability" : 0.0
      }, {
        "activityType" : "SKATEBOARDING",
        "probability" : 0.0
      }, {
        "activityType" : "IN_GONDOLA_LIFT",
        "probability" : 0.0
      }, {
        "activityType" : "SLEDDING",
        "probability" : 0.0
      }, {
        "activityType" : "SNOWBOARDING",
        "probability" : 0.0
      }, {
        "activityType" : "SNOWMOBILE",
        "probability" : 0.0
      }, {
        "activityType" : "SNOWSHOEING",
        "probability" : 0.0
      }, {
        "activityType" : "SURFING",
        "probability" : 0.0
      }, {
        "activityType" : "SWIMMING",
        "probability" : 0.0
      }, {
        "activityType" : "WALKING_NORDIC",
        "probability" : 0.0
      }, {
        "activityType" : "IN_PASSENGER_VEHICLE",
        "probability" : 0.0
      }, {
        "activityType" : "MOTORCYCLING",
        "probability" : 0.0
      }, {
        "activityType" : "BOATING",
        "probability" : 0.0
      }, {
        "activityType" : "IN_WHEELCHAIR",
        "probability" : 0.0
      }, {
        "activityType" : "HORSEBACK_RIDING",
        "probability" : 0.0
      }, {
        "activityType" : "SKIING",
        "probability" : 0.0
      }, {
        "activityType" : "SKATING",
        "probability" : 0.0
      }, {
        "activityType" : "SAILING",
        "probability" : 0.0
      }, {
        "activityType" : "ROWING",
        "probability" : 0.0
      }, {
        "activityType" : "KITESURFING",
        "probability" : 0.0
      }, {
        "activityType" : "KAYAKING",
        "probability" : 0.0
      }, {
        "activityType" : "HIKING",
        "probability" : 0.0
      }, {
        "activityType" : "IN_FUNICULAR",
        "probability" : 0.0
      }, {
        "activityType" : "IN_CABLECAR",
        "probability" : 0.0
      }, {
        "activityType" : "IN_FERRY",
        "probability" : 0.0
      }, {
        "activityType" : "IN_TRAM",
        "probability" : 0.0
      }, {
        "activityType" : "IN_SUBWAY",
        "probability" : 0.0
      }, {
        "activityType" : "IN_TRAIN",
        "probability" : 0.0
      }, {
        "activityType" : "IN_BUS",
        "probability" : 0.0
      }, {
        "activityType" : "RUNNING",
        "probability" : 0.0
      } ],
      "waypointPath" : {
        "waypoints" : [ {
          "latE7" : 423196678,
          "lngE7" : -711120223
        }, {
          "latE7" : 423189086,
          "lngE7" : -711166229
        }, {
          "latE7" : 423132820,
          "lngE7" : -711205902
        }, {
          "latE7" : 423212051,
          "lngE7" : -711177902
        }, {
          "latE7" : 423200950,
          "lngE7" : -711220855
        }, {
          "latE7" : 423215904,
          "lngE7" : -711158370
        }, {
          "latE7" : 423217430,
          "lngE7" : -711121368
        } ]
      },
      "simplifiedRawPath" : {
        "points" : [ {
          "latE7" : 423188362,
          "lngE7" : -711167755,
          "timestampMs" : "1458360838206",
          "accuracyMeters" : 37
        }, {
          "latE7" : 423136330,
          "lngE7" : -711211929,
          "timestampMs" : "1458360972837",
          "accuracyMeters" : 40
        }, {
          "latE7" : 423215828,
          "lngE7" : -711176682,
          "timestampMs" : "1458362099164",
          "accuracyMeters" : 79
        }, {
          "latE7" : 423202057,
          "lngE7" : -711222687,
          "timestampMs" : "1458362495216",
          "accuracyMeters" : 40
        }, {
          "latE7" : 423169365,
          "lngE7" : -711178284,
          "timestampMs" : "1458362636129",
          "accuracyMeters" : 37
        }, {
          "latE7" : 423215752,
          "lngE7" : -711159286,
          "timestampMs" : "1458362888614",
          "accuracyMeters" : 23
        } ]
      },
      "editConfirmationStatus" : "NOT_CONFIRMED"
    }
  }, {
    "activitySegment" : {
      "startLocation" : {
        "latitudeE7" : 423218810,
        "longitudeE7" : -711124163
      },
      "endLocation" : {
        "latitudeE7" : 423345479,
        "longitudeE7" : -711457497,
        "placeId" : "ChIJL6P4T1N444kRUxwGfnTlDvI",
        "address" : "247 Fisher Ave\nBrookline, MA 02445\nUSA",
        "name" : "247 Fisher Ave",
        "semanticType" : "TYPE_HOME",
        "sourceInfo" : {
          "deviceTag" : 2132793100
        },
        "locationConfidence" : 99.950096
      },
      "duration" : {
        "startTimestampMs" : "1458363480328",
        "endTimestampMs" : "1458364098038"
      },
      "confidence" : "MEDIUM",
      "activities" : [ {
        "activityType" : "IN_PASSENGER_VEHICLE",
        "probability" : 0.0
      }, {
        "activityType" : "IN_VEHICLE",
        "probability" : 0.0
      }, {
        "activityType" : "CYCLING",
        "probability" : 0.0
      }, {
        "activityType" : "WALKING",
        "probability" : 0.0
      }, {
        "activityType" : "FLYING",
        "probability" : 0.0
      }, {
        "activityType" : "RUNNING",
        "probability" : 0.0
      }, {
        "activityType" : "IN_BUS",
        "probability" : 0.0
      }, {
        "activityType" : "IN_TRAIN",
        "probability" : 0.0
      }, {
        "activityType" : "IN_SUBWAY",
        "probability" : 0.0
      }, {
        "activityType" : "IN_TRAM",
        "probability" : 0.0
      }, {
        "activityType" : "IN_FERRY",
        "probability" : 0.0
      }, {
        "activityType" : "IN_CABLECAR",
        "probability" : 0.0
      }, {
        "activityType" : "IN_FUNICULAR",
        "probability" : 0.0
      }, {
        "activityType" : "HIKING",
        "probability" : 0.0
      }, {
        "activityType" : "KAYAKING",
        "probability" : 0.0
      }, {
        "activityType" : "KITESURFING",
        "probability" : 0.0
      }, {
        "activityType" : "ROWING",
        "probability" : 0.0
      }, {
        "activityType" : "SAILING",
        "probability" : 0.0
      }, {
        "activityType" : "SKATING",
        "probability" : 0.0
      }, {
        "activityType" : "SKIING",
        "probability" : 0.0
      }, {
        "activityType" : "SKATEBOARDING",
        "probability" : 0.0
      }, {
        "activityType" : "SLEDDING",
        "probability" : 0.0
      }, {
        "activityType" : "SNOWBOARDING",
        "probability" : 0.0
      }, {
        "activityType" : "SNOWMOBILE",
        "probability" : 0.0
      }, {
        "activityType" : "SNOWSHOEING",
        "probability" : 0.0
      }, {
        "activityType" : "SURFING",
        "probability" : 0.0
      }, {
        "activityType" : "SWIMMING",
        "probability" : 0.0
      }, {
        "activityType" : "WALKING_NORDIC",
        "probability" : 0.0
      }, {
        "activityType" : "MOTORCYCLING",
        "probability" : 0.0
      }, {
        "activityType" : "BOATING",
        "probability" : 0.0
      }, {
        "activityType" : "IN_WHEELCHAIR",
        "probability" : 0.0
      }, {
        "activityType" : "HORSEBACK_RIDING",
        "probability" : 0.0
      }, {
        "activityType" : "IN_GONDOLA_LIFT",
        "probability" : 0.0
      } ],
      "waypointPath" : {
        "waypoints" : [ {
          "latE7" : 423218917,
          "lngE7" : -711120986
        }, {
          "latE7" : 423346595,
          "lngE7" : -711230697
        }, {
          "latE7" : 423348770,
          "lngE7" : -711393890
        }, {
          "latE7" : 423344116,
          "lngE7" : -711450500
        } ]
      },
      "simplifiedRawPath" : {
        "points" : [ {
          "latE7" : 423347015,
          "lngE7" : -711228256,
          "timestampMs" : "1458363747401",
          "accuracyMeters" : 34
        }, {
          "latE7" : 423348885,
          "lngE7" : -711393738,
          "timestampMs" : "1458363990183",
          "accuracyMeters" : 19
        } ]
      },
      "editConfirmationStatus" : "NOT_CONFIRMED"
    }
  }, {
    "placeVisit" : {
      "location" : {
        "latitudeE7" : 423345479,
        "longitudeE7" : -711457497,
        "placeId" : "ChIJL6P4T1N444kRUxwGfnTlDvI",
        "address" : "247 Fisher Ave\nBrookline, MA 02445\nUSA",
        "name" : "247 Fisher Ave",
        "semanticType" : "TYPE_HOME",
        "sourceInfo" : {
          "deviceTag" : 2132793100
        },
        "locationConfidence" : 99.950096
      },
      "duration" : {
        "startTimestampMs" : "1458364098038",
        "endTimestampMs" : "1458516512550"
      },
      "centerLatE7" : 423346069,
      "centerLngE7" : -711458034,
      "visitConfidence" : 96,
      "otherCandidateLocations" : [ {
        "latitudeE7" : 423350470,
        "longitudeE7" : -711450518,
        "placeId" : "ChIJcRGiNVN444kRx2TCaPoBYgc",
        "name" : "Abromson Nissman Ltd",
        "locationConfidence" : 0.025855592
      }, {
        "latitudeE7" : 423350916,
        "longitudeE7" : -711488306,
        "placeId" : "ChIJlzvejVN444kRA845bwOxjVI",
        "name" : "Reservoir",
        "locationConfidence" : 0.016129823
      }, {
        "latitudeE7" : 423341714,
        "longitudeE7" : -711421518,
        "placeId" : "ChIJw-awhax544kR_4ClJ730FWw",
        "name" : "John D. Runkle School",
        "locationConfidence" : 0.0026285725
      }, {
        "latitudeE7" : 423363519,
        "longitudeE7" : -711431806,
        "placeId" : "ChIJx-F9F61544kRQrHqJTEJ8MU",
        "name" : "Jean B Waldstein Playground",
        "locationConfidence" : 0.0025858083
      }, {
        "latitudeE7" : 423361957,
        "longitudeE7" : -711489867,
        "placeId" : "ChIJkd5gx1N444kRf6sgO6DVYtw",
        "name" : "Cleveland Circle",
        "locationConfidence" : 6.237179E-4
      }, {
        "latitudeE7" : 423362656,
        "longitudeE7" : -711450621,
        "placeId" : "ChIJbWiE1VJ444kRAkuB-NQF0co",
        "name" : "Netresults Tennis",
        "locationConfidence" : 5.8582233E-4
      }, {
        "latitudeE7" : 423335109,
        "longitudeE7" : -711455187,
        "placeId" : "ChIJtQBepFR444kRscusnJxaTk4",
        "name" : "Cynthia Medeiros, LICSW",
        "locationConfidence" : 2.650485E-4
      }, {
        "latitudeE7" : 423365898,
        "longitudeE7" : -711437273,
        "placeId" : "ChIJUSFVI61544kRD8jCyKBM_Qo",
        "name" : "Strathmore Road Historic District",
        "locationConfidence" : 1.2336415E-4
      }, {
        "latitudeE7" : 423337611,
        "longitudeE7" : -711453306,
        "placeId" : "ChIJpR-HqVR444kRtez1en3WnXM",
        "name" : "J. Clarke Painting",
        "locationConfidence" : 1.1433115E-4
      } ],
      "editConfirmationStatus" : "NOT_CONFIRMED"
    }
  }, {
    "activitySegment" : {
      "startLocation" : {
        "latitudeE7" : 423345479,
        "longitudeE7" : -711457497,
        "placeId" : "ChIJL6P4T1N444kRUxwGfnTlDvI",
        "address" : "247 Fisher Ave\nBrookline, MA 02445\nUSA",
        "name" : "247 Fisher Ave",
        "semanticType" : "TYPE_HOME",
        "sourceInfo" : {
          "deviceTag" : 2132793100
        },
        "locationConfidence" : 99.950096
      },
      "endLocation" : {
        "latitudeE7" : 423465637,
        "longitudeE7" : -725289160,
        "placeId" : "ChIJays8c-fR5okRmylZzDik75U",
        "address" : "561 Riverglade Dr\nAmherst, MA 01002\nUSA",
        "name" : "561 Riverglade Dr",
        "sourceInfo" : {
          "deviceTag" : 2132793100
        },
        "locationConfidence" : 64.1035
      },
      "duration" : {
        "startTimestampMs" : "1458516512550",
        "endTimestampMs" : "1458523493978"
      },
      "confidence" : "MEDIUM",
      "activities" : [ {
        "activityType" : "IN_PASSENGER_VEHICLE",
        "probability" : 0.0
      }, {
        "activityType" : "IN_VEHICLE",
        "probability" : 0.0
      }, {
        "activityType" : "CYCLING",
        "probability" : 0.0
      }, {
        "activityType" : "FLYING",
        "probability" : 0.0
      }, {
        "activityType" : "WALKING",
        "probability" : 0.0
      }, {
        "activityType" : "RUNNING",
        "probability" : 0.0
      }, {
        "activityType" : "IN_BUS",
        "probability" : 0.0
      }, {
        "activityType" : "IN_TRAIN",
        "probability" : 0.0
      }, {
        "activityType" : "IN_SUBWAY",
        "probability" : 0.0
      }, {
        "activityType" : "IN_TRAM",
        "probability" : 0.0
      }, {
        "activityType" : "IN_FERRY",
        "probability" : 0.0
      }, {
        "activityType" : "IN_CABLECAR",
        "probability" : 0.0
      }, {
        "activityType" : "IN_FUNICULAR",
        "probability" : 0.0
      }, {
        "activityType" : "HIKING",
        "probability" : 0.0
      }, {
        "activityType" : "KAYAKING",
        "probability" : 0.0
      }, {
        "activityType" : "KITESURFING",
        "probability" : 0.0
      }, {
        "activityType" : "ROWING",
        "probability" : 0.0
      }, {
        "activityType" : "SAILING",
        "probability" : 0.0
      }, {
        "activityType" : "SKATING",
        "probability" : 0.0
      }, {
        "activityType" : "SKIING",
        "probability" : 0.0
      }, {
        "activityType" : "SKATEBOARDING",
        "probability" : 0.0
      }, {
        "activityType" : "SLEDDING",
        "probability" : 0.0
      }, {
        "activityType" : "SNOWBOARDING",
        "probability" : 0.0
      }, {
        "activityType" : "SNOWMOBILE",
        "probability" : 0.0
      }, {
        "activityType" : "SNOWSHOEING",
        "probability" : 0.0
      }, {
        "activityType" : "SURFING",
        "probability" : 0.0
      }, {
        "activityType" : "SWIMMING",
        "probability" : 0.0
      }, {
        "activityType" : "WALKING_NORDIC",
        "probability" : 0.0
      }, {
        "activityType" : "MOTORCYCLING",
        "probability" : 0.0
      }, {
        "activityType" : "BOATING",
        "probability" : 0.0
      }, {
        "activityType" : "IN_WHEELCHAIR",
        "probability" : 0.0
      }, {
        "activityType" : "HORSEBACK_RIDING",
        "probability" : 0.0
      }, {
        "activityType" : "IN_GONDOLA_LIFT",
        "probability" : 0.0
      } ],
      "waypointPath" : {
        "waypoints" : [ {
          "latE7" : 423344116,
          "lngE7" : -711450500
        }, {
          "latE7" : 421565399,
          "lngE7" : -719645080
        }, {
          "latE7" : 421861000,
          "lngE7" : -723479843
        }, {
          "latE7" : 422130622,
          "lngE7" : -723510513
        }, {
          "latE7" : 423467330,
          "lngE7" : -725287628
        } ]
      },
      "simplifiedRawPath" : {
        "points" : [ {
          "latE7" : 421566353,
          "lngE7" : -719643631,
          "timestampMs" : "1458519518959",
          "accuracyMeters" : 36
        }, {
          "latE7" : 421861458,
          "lngE7" : -723477554,
          "timestampMs" : "1458521592063",
          "accuracyMeters" : 40
        }, {
          "latE7" : 422130127,
          "lngE7" : -723507690,
          "timestampMs" : "1458521847945",
          "accuracyMeters" : 50
        } ]
      },
      "editConfirmationStatus" : "NOT_CONFIRMED"
    }
  }, {
    "placeVisit" : {
      "location" : {
        "latitudeE7" : 423465637,
        "longitudeE7" : -725289160,
        "placeId" : "ChIJays8c-fR5okRmylZzDik75U",
        "address" : "561 Riverglade Dr\nAmherst, MA 01002\nUSA",
        "name" : "561 Riverglade Dr",
        "sourceInfo" : {
          "deviceTag" : 2132793100
        },
        "locationConfidence" : 64.1035
      },
      "duration" : {
        "startTimestampMs" : "1458523493978",
        "endTimestampMs" : "1458571698662"
      },
      "centerLatE7" : 423464144,
      "centerLngE7" : -725288414,
      "visitConfidence" : 86,
      "otherCandidateLocations" : [ {
        "latitudeE7" : 423459330,
        "longitudeE7" : -725293230,
        "placeId" : "ChIJVa99eOfR5okRncqPCmM3Aw4",
        "name" : "Mill Valley Estates Rental Office",
        "locationConfidence" : 35.33181
      }, {
        "latitudeE7" : 423426926,
        "longitudeE7" : -725326909,
        "placeId" : "ChIJgXrYPSLO5okR4VmEvIvRRAM",
        "name" : "Hickory Ridge Maintenance Department",
        "locationConfidence" : 0.34175575
      }, {
        "latitudeE7" : 423431130,
        "longitudeE7" : -725286730,
        "placeId" : "ChIJF6F6DN3R5okRH4HUlB2jn9c",
        "name" : "Hickory Ridge Golf Club",
        "locationConfidence" : 0.17777386
      }, {
        "latitudeE7" : 423490560,
        "longitudeE7" : -725288770,
        "placeId" : "ChIJwwrBjObR5okRZb2UYPI5gog",
        "name" : "The Boulders (157)",
        "locationConfidence" : 0.026266154
      }, {
        "latitudeE7" : 423476796,
        "longitudeE7" : -725258161,
        "placeId" : "ChIJ6c4jL-HR5okR48RXyx0zaPM",
        "name" : "All About Learning LLC",
        "locationConfidence" : 0.017354004
      }, {
        "latitudeE7" : 423478990,
        "longitudeE7" : -725322280,
        "placeId" : "ChIJ_UY21ufR5okRAEZECBk5c3w",
        "name" : "Cameron Painting Inc",
        "locationConfidence" : 0.0015376138
      } ],
      "editConfirmationStatus" : "NOT_CONFIRMED"
    }
  } ]
}